stage6_sample_id	upstream_sample_locator	authored_content_sha256	reviewed_by	decision	notes
stage6_crudsql_0000	crudsql:test:0584:a7d29bf33b0611e9a963f40f24344a08:df804272cb4d1949	c2b7e042f7bd0d4c41792c3a680592edf11195a41aca988f05565a6a9eee0efe	R02	rejected	INCORRECT_VALUE_MAPPING: NL names the event as 第十二届中国（西部）电子信息博览会; gold changes the project name to 2024年第十二届中国（西部）电子信息博览会.
stage6_crudsql_0001	crudsql:test:0585:a7d29bf33b0611e9a963f40f24344a08:612d7fac6002f372	6db60ca3cf7d31b00f3cd3b23492cd6f1ace741fa09250b2dac3484ff607b0db	R02	approved	
stage6_crudsql_0002	crudsql:test:0586:a7d29bf33b0611e9a963f40f24344a08:03db905bc7863bb9	ec8e63be9db8adb21b369cbc8ed214f2e133bb88dd563a1ac87b0e87925d0c73	R02	approved	
stage6_crudsql_0003	crudsql:test:0587:a7d29bf33b0611e9a963f40f24344a08:94ccde97d7a9bdd4	463c065f3b819fa136cd350698b3b76e64d28bcc7f62b29d622de2d332da1087	R02	approved	
stage6_crudsql_0004	crudsql:test:0588:a842703a3b0611e9aee6f40f24344a08:fa39240134f1f1b7	7be4336cfa165a0fe0baf68490fd8e70e95b2d671bb3fd40e30d321afcc76e88	R02	approved	
stage6_crudsql_0005	crudsql:test:0589:a842703a3b0611e9aee6f40f24344a08:11a155d2c30a5034	f571a229bf2fda007b68a65a59dfd1398965e2377b546235252657a7d3649e5a	R02	approved	
stage6_crudsql_0006	crudsql:test:0590:a842703a3b0611e9aee6f40f24344a08:dcf684c3236a408f	f73d0e98d1e34c7541ce67984093f74baac6d92afd701f18eb3cd2f77e5b2ea7	R02	approved	
stage6_crudsql_0007	crudsql:test:0591:a842703a3b0611e9aee6f40f24344a08:ab31606409bb1573	a45dc3e08dac9ca0cd702f646ffe4328967705d9eb5a98169abac99e55f6550f	R02	approved	
stage6_crudsql_0008	crudsql:test:0592:a8477d783b0611e996b9f40f24344a08:5900b3bd0d7136f9	05666109410f8380fb4eee54cf56e09a89b5c114ebe28041af2bc19261a602fa	R02	approved	
stage6_crudsql_0009	crudsql:test:0593:a8477d783b0611e996b9f40f24344a08:2bd60d06bff327f5	ac6d8d5ad92428020cec8f5138010530a3a9ba991323c4a631638e669106ce12	R02	approved	
stage6_crudsql_0010	crudsql:test:0594:a8477d783b0611e996b9f40f24344a08:ff4b5f0afcc28b49	4213fd2812c8f524eefc6456288921bb4082dc10c5afb54bd5f9eff221fb7487	R02	approved	
stage6_crudsql_0011	crudsql:test:0595:a8477d783b0611e996b9f40f24344a08:368c0c5223088acc	9d41a3efcbd906d6bc2bc11ec0d34014d733a7be510ca83d49ba022f9cc59cc4	R02	approved	
stage6_crudsql_0012	crudsql:test:0596:a84b9b1c3b0611e983c1f40f24344a08:1d2150fda9e510c5	61c27f7f4dc09803bf05379c8f40d8e22340d54cf2dfcb9a4039a45331a301bd	R02	approved	
stage6_crudsql_0013	crudsql:test:0597:a84b9b1c3b0611e983c1f40f24344a08:69bdce9120e7795d	81522a21fb0d25922209a77c8c08c01d709bc7e9733c36fccc1724576ad27af9	R02	approved	
stage6_crudsql_0014	crudsql:test:0598:a84b9b1c3b0611e983c1f40f24344a08:d755a2ebde0671e9	0b1259819d321431a54af7095a5cc23bbf1ec55377cb2dcc016a88f21ec73521	R02	rejected	EXTRA_UNSUPPORTED_FIELD: NL does not specify 招考人数=2 for the Italian-language position, but gold inserts it.
stage6_crudsql_0015	crudsql:test:0599:a84b9b1c3b0611e983c1f40f24344a08:15eeb23adf2dad68	868816752d8736dfe9bd408d579ff61e365e0470f900ad4f39ead27d52e0c7e3	R02	approved	
stage6_crudsql_0016	crudsql:test:0600:a863094f3b0611e9bbbaf40f24344a08:38cc0cf6bdfd8eac	ecc78e29bbddbccd240fbdd290056e3dae10f514b8c50696878c089baf6b6ee5	R02	approved	
stage6_crudsql_0017	crudsql:test:0601:a863094f3b0611e9bbbaf40f24344a08:93577649d555370b	8e508f0b4c70b46f0e63a3f95a5fd9b349dd3d9ebd7f7cde0ea94e390e49fafe	R02	approved	
stage6_crudsql_0018	crudsql:test:0602:a863094f3b0611e9bbbaf40f24344a08:bd815f73e21de3f3	3325b3d38b6c27ee16690e7d492e6f69c47a6cdfe49f9370047e4bc3e0845286	R02	approved	
stage6_crudsql_0019	crudsql:test:0603:a863094f3b0611e9bbbaf40f24344a08:75ee3acf956a5570	98dde6593ec57c2d9ab471a983adf65da0c5f4f3f2f696622a942b6a373a083e	R02	approved	
stage6_crudsql_0020	crudsql:test:0604:a8be3a9e3b0611e98926f40f24344a08:567c55b360c86e2b	4f63090bbf254ddcb578e108acb192588fcd476b190f8d984b4e57418ed87aa0	R02	approved	
stage6_crudsql_0021	crudsql:test:0605:a8be3a9e3b0611e98926f40f24344a08:14b6236265769006	18c2abec77b986614bdd159b2e1f8432b9a7a284b1854c8ebad877f28f946917	R02	approved	
stage6_crudsql_0022	crudsql:test:0606:a8be3a9e3b0611e98926f40f24344a08:272fa99533169873	40cda4c6bb34129f4941f76cf932e1c2083b822d62a2332cf6c1586b55d6fffb	R02	approved	
stage6_crudsql_0023	crudsql:test:0607:a8be3a9e3b0611e98926f40f24344a08:846148f71bd1ad46	483354c7c7804acf1f4fbb7b8aacc65871c28fb958b4004b357cbf0a7676a8f2	R02	approved	
stage6_crudsql_0024	crudsql:test:0608:a8c5a0873b0611e983dbf40f24344a08:49bfb777b8d31370	b12365dfb9eddaf7657811c37500b186638ecc839d72d52b7da4b0053e7f6422	R02	approved	
stage6_crudsql_0025	crudsql:test:0609:a8c5a0873b0611e983dbf40f24344a08:f8a2cf0dfdf8cd1f	a81bb5c471504440181e0717b1d2e84bd9c3070a8952acd0721726b46248a86a	R02	approved	
stage6_crudsql_0026	crudsql:test:0610:a8c5a0873b0611e983dbf40f24344a08:93c6277d0dd4eadb	174d681ec7e29d82528677d3f2c282a6324b0db833e8434d46fb0f81963735ae	R02	approved	
stage6_crudsql_0027	crudsql:test:0611:a8c5a0873b0611e983dbf40f24344a08:0554b4037dbe887f	4954c3e2a0451f4afa38a24f2ef0ce48b1786a1af1df581fdcddce6ac4108323	R02	approved	
stage6_crudsql_0028	crudsql:test:0612:a9344ede3b0611e9a282f40f24344a08:df92671a2039c67d	8fa17985515d342e5c6340dd22c9146e91f667cdc88a9c4d1876cdbf9c0edf81	R02	approved	
stage6_crudsql_0029	crudsql:test:0613:a9344ede3b0611e9a282f40f24344a08:e6c648fba9ec7b7f	de51baca8354318edc5a362e343cbd1d86cb4da62f156afc3170f3efc219a4ca	R02	approved	
stage6_crudsql_0030	crudsql:test:0614:a9344ede3b0611e9a282f40f24344a08:2121bbbdacaa330f	c6d6c06a7659712a955dbb7cf301721013d5cba3d584999ecee26202307a13aa	R02	approved	
stage6_crudsql_0031	crudsql:test:0615:a9344ede3b0611e9a282f40f24344a08:20bcb58317d71775	c17fb7646e6d46d717ba4dbf2f4115df190523970c955f08811625aeec5d8387	R02	approved	
stage6_crudsql_0032	crudsql:test:0616:a9380fae3b0611e981f6f40f24344a08:da9ee4269b1a7646	fe4d9c0be500299cd031cbe43340e76c78e6807fd946801764a823de36093342	R02	approved	
stage6_crudsql_0033	crudsql:test:0617:a9380fae3b0611e981f6f40f24344a08:2f7de4cf9537772a	29be4e88582a93505ece64f81763624e0c2ed6a108e15947fda1926940336049	R02	approved	
stage6_crudsql_0034	crudsql:test:0618:a9380fae3b0611e981f6f40f24344a08:a632534920da9898	eab15bc38661a9eaf9c176000a7dc6a91c919233715e8da32c9f10adee52a67c	R02	approved	
stage6_crudsql_0035	crudsql:test:0619:a9380fae3b0611e981f6f40f24344a08:1aa97de209f156d5	63664f9409c1ed0a1c5ac2d94850161e8b3ede7684079ebe5eb9f1ca927870b2	R02	approved	
stage6_crudsql_0036	crudsql:test:0620:a964f15e3b0611e9a23ff40f24344a08:a08b32515bb72f74	726c8e365e73f9aec4ee56f37a160cedbd8f55330ad98fc980f3f2b7f740e32e	R02	approved	
stage6_crudsql_0037	crudsql:test:0621:a964f15e3b0611e9a23ff40f24344a08:4284f8f1e990cf48	25bb66fe8484f4b9da17fd37013a81e3be24f441495bf7230aa9a6583d5a22b4	R02	approved	
stage6_crudsql_0038	crudsql:test:0622:a964f15e3b0611e9a23ff40f24344a08:549b114ec0a17eb4	c86ac9849b07a4e9c5262e6ed464e0f6ced16e54e86278fef3a537eab4d9c541	R02	approved	
stage6_crudsql_0039	crudsql:test:0623:a964f15e3b0611e9a23ff40f24344a08:79ca8115aed51091	30825ca4bfa2e2af1d771115c955c9e8d7b92e202cacbb082a9b4422ad8945e7	R02	approved	
stage6_crudsql_0040	crudsql:test:0624:a995fe023b0611e9a75bf40f24344a08:1f014b87992cdcc0	5777198d34a62506658976c1b6d303e4a41cffc76aa14bc7eb00bb3e607441b3	R02	approved	
stage6_crudsql_0041	crudsql:test:0625:a995fe023b0611e9a75bf40f24344a08:d3d15e7bc635dd57	d6e26de241019c5487e7ab42ed228f70ade2cb7eeac01d016dc594d4a0d756c0	R02	approved	
stage6_crudsql_0042	crudsql:test:0626:a995fe023b0611e9a75bf40f24344a08:c36b9277ba6303ac	f032eb32136e8266376b0e5c55cef93e123667e30373b352dfaf066899990a7a	R02	approved	
stage6_crudsql_0043	crudsql:test:0627:a995fe023b0611e9a75bf40f24344a08:01040a9e6224e6a0	2d3569b0ac7504623d29c87c030a6f4dc3780d3869289e7d4a98d83873bde75b	R02	approved	
stage6_crudsql_0044	crudsql:test:0628:a99c46cf3b0611e9b51df40f24344a08:7bee9279f7e2b5ad	6bc1752d3a49667d1ba98ad080382498188a5a32b59a9e1657e1c9ad091b24a5	R02	approved	
stage6_crudsql_0045	crudsql:test:0629:a99c46cf3b0611e9b51df40f24344a08:2e21efab4b5f46da	b7c811dad2e61e776bc16f2d96ee0c27c529aeb4c70d93d61f7cf04544f07e87	R02	approved	
stage6_crudsql_0046	crudsql:test:0630:a99c46cf3b0611e9b51df40f24344a08:590de64f82e14ae1	f46a163d3966bcd22452ade18806c992f0bd8dfa2358ec35f121103a1bfb0fc1	R02	approved	
stage6_crudsql_0047	crudsql:test:0631:a99c46cf3b0611e9b51df40f24344a08:9a0d7c7f7b2cf613	f7ff574db3fb4c4fffa7da4fc243087ee227a9aae275e0df923f8486adf87f00	R02	approved	
stage6_crudsql_0048	crudsql:test:0632:a9b45e803b0611e98731f40f24344a08:7d65508f61ee8de3	432f795f1daedef53aaff313ff958aa33112a78dc45d20437f50ff2d2da4002a	R02	approved	
stage6_crudsql_0049	crudsql:test:0633:a9b45e803b0611e98731f40f24344a08:a41e9d13905b01cf	25f281109144af0c0c6eee43fed34042fb474b0e51d722c5743324fbcdaca153	R02	approved	
stage6_crudsql_0050	crudsql:test:0634:a9b45e803b0611e98731f40f24344a08:e02cef6966cc0e7a	cfa248f99ccf9bfff65e1f88d3a2dd12bae6e05e066ba446c30988e59db212b8	R02	approved	
stage6_crudsql_0051	crudsql:test:0635:a9b45e803b0611e98731f40f24344a08:a12a8b8e052bef74	57971806d04efec6c66aa4acb5326e7746bf5ac33ba26d01e2481f01ec6cf958	R02	approved	
stage6_crudsql_0052	crudsql:test:0636:a9c71dfd3b0611e98806f40f24344a08:bf939af12ca92dbc	7278e9e3be5f26c454f94a48b370ed1f22cbb444a685fe349f6de3cf9fbcd2ac	R02	approved	
stage6_crudsql_0053	crudsql:test:0637:a9c71dfd3b0611e98806f40f24344a08:9d9acfd1773ceead	3c22f4e4f54a5ce295beaee8ec52b5ac034472e2f27562742d8d236abb61a47c	R02	approved	
stage6_crudsql_0054	crudsql:test:0638:a9c71dfd3b0611e98806f40f24344a08:4e884994f4f48254	d163cdc0fe575898c2b029e41ebcca608485b35078994297c7e7639431f1a3c2	R02	approved	
stage6_crudsql_0055	crudsql:test:0639:a9c71dfd3b0611e98806f40f24344a08:ca02dd6425d73dc4	e3d64b3445b96424bafdd92b3058e228fd4f0c13593e61402f23fa636fab1d03	R02	approved	
stage6_crudsql_0056	crudsql:test:0640:abac4db03b0611e99a64f40f24344a08:823535645f184b6e	fca2a1b354964666647cbd3b14aa8793122192be71f8e89ad4103cd4ae4a6eab	R02	approved	
stage6_crudsql_0057	crudsql:test:0641:abac4db03b0611e99a64f40f24344a08:01db75c400216f53	e743ec8ea71635bf3e1e2309d8a8277e66c52de5edc655f45d5ebbc107e256a4	R02	approved	
stage6_crudsql_0058	crudsql:test:0642:abac4db03b0611e99a64f40f24344a08:1b4e140a7f107af1	49411086f83413f9abdcc8c11b92cb41d3b090d1cb25cc0a892a95238e1d2163	R02	approved	
stage6_crudsql_0059	crudsql:test:0643:abac4db03b0611e99a64f40f24344a08:e10dcbddb92ddfc3	4066ecdf4bf0589e35b8fad6adfe1b008bb5db55cfc2a8670728547b4f72127b	R02	approved	
stage6_crudsql_0060	crudsql:test:0644:ef828735453d11e9b24ff40f24344a08:484387e91c1329c3	e64d071c989583d60a2117727f41d8420d4685b48aa7933bdb3dcc8f2b24ddf1	R02	approved	
stage6_crudsql_0061	crudsql:test:0645:ef828735453d11e9b24ff40f24344a08:5ab198633c3e83bc	4ceb43bd677dd236300a500e3b8bf75e165c0cea5adfa65ecb52f49970b08cf0	R02	approved	
stage6_crudsql_0062	crudsql:test:0646:ef828735453d11e9b24ff40f24344a08:4f4e2da883b05be9	386c73451b403ba1cd93984cdde619a4228498274dd0a16b694a79257c755875	R02	approved	
stage6_crudsql_0063	crudsql:test:0647:ef828735453d11e9b24ff40f24344a08:ec971d323a249963	386e1478e1630f89a1deebdc0bf8a5532fa2b00116fabf48612b030864cde626	R02	approved	
stage6_crudsql_0064	crudsql:test:0648:f16110de453d11e98d52f40f24344a08:15b1ddcdca2eecfc	2ebcc2e5e2e0e7e1316c94be6e2f06d243bc4859fbb9de17ad6d85d532e3e23b	R02	approved	
stage6_crudsql_0065	crudsql:test:0649:f16110de453d11e98d52f40f24344a08:4ab561051deff861	5c498271b26c4827e9ee6643817f30f52d97878e3cc734a5d772ff91962b97db	R02	approved	
stage6_crudsql_0066	crudsql:test:0650:f16110de453d11e98d52f40f24344a08:821a9bff4ee2eaa7	b8869e1d15fea930b34b29d8d2d4b1274fc6046dd1329dc527548068b8cddfae	R02	approved	
stage6_crudsql_0067	crudsql:test:0651:f16110de453d11e98d52f40f24344a08:f84ab9bab4704798	4a2f959a4235bdab9766d5ce022cbc50a1e295a1306ec76f863cf35971c4c0ed	R02	approved	
stage6_crudsql_0068	crudsql:test:0652:f3263a70453d11e98d96f40f24344a08:c3068b9f8e38ccaf	e61c932e621cda8dfcd5f24366b280ea2f811d70ac41353b84190593d4a6a9de	R02	approved	
stage6_crudsql_0069	crudsql:test:0653:f3263a70453d11e98d96f40f24344a08:7829a2d48c936a15	a64047956894fdc339ab69cfbe175d5d2c7bca1a1a61e1fdd1e582d4f803e5ab	R02	approved	
stage6_crudsql_0070	crudsql:test:0654:f3263a70453d11e98d96f40f24344a08:6560f1f9f81116d4	78b8f2da63c4e55d6633adfc647f7df39cea5f6430178ffbd41b1a421c794c0f	R02	rejected	INCORRECT_VALUE_MAPPING: NL states 数学均分=110, but gold writes 数学=70.
stage6_crudsql_0071	crudsql:test:0655:f3263a70453d11e98d96f40f24344a08:d9b618e87193e0bf	56e1943b14fe0dd2a10bc2342144c56dc00b4af7fe7d1e256c4cf6ed70c05569	R02	approved	
stage6_crudsql_0072	crudsql:test:0656:f45d8ed4453d11e98572f40f24344a08:3c417fc5caa1d830	322309a469da42ae8ebe09b15a2bc393de9042064f0f6b0f42a92d3d64b99a98	R02	approved	
stage6_crudsql_0073	crudsql:test:0657:f45d8ed4453d11e98572f40f24344a08:3bb333c81a4f6ba1	99a0594d1d4bb5290d0c7cfdfaa5a97a7a4b23f6112aaca5c942cd6a1b4930d6	R02	approved	
stage6_crudsql_0074	crudsql:test:0658:f45d8ed4453d11e98572f40f24344a08:f339500a23350f1b	b716204d7f66ee1e4c5047027a78d11c2808c3ce383ed79702f032734ab505f1	R02	approved	
stage6_crudsql_0075	crudsql:test:0659:f45d8ed4453d11e98572f40f24344a08:b6f55c2f59fde5f9	8963b6c7290618a106c32f590473b05824ed42c2274b2cbb395cab96776163de	R02	approved	
stage6_crudsql_0076	crudsql:test:0660:f5316ef0453d11e9b6ccf40f24344a08:564cfa318f7cae2a	a7ae4e00921cedb7362ac5ca635c76878bdc3c76ffe80a7e1957da17aa6f86bb	R02	approved	
stage6_crudsql_0077	crudsql:test:0661:f5316ef0453d11e9b6ccf40f24344a08:2c3fb5b9c8459962	06cb47e65e5a058067e97c93f9b654fade4e79c691ed68f0ddde41ac1980685e	R02	approved	
stage6_crudsql_0078	crudsql:test:0662:f5316ef0453d11e9b6ccf40f24344a08:6a1434f0aeb3e2c1	a6be1cc4b30ab103acafb51302e07bff6117183b5cafe624789e2f33adce68a8	R02	approved	
stage6_crudsql_0079	crudsql:test:0663:f5316ef0453d11e9b6ccf40f24344a08:fe2bd3222ffc162d	21065f4c8595ddf512a5509183bee7ed67068a3ad24c6240a2c8253be27dd6e1	R02	approved	
stage6_crudsql_0080	crudsql:test:0664:0155fb21351311e9aae2542696d6e445:b9575e27af9521ee	c73495b3e64f5c91ab5ab843b59a9a9f6c94273f0ac01d3fec4b724f7fac86bc	R02	approved	
stage6_crudsql_0081	crudsql:test:0665:0155fb21351311e9aae2542696d6e445:d1fcf6dea5b9745d	2335ba56ca60429101432df6cba5012e9a7a4a98ae033c0d4390b03c63c052bc	R02	approved	
stage6_crudsql_0082	crudsql:test:0666:0155fb21351311e9aae2542696d6e445:8899e554ff13946f	cadf2868f591bbbe2f951773185408fdaeb259f635b9b9b6409c0ecce98f6ee3	R02	approved	
stage6_crudsql_0083	crudsql:test:0667:0155fb21351311e9aae2542696d6e445:149307500016c76a	f4b6ad424f4069e00a4b3e1f3c024e7eaacb1bdf908417bf76cc5c8a47947c9c	R02	approved	
stage6_crudsql_0084	crudsql:test:0668:4d258f803aaa11e9af1cf40f24344a08:ac82079292e2e510	d9f242bb2f060fc45cd5749568ec453470ca51e0cd971083d8c305659b8134d1	R02	rejected	SOURCE_TASK_INVALID: The target table is explicitly the 2019/1/14-2019/1/20 box-office TOP10, while the NL states the film opened in mainland China on 2023-08-30.
stage6_crudsql_0085	crudsql:test:0669:4d258f803aaa11e9af1cf40f24344a08:7865853b25424fc1	568c100dcd2062af5b39020958ed0a9ac34d4f5faef50a5fe85b765febd69810	R02	rejected	NORMALIZATION_ERROR: Full table rows store 累计票房 on the same 万-scale as the source values despite the mislabeled 亿 header; NL gives 220740万元 but gold writes 22.0740.
stage6_crudsql_0086	crudsql:test:0670:4d258f803aaa11e9af1cf40f24344a08:59484faf0a607423	92c2a5122656d4f1619ebe90fcdda8d57dda7128247cf13e1f0aee81638b6daa	R02	rejected	SOURCE_TASK_INVALID: The target table is explicitly the 2019/1/14-2019/1/20 box-office TOP10, while the NL explicitly describes a 2021 National Day film.
stage6_crudsql_0087	crudsql:test:0671:4d258f803aaa11e9af1cf40f24344a08:dd8cd854c8797c0e	74034d9f085555b4a4bf2520f0cbab36c4a7dc968e400c66903549f8273314ac	R02	approved	
stage6_crudsql_0088	crudsql:test:0672:4d25c7783aaa11e9a27af40f24344a08:e11f2468bc4511fb	4283ba2c32360fa57e31a32f180e98755e87f2a0fddf683bb9142ae34647e4e2	R02	approved	
stage6_crudsql_0089	crudsql:test:0673:4d25c7783aaa11e9a27af40f24344a08:444204a01e4ba9d9	ece675548022279a236d345846f34183dcf60a0023d8e154c5b229c88a13a411	R02	approved	
stage6_crudsql_0090	crudsql:test:0674:4d25c7783aaa11e9a27af40f24344a08:b06f4bcd7f2215fe	991a476e9aff3c81fe019b6b4a74d847ae974812afe9d5f5a297a4723b51372c	R02	approved	
stage6_crudsql_0091	crudsql:test:0675:4d25c7783aaa11e9a27af40f24344a08:5a7d8197aa4bbc7a	56db94dcaf835615e1011644dcfa046b03506c90ff4cae690c6a16227d5d393d	R02	approved	
stage6_crudsql_0092	crudsql:test:0676:4d285ad93aaa11e9912bf40f24344a08:7a1ff0fe2b6cce1e	2f6ec42a6c7583b2629b7eca0d89b8cba85e5ebf217d9e3d34e47f5506736680	R02	approved	
stage6_crudsql_0093	crudsql:test:0677:4d285ad93aaa11e9912bf40f24344a08:7129064f7ab9d15c	646543b7062616c7ef88ed5ade01fce089da75d13044fa0fcb19e74201169fb2	R02	approved	
stage6_crudsql_0094	crudsql:test:0678:4d285ad93aaa11e9912bf40f24344a08:73c0ac2c137f08a4	401a224e227914d06db00ac01892b7846e9b95408d60fa60816f750cbad1fe9b	R02	approved	
stage6_crudsql_0095	crudsql:test:0679:4d285ad93aaa11e9912bf40f24344a08:a316902743d16b19	d445e874ed2a42e588cee5c9e4b8baff4566895ba7c85d5c0245479306a3df73	R02	approved	
stage6_crudsql_0096	crudsql:test:0680:4d2879803aaa11e9ae5bf40f24344a08:bb3c93ed1327f64f	e964e87afa6b2511d7d248b5732635fbf336fe02fded989bec8b53205c6c0d5d	R02	approved	
stage6_crudsql_0097	crudsql:test:0681:4d2879803aaa11e9ae5bf40f24344a08:89be27012797133b	e24e5ce135c6e52bdd72423d0acae7bb13adb085478190508f1b43803f87648f	R02	approved	
stage6_crudsql_0098	crudsql:test:0682:4d2879803aaa11e9ae5bf40f24344a08:cfb01b83f38e70a5	3895a2ed06bc9ab7c61a72f690c8a01c1150b4c1c9b1a98e475d9ddd140a16df	R02	approved	
stage6_crudsql_0099	crudsql:test:0683:4d2879803aaa11e9ae5bf40f24344a08:6ed6cdbb502ef201	24e2e117d4a32b0b914b86ed99f2f9648afba88504d2bffb0af0aad89955d0e3	R02	approved	
stage6_crudsql_0100	crudsql:test:0684:f03a3f4f453d11e98710f40f24344a08:54bc2549e11464e7	a981c36a41fbe5c74bd0a63dc0fbecbfbe795319ba9b609cf67ad1e3e43903fc	R02	approved	
stage6_crudsql_0101	crudsql:test:0685:f03a3f4f453d11e98710f40f24344a08:a1a9ce48bbf36a27	52e656ee9220de5b72e98e7c6c2beedcf3e52b3ac881c1d0027996fd8e025ce2	R02	approved	
stage6_crudsql_0102	crudsql:test:0686:f03a3f4f453d11e98710f40f24344a08:93daa1a6d19d9bed	9df43f5bfa73b625229ac894758e5b115fd4e01913ac6e9dabb3091154c80c38	R02	approved	
stage6_crudsql_0103	crudsql:test:0687:f03a3f4f453d11e98710f40f24344a08:522e7cf564d85d90	30a34b1367791ddf649cbee9d80cfe74425dd4cf0e51a6a2131e4d142758be3f	R02	approved	
stage6_crudsql_0104	crudsql:test:0688:ef98b3ee453d11e9b7faf40f24344a08:df1f50311706760c	af8b1d28aafaaeeca7b45ee4cda338d55396c4f2b7a14487f952c454ceeeeb16	R02	approved	
stage6_crudsql_0105	crudsql:test:0689:ef98b3ee453d11e9b7faf40f24344a08:14f4b3abe223aed2	f510c9ac743a2e72af3fe326a6bae4189a768e7e99681914c9b66af44a9e5b21	R02	approved	
stage6_crudsql_0106	crudsql:test:0690:ef98b3ee453d11e9b7faf40f24344a08:5876886a69482a4b	1452f865bd5091418248b9a99271a66087b2c4ac43111d7eaefa24d721d23e8d	R02	approved	
stage6_crudsql_0107	crudsql:test:0691:ef98b3ee453d11e9b7faf40f24344a08:b6cab4080f53f90f	1870f4e61a1617e8cb67bc65051377f9a20fb896e0b29ecad130d8f1b4e38072	R02	approved	
stage6_crudsql_0108	crudsql:test:0692:a846c2d73b0611e99c8df40f24344a08:e1166132d06b6271	77fbfad34b623453d6c37d82ecbaf569b2b91d48fd3ebf7190d5594b2b237f09	R02	approved	
stage6_crudsql_0109	crudsql:test:0693:a846c2d73b0611e99c8df40f24344a08:0bf2b030d598b16c	71910eb542358ebc1795be13c38291bd7ff0e9575c13777d6df92fd52e305490	R02	rejected	INCORRECT_VALUE_MAPPING: NL says 广州大学城体育中心体育场 is a 体育场, but gold inserts 场馆类型=体育馆.
stage6_crudsql_0110	crudsql:test:0694:a846c2d73b0611e99c8df40f24344a08:1bfa88f2d698eb92	a30c6652154b1ee023963dbe6c404701108c16986d21257e98fc77b8e488d33b	R02	approved	
stage6_crudsql_0111	crudsql:test:0695:a846c2d73b0611e99c8df40f24344a08:b514c80bcfc35e2c	8c63403696782c03b81c4edb3e13fc66a7fb98fc1c7cb51005879208d62a92de	R02	approved	
stage6_crudsql_0112	crudsql:test:0696:f66a0ef0453d11e9ab03f40f24344a08:5ea08517ae7df068	525ddbd27666fc640a9eb3324b8b6bf0241e2347e059f8590bb8e29abe78fb1f	R02	approved	
stage6_crudsql_0113	crudsql:test:0697:f66a0ef0453d11e9ab03f40f24344a08:559020d97cb57937	8fadf9d420457ddbe107d80e58df4745376186e2bd5a9773f76fba58aed57738	R02	approved	
stage6_crudsql_0114	crudsql:test:0698:f66a0ef0453d11e9ab03f40f24344a08:de912bce350d2811	6d114736afd2e3fd19d066492e986da1a5a443b544c0ae2cf5d30f40bf00dc9a	R02	approved	
stage6_crudsql_0115	crudsql:test:0699:f66a0ef0453d11e9ab03f40f24344a08:0fd931d2d096b486	a757da2ccd13e93fae2f5bc172c6c784676f2bd249e50a72a4bc5ead44981f47	R02	approved	
stage6_crudsql_0116	crudsql:test:0700:4d240f593aaa11e9be91f40f24344a08:ab0430776a6a894e	d4928f2e9dc6bbce249ebc9eb5d4aa2dcb4a9f5eca03dae8f7a8d2432747a816	R02	approved	
stage6_crudsql_0117	crudsql:test:0701:4d240f593aaa11e9be91f40f24344a08:7e0ca4b9cff0515d	7abeff79fb47bc6a8f093aeb7289df7c4e20dfe0241d03e03a4dba368adee55d	R02	approved	
stage6_crudsql_0118	crudsql:test:0702:4d240f593aaa11e9be91f40f24344a08:e663297473ac530b	6e150ff49445e0a84f15331054b0680aed12742abb71150845517d50b95054c4	R02	approved	
stage6_crudsql_0119	crudsql:test:0703:4d240f593aaa11e9be91f40f24344a08:88a072aac48fa8f3	3f426743c1a59a13557bcce976168ac5469cb09fe1458724c86bbbe1f43272eb	R02	approved	
stage6_crudsql_0120	crudsql:test:0704:4d28edfd3aaa11e9a2edf40f24344a08:8cf2684c06684d45	08d5b1c6d38a7c75c003335c7c5917a5bd8415d78d855728fb6ab6ef04b79e8e	R02	approved	
stage6_crudsql_0121	crudsql:test:0705:4d28edfd3aaa11e9a2edf40f24344a08:734365c9f96c9e3a	8ba729223e79d9bca37d931a46ef4c130442d002fc0edd74926b4cad68351913	R02	approved	
stage6_crudsql_0122	crudsql:test:0706:4d28edfd3aaa11e9a2edf40f24344a08:05f2f664268f54d9	96ee8f10a02adb06871b97e39be80efaf720647e5c0a71664938fef5238c2ad4	R02	approved	
stage6_crudsql_0123	crudsql:test:0707:4d28edfd3aaa11e9a2edf40f24344a08:6f026efd55111da1	3ec4a655729ff9a8892233c9a9d1a404dd57d92ea3f3ada7142cb198b0dd3621	R02	approved	
stage6_crudsql_0124	crudsql:test:0708:ef10b14a453d11e9ba1ff40f24344a08:d3f7e66ea3507b4c	774466cb5b11427521d932465344d351a0f7796082ed8b062db87878423f3801	R02	approved	
stage6_crudsql_0125	crudsql:test:0709:ef10b14a453d11e9ba1ff40f24344a08:77fc295c70b03d75	9ac55b848ea47d5922b4fff48874528e277f9e72dd02bf2fc89cf90f3c496525	R02	approved	
stage6_crudsql_0126	crudsql:test:0710:ef10b14a453d11e9ba1ff40f24344a08:f19ed8c58779aa41	151b2d8b399f612aa53a27291c2a91d3e831483c5715abba55966147c41f11fb	R02	approved	
stage6_crudsql_0127	crudsql:test:0711:ef10b14a453d11e9ba1ff40f24344a08:f3a7c39c041aeecf	25825c20c6ae04f3717827351f1093475b4bc7a0f98f6712a97408ec67571da0	R02	approved	
stage6_crudsql_0128	crudsql:test:0712:abb0238f3b0611e99768f40f24344a08:d6deb2b0ef704017	994af06c316d7cb972170e502ef407b150bf38c5b471f2955d25b3e93b4cc854	R02	approved	
stage6_crudsql_0129	crudsql:test:0713:abb0238f3b0611e99768f40f24344a08:18eb4380cad5d224	2d3678f670941f680c12ff30a8f43e889e5434d20e8efc84a3f18d28b2e19112	R02	approved	
stage6_crudsql_0130	crudsql:test:0714:abb0238f3b0611e99768f40f24344a08:7b0b90e10b000a6f	a7aeeaaa93ab53bb895f0f4b345ceb6eec314a53e3c22d0f4774c0440e39a8fc	R02	approved	
stage6_crudsql_0131	crudsql:test:0715:abb0238f3b0611e99768f40f24344a08:31bbf999e6d05fc3	6a2bcdf4901fa3918c565adec7e3cc9ed0db88f3ec2fc51f62548548f0bab0bf	R02	approved	
stage6_crudsql_0132	crudsql:test:0716:4d27adfd3aaa11e9b4bef40f24344a08:60defefdd2b890b5	114c68479ec91694beddb23709142089a57210fc92a3653388510c8cc8eb3c40	R02	approved	
stage6_crudsql_0133	crudsql:test:0717:4d27adfd3aaa11e9b4bef40f24344a08:31fb913cd8bff330	5486827709e502e720055157232dc8d7e0dc23ee703862c6535c648448ef8cb5	R02	approved	
stage6_crudsql_0134	crudsql:test:0718:4d27adfd3aaa11e9b4bef40f24344a08:b0c4d683951c910e	c097f3d9a6eeaf5bc3bdfa1ecd52e4f51225390e4747608d8b240bdedd20c041	R02	approved	
stage6_crudsql_0135	crudsql:test:0719:4d27adfd3aaa11e9b4bef40f24344a08:af6ec67182243c7f	06011387e05cb2b6010f7189ac8005bd1bcef841b9a650353b8ba4de04125a49	R02	approved	
stage6_crudsql_0136	crudsql:test:0720:f4c1fb61453d11e98a0ff40f24344a08:c68d3907aad90665	9125da75a8261ce0e13b85673b1cd3a31a0c5408701b4b61713c82a50a31a7cb	R02	approved	
stage6_crudsql_0137	crudsql:test:0721:f4c1fb61453d11e98a0ff40f24344a08:b0cbb2773bb136f9	c1de7a86af5b82b0aec32394f5ece28ca67c8fdd39e187969ee469907622a7f5	R02	approved	
stage6_crudsql_0138	crudsql:test:0722:f4c1fb61453d11e98a0ff40f24344a08:5ee27fb250501803	065e6aea7bc756418a8e75b7df311a80a1c57d1621bf06f068cd68d6b60b1435	R02	approved	
stage6_crudsql_0139	crudsql:test:0723:f4c1fb61453d11e98a0ff40f24344a08:a1c9cd1b4297ab1c	5a4348429467edae756b6c20c5211fe44c33ad249924a8f1154f46180822c93a	R02	approved	
stage6_crudsql_0140	crudsql:test:0724:f3ba486e453d11e994c6f40f24344a08:0daf66115ee1cba5	69fce8055ea36269ca78fc5f9bbea4b2cc59685e2debe65e5b91ed3595d08ace	R02	approved	
stage6_crudsql_0141	crudsql:test:0725:f3ba486e453d11e994c6f40f24344a08:690c7b590e24d64f	a4109804785ac795d495bb849ae659dd96ad4fd0eb509c1ed13a6c92143201cd	R02	approved	
stage6_crudsql_0142	crudsql:test:0726:f3ba486e453d11e994c6f40f24344a08:cceb30aebfba471a	b81be44693650e328f1c0e1e9134a50f500bb6ede53e1b6f3ba2fb5e01f9dbf3	R02	approved	
stage6_crudsql_0143	crudsql:test:0727:f3ba486e453d11e994c6f40f24344a08:a88950db2d817b2b	bc8faac617f5d0207ab6eadfc16722a16ca74a075e43c1140149986e9aa0a594	R02	approved	
stage6_crudsql_0144	crudsql:test:0728:a7d95e453b0611e9945ff40f24344a08:36c9313ef3b0a389	810b576e2d993210e1cac2f6568d8a36b921a05ccda199a3e74fd08c9c34963c	R02	approved	
stage6_crudsql_0145	crudsql:test:0729:a7d95e453b0611e9945ff40f24344a08:0c8bf978e9d2bb11	d5fd885ac27e4bcb65092af7a4948a9e9b1a3f7134db14251ec510c92a261fc1	R02	approved	
stage6_crudsql_0146	crudsql:test:0730:a7d95e453b0611e9945ff40f24344a08:05b9443db75c56dd	b6cd0ef102e806b2a02c796b15f6a3bd8ecb7647b34cbe36a81f39c7545cb913	R02	approved	
stage6_crudsql_0147	crudsql:test:0731:a7d95e453b0611e9945ff40f24344a08:d7ddf33fce59be8f	02bdb93232806b6965300814b225108d527b72b6fdf2f17245ba19c5fa6c3577	R02	approved	
stage6_crudsql_0148	crudsql:test:0732:6e61364a34ce11e9a4dd542696d6e445:a8e7e9d1d0ac4d9a	ebe105ea5fb8d5e71f3fa394ed0efb807e87abb6d9c37c7e0d1b77c95b469fcd	R02	approved	
stage6_crudsql_0149	crudsql:test:0733:6e61364a34ce11e9a4dd542696d6e445:80a6d84a866ab62f	da3f645e0f197faa569788c8c3e0f5828a1ad5919664617d66aa9748f5cf63e3	R02	approved	
stage6_crudsql_0150	crudsql:test:0734:6e61364a34ce11e9a4dd542696d6e445:b40e3f4099ccef5b	6543725e6256daf9dcec2b08c5a5fa2abcaf6d5413224db6086f5fe2a436a7c5	R02	approved	
stage6_crudsql_0151	crudsql:test:0735:6e61364a34ce11e9a4dd542696d6e445:1e51acf96ceebaeb	3c3c0d61755a6664a73435a51376a379107c91314c6f17c884b21c2d687346f2	R02	approved	
stage6_crudsql_0152	crudsql:test:0736:a94b72873b0611e9b64ff40f24344a08:089557d534d73893	2cb2fb6909d4a67392955da6083f0d3808d511ece10c79de3033102c17af1ab8	R02	approved	
stage6_crudsql_0153	crudsql:test:0737:a94b72873b0611e9b64ff40f24344a08:c7526e9d2f246d87	58613d0f8acc1b53813918961bcece22bba57f67614bfd98f82931d74732aedb	R02	approved	
stage6_crudsql_0154	crudsql:test:0738:a94b72873b0611e9b64ff40f24344a08:8c437859f6f4f1a7	3ece0a141b568e73277256f9ce117336e645d555cc7f9627dd7b12982dafefa6	R02	approved	
stage6_crudsql_0155	crudsql:test:0739:a94b72873b0611e9b64ff40f24344a08:abd3dbd955d41719	1bce56d2c037578369cc366a96368b6ec0bad48dc961e1810c134fa4ee618e27	R02	approved	
stage6_crudsql_0156	crudsql:test:0740:4d2664ee3aaa11e9bb29f40f24344a08:c91fd91a4d99e3a7	eb4310c6c2bb47102e31185bde9baaa00ffdbcfc785c7df421c60e7bf7c967aa	R02	approved	
stage6_crudsql_0157	crudsql:test:0741:4d2664ee3aaa11e9bb29f40f24344a08:3d9e859da2c03dff	5a68753b7b5274a7b8ff4492f6b9bca10ac8dfce3e6a4f6a5a4c372a442df1da	R02	approved	
stage6_crudsql_0158	crudsql:test:0742:4d2664ee3aaa11e9bb29f40f24344a08:5832290bcc1dc069	f71971c3b91d5f67d4f64d367d1b689ce11b5c4795f06f2157e6d46f95a75547	R02	rejected	WRONG_COLUMN_MAPPING: NL gives 最新收盘价=6.24元, but gold writes 6.24 into 增发价格 and omits 最新收盘价.
stage6_crudsql_0159	crudsql:test:0743:4d2664ee3aaa11e9bb29f40f24344a08:1f9f6e4274f85273	77cdce7555359101f4cb479c86c20c39b200264305cad2b7fdede2e13e855de2	R02	approved	
stage6_crudsql_0160	crudsql:test:0744:a8c8d2943b0611e991a6f40f24344a08:1b4b19375d5891e2	b2f6ce715ccb728e703546f846be2330fceb0717f04f493d2e82f9c2f072a881	R02	approved	
stage6_crudsql_0161	crudsql:test:0745:a8c8d2943b0611e991a6f40f24344a08:d6d6bf3073ccf48d	f0c6fe53d2a6a01cb25e47f601bd07212de9d3dba1ac089edefc7ff05bf36214	R02	approved	
stage6_crudsql_0162	crudsql:test:0746:a8c8d2943b0611e991a6f40f24344a08:2c5aad33422853eb	c472957380cb8d575a11b99c232e66bd596dfc7be42e5042888de884b7fa0ed9	R02	approved	
stage6_crudsql_0163	crudsql:test:0747:a8c8d2943b0611e991a6f40f24344a08:68b761dc4924e673	77ac4f662fe2379cc5ba0c969ef82d5ff665734c0c58bd5fed560997c5349617	R02	approved	
stage6_crudsql_0164	crudsql:test:0748:c5ae5c4234b411e9a235542696d6e445:361cf627bd0b6d5e	0c1a755929ac6252b03c516ab263a7c8c9e43e0ba2831c3c846ed962b3015b2e	R02	approved	
stage6_crudsql_0165	crudsql:test:0749:c5ae5c4234b411e9a235542696d6e445:1df52eb092f031d2	0f114c84170c9c48f2e16aa500315facf26d80700ed75706438fa5edea293ad9	R02	approved	
stage6_crudsql_0166	crudsql:test:0750:c5ae5c4234b411e9a235542696d6e445:0deaa01e24a8eebb	afa48360db8a5bf7f558c01afcbf2827ba0f547d3a28afd1861ba5034f08c679	R02	approved	
stage6_crudsql_0167	crudsql:test:0751:c5ae5c4234b411e9a235542696d6e445:37e840a8131ea853	acb6ed7a0412b51ef47862c3647a6ee767e13dec7e983c48e5361b759d8d953e	R02	approved	
stage6_crudsql_0168	crudsql:test:0752:ef96afd1453d11e9812df40f24344a08:224961a8a6b88a64	5b633b3db85b09c755e8f7d1a2259de0d8402606c9d7f4218a540a63cca18694	R02	approved	
stage6_crudsql_0169	crudsql:test:0753:ef96afd1453d11e9812df40f24344a08:5dd3b09a733d2b74	4e2eafb9643f22853d421ff11356b23318650eac1325a2fd4716913687513a40	R02	approved	
stage6_crudsql_0170	crudsql:test:0754:ef96afd1453d11e9812df40f24344a08:b0dcbe1bed9afc18	2fca538c772443367fef656256a458f836e7185252136bb17051f70b21cfa4a8	R02	approved	
stage6_crudsql_0171	crudsql:test:0755:ef96afd1453d11e9812df40f24344a08:567edc8a44360dcc	918736d30681fbad34d3e567c8e4454843839ec9c09fa24aba947d010c2a6711	R02	approved	
stage6_crudsql_0172	crudsql:test:0756:f46aa40c453d11e9a616f40f24344a08:e9eb58a017bde298	7a1d8ea3fd373b361d68b4ae38cf61464c9b8616ced6403e0abd661f029d84a7	R02	approved	
stage6_crudsql_0173	crudsql:test:0757:f46aa40c453d11e9a616f40f24344a08:a698103c2ba5ce59	a6018f6db8291894c3a1ad3c3c4593c658fd5e6f793bcc040ab24d6e52f3a602	R02	approved	
stage6_crudsql_0174	crudsql:test:0758:f46aa40c453d11e9a616f40f24344a08:09c0a238c8e582e1	a990ce8fcba1a0ba63ec85c77d65ef8d619d3ae40c1fe7c3f0f6d17c94769005	R02	approved	
stage6_crudsql_0175	crudsql:test:0759:f46aa40c453d11e9a616f40f24344a08:c799d8c52cee0f4f	9e2145c0dd97fdf03feef8c1ade87d3b949ed728547aab3bafcff690cc7e37b2	R02	approved	
stage6_crudsql_0176	crudsql:test:0760:c5ae16c234b411e9a75c542696d6e445:09b892a53507c45a	4865d2d0a8c3e61f70b8c5f325986b4776df74d37809fd6c2a15c832ff3b5b9e	R02	approved	
stage6_crudsql_0177	crudsql:test:0761:c5ae16c234b411e9a75c542696d6e445:3e4188d8d9afa81f	e43219cb4cceb8a4abeed4a9bb022b15309cd5a14b7b969541336edf488c5602	R02	approved	
stage6_crudsql_0178	crudsql:test:0762:c5ae16c234b411e9a75c542696d6e445:1ed17756a27b3bc4	8705914d75bcf0e634785217b1a4fed35372021410b6cd8e3e5fd3a84a5617b4	R02	approved	
stage6_crudsql_0179	crudsql:test:0763:c5ae16c234b411e9a75c542696d6e445:0dfd973e855a455d	8dcd0c7da669bce92a7362b09cc352d31de6564b7efa22ee170242f525a8d634	R02	approved	
stage6_crudsql_0180	crudsql:test:0764:69d31c5e334311e9b9d1542696d6e445:35ec92e1961213d0	308d5289dd4389939f76132a9d78e1b4b3437bdc7fb96391d1759e3e63854eff	R02	rejected	NORMALIZATION_ERROR: NL supplies成交面积 in 平方千米 and成交金额 in 万元, while the table rows use 万平方米 and 亿元; gold copies the raw numbers without the required unit conversion.
stage6_crudsql_0181	crudsql:test:0765:69d31c5e334311e9b9d1542696d6e445:9dd2b65ea7fd3977	e7a36d3f7d135349808b15dcbbb55793efd4d2b875ac084aef602bce558430d8	R02	rejected	NORMALIZATION_ERROR: NL supplies成交面积 in 平方千米 and成交金额 in 万元, while the table rows use 万平方米 and 亿元; gold copies the raw numbers without the required unit conversion.
stage6_crudsql_0182	crudsql:test:0766:69d31c5e334311e9b9d1542696d6e445:f71bc7475cb9b56a	ae4e92bc5e1d4ebd7d029f961c1eb47c9f3a9ed16e29119987b1c5dda783595a	R02	rejected	NORMALIZATION_ERROR: NL supplies成交面积 in 平方千米 and成交金额 in 万元, while the table rows use 万平方米 and 亿元; gold copies the raw numbers without the required unit conversion.
stage6_crudsql_0183	crudsql:test:0767:69d31c5e334311e9b9d1542696d6e445:f5d0c3872a74e91c	f78c8c8bc66bada32d17e72c41ee0a9163f7b3dc930e3b02d1ef4ad81285728d	R02	rejected	NORMALIZATION_ERROR: NL supplies成交面积 in 平方千米 and成交金额 in 万元, while the table rows use 万平方米 and 亿元; gold copies the raw numbers without the required unit conversion.
stage6_crudsql_0184	crudsql:test:0768:4d2a10753aaa11e98aacf40f24344a08:65394539f72963d0	3fbccaeea155802360a331e0a8b474fa65a671de176d820c8c8fa79cc576e870	R02	approved	
stage6_crudsql_0185	crudsql:test:0769:4d2a10753aaa11e98aacf40f24344a08:f7e3fc1098918fbe	d946b291455c28874e7c4d1e0b9593e2c603e5c68a63bd949c9b239f69b9ade2	R02	approved	
stage6_crudsql_0186	crudsql:test:0770:4d2a10753aaa11e98aacf40f24344a08:253e36db56cae348	4e84bec8e1b5957ff4ccf575bc177efdbc54a84729734c9e11a218b039ea73a2	R02	approved	
stage6_crudsql_0187	crudsql:test:0771:4d2a10753aaa11e98aacf40f24344a08:f304fe4778da4da5	6bce9de7458ec51bd2e42736b6da5b7893d7406d2e1d996a3204a72d9e7fc867	R02	approved	
stage6_crudsql_0188	crudsql:test:0772:f533fc6b453d11e98142f40f24344a08:c033a523e88751a0	78b5f61fe1ecce7dd3e1aedd6c5edf09cef123670bfb4ea69769aa0a672a75ce	R02	approved	
stage6_crudsql_0189	crudsql:test:0773:f533fc6b453d11e98142f40f24344a08:f4e3f95e7111d0a7	18938627da7a03082efbc9edffa4071d268e18ac94387406bb615d86513754a4	R02	approved	
stage6_crudsql_0190	crudsql:test:0774:f533fc6b453d11e98142f40f24344a08:d4a8529597b7d020	45d5fbe81bc09cd9644b16a3248c7b69bdec2f0f45e8d2ea9938743e58d2f7a2	R02	approved	
stage6_crudsql_0191	crudsql:test:0775:f533fc6b453d11e98142f40f24344a08:4b6b9b7c211c6a31	2fb7c4ea1959ca586e2661c085de624e0a6828d4112ea5b5efad8677afd2bb36	R02	approved	
stage6_crudsql_0192	crudsql:test:0776:a98db0783b0611e99cdaf40f24344a08:d783dfd34dfd908b	03f5db34a6c3db86d981ab6b57b6b6f098e916ccc7c6fa49d2aee44c1c86d64a	R02	approved	
stage6_crudsql_0193	crudsql:test:0777:a98db0783b0611e99cdaf40f24344a08:ba1681e077f26ac3	3653fe8af3d8bb4eff4ef0d9f790c2628d04c83e67d0e71c20a0e8dc40aba275	R02	approved	
stage6_crudsql_0194	crudsql:test:0778:a98db0783b0611e99cdaf40f24344a08:4c901bd297519140	69cd1ff097510b46fe28d20d90df6864e7dceafbdfb2486efbd25d3218c31dfb	R02	approved	
stage6_crudsql_0195	crudsql:test:0779:a98db0783b0611e99cdaf40f24344a08:607b7329a370502f	840cb9b0c12f4ebf9ad6af78b60d7dfbb37d9228ffb0693bdfbbc7d9c6f05c1a	R02	approved	
stage6_crudsql_0196	crudsql:test:0780:f67b7ea6453d11e98ea0f40f24344a08:24139c9e4eb99a16	164a146ab349fddcff8c8d7cd8113ff2f309375c7c17e299a457a62e52361952	R02	approved	
stage6_crudsql_0197	crudsql:test:0781:f67b7ea6453d11e98ea0f40f24344a08:f7cce934728147b0	545921d1efaeaa14c97d0c8f82ac8027381882c833b43000cc4aa3bff8c62c90	R02	approved	
stage6_crudsql_0198	crudsql:test:0782:f67b7ea6453d11e98ea0f40f24344a08:503ba79cafb86f07	d29265c27ad66111082f782b9894f18289f080e5193ee81c12e8abc2b3572797	R02	approved	
stage6_crudsql_0199	crudsql:test:0783:f67b7ea6453d11e98ea0f40f24344a08:e7235c142e86659b	6a26e0879d966c8b62d3823f515e39a699cb5e3600184763b4f2f8465c503a29	R02	rejected	WRONG_COLUMN_MAPPING: 比赛时间 is a date/date-range field in the table; NL gives a duration of 1天, but gold writes numeric 1 into 比赛时间.
stage6_crudsql_0200	crudsql:test:0784:4d2420113aaa11e9b9c1f40f24344a08:0d7447c9f961b309	ec08b1af75c5578b5483be01a25cffe8084a0abd0e38a8083fdd74176a69f0b0	R02	rejected	WRONG_TABLE: The target table is for 传媒互联网行业美国中概股, but the NL inserts an A-share security (.SZ) outside that table scope.
stage6_crudsql_0201	crudsql:test:0785:4d2420113aaa11e9b9c1f40f24344a08:5cd2fe295529bfc1	b1a5ec5fd01365826e696dd31f75121956363b04bf4e154d3efb2c13da12d403	R02	rejected	WRONG_TABLE: The target table is for 传媒互联网行业美国中概股, but the NL inserts an A-share security (.SZ) outside that table scope.
stage6_crudsql_0202	crudsql:test:0786:4d2420113aaa11e9b9c1f40f24344a08:94aec3836d486286	b20950141514d243d688bdc069c0c88c7ae5f31826368e7747994faaf65eae41	R02	rejected	WRONG_TABLE: The target table is for 传媒互联网行业美国中概股, but the NL inserts an A-share security (.SZ) outside that table scope.
stage6_crudsql_0203	crudsql:test:0787:4d2420113aaa11e9b9c1f40f24344a08:5e9a5653dbb7d278	9cc062c17b5d76c4a86c64aaea6e1e83bdbbae49d03e5c15b08bcb83d6740ad4	R02	rejected	WRONG_TABLE: The target table is for 传媒互联网行业美国中概股, but the NL inserts an A-share security (.SZ) outside that table scope.
stage6_crudsql_0204	crudsql:test:0788:f63f89bd453d11e99c65f40f24344a08:f21645d79fd51042	d6e3dd67b3ebff6023bd094ef19a0ce8b51a61c2ff5b470d91c797d6795271cd	R02	approved	
stage6_crudsql_0205	crudsql:test:0789:f63f89bd453d11e99c65f40f24344a08:6de215bb9482761c	e1e86e568db7105a8f471c51cc6656cdd300a11452bf7e05eeb12851b134aba3	R02	approved	
stage6_crudsql_0206	crudsql:test:0790:f63f89bd453d11e99c65f40f24344a08:2714c759fd962588	65da39cec300ed65a0e4f02ff9cec219da692796fa14d0bc3d7c5994b4a920b0	R02	approved	
stage6_crudsql_0207	crudsql:test:0791:f63f89bd453d11e99c65f40f24344a08:4e787a267a586257	cd7f6ed40c5f35add3083863621e66232a8c2a123a1b35aac294c5a8acc38e33	R02	approved	
stage6_crudsql_0208	crudsql:test:0792:733bc10f34c611e988ef542696d6e445:3cf2b6be9aeca28b	4e774fff9733821558dc4b2a50e3135f590c0ff8731150d9bb6d3986f61b9602	R02	rejected	WRONG_TABLE: The target table is 运输业A股个股市场表现, but the NL record is 比亚迪, not a transport-industry stock.
stage6_crudsql_0209	crudsql:test:0793:733bc10f34c611e988ef542696d6e445:4156ea9fbbe4d7ba	1c2156584d819ed20ed38a2e9d7aaa8763fbbc6dcb1b14288eb42969c4fb1202	R02	rejected	WRONG_TABLE: The target table is 运输业A股个股市场表现, but the NL record is 三峡能源, not a transport-industry stock.
stage6_crudsql_0210	crudsql:test:0794:733bc10f34c611e988ef542696d6e445:eeae874e7a5d524b	009190f4d6920f21effac8562d8ac529ec380e90c6d24a1393d0cf3edd5e619f	R02	rejected	WRONG_TABLE: The target table is 运输业A股个股市场表现, but the NL record is 格力电器, not a transport-industry stock.
stage6_crudsql_0211	crudsql:test:0795:733bc10f34c611e988ef542696d6e445:921c8fd742fff597	1a3f5c1f588212822993017f6198ea988a7e6f249d8a9ce658c7d32cb5b5e302	R02	approved	
stage6_crudsql_0212	crudsql:test:0796:f6d8fb8a453d11e98359f40f24344a08:0fc968638367910f	38af3811b2600850edea11a38b359a2ab635b279f1e5ddc9fd15b52a6e384010	R02	approved	
stage6_crudsql_0213	crudsql:test:0797:f6d8fb8a453d11e98359f40f24344a08:a36a17d9aaeb99c9	c2074bc9f2fc720f0bc482d728380048279a3803a428787a8a2e32b4a55dcb61	R02	approved	
stage6_crudsql_0214	crudsql:test:0798:f6d8fb8a453d11e98359f40f24344a08:89006e457e6f5ea8	e07981437d814dcdf8c0550719cb31b503cfc8fdf35f4ca1c15daf4f52b45872	R02	approved	
stage6_crudsql_0215	crudsql:test:0799:f6d8fb8a453d11e98359f40f24344a08:2642c474b062cbd7	09a743dc72d19d488d337b08b29ccd9d764f1b36d1906057b9315687e29e8f2e	R02	approved	
stage6_crudsql_0216	crudsql:test:0800:4d26d4b03aaa11e9acf2f40f24344a08:002457b719da842f	f94b8ea6867f905786c248e80c42188d1ed0bc6aef8470d2c961d5ece21d2eca	R02	rejected	SOURCE_TASK_INVALID: The target schema is the 2018-2019 春节档TOP5 table, but the NL gives general 2019 box-office ranking data that conflicts with the table's 2019 TOP5 rows.
stage6_crudsql_0217	crudsql:test:0801:4d26d4b03aaa11e9acf2f40f24344a08:dcf0595ad8e23edf	646d3422c0b9d83a5596a7e84b24ce1b00b2d79a3b351c73cf5f084a99df9b91	R02	rejected	SOURCE_TASK_INVALID: The target schema is the 2018-2019 春节档TOP5 table, but the NL gives general 2019 box-office ranking data that conflicts with the table's 2019 TOP5 rows.
stage6_crudsql_0218	crudsql:test:0802:4d26d4b03aaa11e9acf2f40f24344a08:99a7037196f0d560	0faff81163664a5614e2632075377df46fedd7e26e9965d0c751f7d446500929	R02	rejected	SOURCE_TASK_INVALID: The target schema is the 2018-2019 春节档TOP5 table, but the NL gives general 2019 box-office ranking data that conflicts with the table's 2019 TOP5 rows.
stage6_crudsql_0219	crudsql:test:0803:4d26d4b03aaa11e9acf2f40f24344a08:bf546cc06f2ed9aa	dcb6569e1d72cf8744f04b58f64d468ee8f7fb144b5ab2404232ca18b0a65252	R02	rejected	SOURCE_TASK_INVALID: The target schema is the 2018-2019 春节档TOP5 table, but the NL gives general 2019 box-office ranking data that conflicts with the table's 2019 TOP5 rows.
stage6_crudsql_0220	crudsql:test:0804:ed98fadc453d11e999fbf40f24344a08:d40c86116702b317	cdbc29f70ece753c5ee59a4f1729e5f3fa4e0c0bb8f8384aacdd1b8b4d72c40e	R02	approved	
stage6_crudsql_0221	crudsql:test:0805:ed98fadc453d11e999fbf40f24344a08:7852e7d55bc80da9	a31f56ed58a4c33a9c5a668bbe82ac9e7e87197d1bbeeb82f84e643b17225305	R02	approved	
stage6_crudsql_0222	crudsql:test:0806:ed98fadc453d11e999fbf40f24344a08:ff4268e86e96586f	81f66c93f2302248d24ee568dbde937be6bd06f3609ba7226f017db79c43d4ca	R02	approved	
stage6_crudsql_0223	crudsql:test:0807:ed98fadc453d11e999fbf40f24344a08:3c2da65c505bc5ec	33ef1ab293d50b8ca6c4682c751fc501c709b0c0c989ec0059c43b56b1a6c6de	R02	approved	
stage6_crudsql_0224	crudsql:test:0808:ef87c033453d11e9bca4f40f24344a08:6eb86133bdb38a08	bceba67affdd261615126e69baecff916e4efa178cf9c9d23d48955bc61385e3	R02	approved	
stage6_crudsql_0225	crudsql:test:0809:ef87c033453d11e9bca4f40f24344a08:1688b05043a3286e	474d752c6c5bb6dcb38a309c177719814e569d4e4ffd8b32c6b7bbe00a1400e0	R02	approved	
stage6_crudsql_0226	crudsql:test:0810:ef87c033453d11e9bca4f40f24344a08:2aab7bfb04f66c87	f27ae682a44461a3df986297849fc273c6b281646554970b4f811e24ea47f2ad	R02	approved	
stage6_crudsql_0227	crudsql:test:0811:ef87c033453d11e9bca4f40f24344a08:d12291178559b5b0	d8b54e39ccd0e55755951ada1f7db48e6026ddcf4e9b56d3f1f9c051622a7342	R02	approved	
stage6_crudsql_0228	crudsql:test:0812:ee633482453d11e9925ef40f24344a08:0442bfdc27abd22a	cd74e95fed5807681a29f08185d3d77c2296391cee60444c9d9798b2bb9e1ae3	R02	approved	
stage6_crudsql_0229	crudsql:test:0813:ee633482453d11e9925ef40f24344a08:4ebd83cf80d85b4f	e35dff5e42f7fe1a9f015304edba0c63ca18b42c368831af7555c183597ec270	R02	approved	
stage6_crudsql_0230	crudsql:test:0814:ee633482453d11e9925ef40f24344a08:976da516de44c0b1	c063a9bd06d5c1a396cbfa999d8cf59b574aa4aa52d4a1161b15c08966eced63	R02	approved	
stage6_crudsql_0231	crudsql:test:0815:ee633482453d11e9925ef40f24344a08:3d5bb41e860bd79e	f8e461d7b11367ee7cd019bacc8909fa262522714118adb146b60af0523baa7c	R02	approved	
stage6_crudsql_0232	crudsql:test:0816:a96a938f3b0611e98932f40f24344a08:83c7a501856f1dc3	63104f154c3c1dc339c1015ea82310e145ebe7642a219eaea717a25464e14fc8	R02	approved	
stage6_crudsql_0233	crudsql:test:0817:a96a938f3b0611e98932f40f24344a08:f043bfffc9271c37	9796582808bdf1522b7725497201eecd4135947272a7c0823ef93bec48c5c1da	R02	approved	
stage6_crudsql_0234	crudsql:test:0818:a96a938f3b0611e98932f40f24344a08:811401a0619c3d42	56ccae3d7eeb3a557ac72e45c1b67ef59580539c52f359e4b59c9a39107b7643	R02	approved	
stage6_crudsql_0235	crudsql:test:0819:a96a938f3b0611e98932f40f24344a08:9b5a84da0427608f	448b3bfd5968c90e8f28fdc9a3d0ae6718912e4971a8119f9c310ec3f2e4e031	R02	approved	
stage6_crudsql_0236	crudsql:test:0820:4d24d5663aaa11e996b8f40f24344a08:0067dc1d2cdc14b6	66c33e4b929a9029f52c26ace759a99d8ff64a6904c0de2954a1581457de9b0d	R02	approved	
stage6_crudsql_0237	crudsql:test:0821:4d24d5663aaa11e996b8f40f24344a08:d98e3470db949bd7	92b8a3c6f9b00b918fef6e2c55ab5d68626e00802df20f359123f1e14cfc9dac	R02	approved	
stage6_crudsql_0238	crudsql:test:0822:4d24d5663aaa11e996b8f40f24344a08:9eca015b9951b9ca	f64bcce3de0ac4037c3b31a9673e796e42237f98d9446af5fc1b597ddff0002c	R02	approved	
stage6_crudsql_0239	crudsql:test:0823:4d24d5663aaa11e996b8f40f24344a08:38dbd1a30347470a	8ae2e45484ef4a6046b49b79277ffdcae148b4e0130ea3a3ab565278275d9736	R02	approved	
stage6_crudsql_0240	crudsql:test:0824:6e614ce634ce11e991e5542696d6e445:4d8b18ffe692840f	d5bc6ca380c43cd2699779ac160439c6d7053f3db8c8d043c8e0fb4963e4f8cb	R02	rejected	WRONG_TABLE: The target table is an A-share airline comparable-company valuation table, but the NL record is not an airline company.
stage6_crudsql_0241	crudsql:test:0825:6e614ce634ce11e991e5542696d6e445:ad0471aede4cc829	dfdc14de7e0b502d475fcece13ff8fb16b1b06c99ec9a7aa54fb9c6a1ed2611b	R02	rejected	WRONG_TABLE: The target table is an A-share airline comparable-company valuation table, but the NL record is not an airline company.
stage6_crudsql_0242	crudsql:test:0826:6e614ce634ce11e991e5542696d6e445:e096b5141ad90987	1292556cb4724006e8eae17a05a1c138ebd50a7bac64ba14522866bf17e2373e	R02	rejected	WRONG_TABLE: The target table is an A-share airline comparable-company valuation table, but the NL record is not an airline company.
stage6_crudsql_0243	crudsql:test:0827:6e614ce634ce11e991e5542696d6e445:af30f3f577a69c6a	8d3cd96c2cf34b54c1b87071f1b1c9249664107e3e408af4b46a81c0e58f376f	R02	rejected	WRONG_TABLE: The target table is an A-share airline comparable-company valuation table, but the NL record is not an airline company.
stage6_crudsql_0244	crudsql:test:0828:f3b76928453d11e9ac2ff40f24344a08:8d0880ed73499d21	4b0358a89ba6ae76004bfb4e0fa534cee672ee5ed6020d09faee307462cd7e61	R02	approved	
stage6_crudsql_0245	crudsql:test:0829:f3b76928453d11e9ac2ff40f24344a08:f288db40c45d519b	0244bcef2efd264e4495a0dc346facd1fcd137231a0d3a608495acbf4cffe2db	R02	approved	
stage6_crudsql_0246	crudsql:test:0830:f3b76928453d11e9ac2ff40f24344a08:3f36bbc6f36578a5	2abbe1247188ecb068ad2ed76cc2baf4e11be2a141294d51430e3942fd1147d2	R02	approved	
stage6_crudsql_0247	crudsql:test:0831:f3b76928453d11e9ac2ff40f24344a08:dc83b91fb3a0f331	91f8052e9d9d14227e214ba0ae18dac858067b9f453692bdef03ec7e73fccbf3	R02	approved	
stage6_crudsql_0248	crudsql:test:0832:aa6fa0b33b0611e984f1f40f24344a08:cad3ee2ed5ea1fcd	3fc0254f46f1ce7dc98d8027beeb7438402a89b2cfb23d3c01061b21c8839475	R02	approved	
stage6_crudsql_0249	crudsql:test:0833:aa6fa0b33b0611e984f1f40f24344a08:45aaa795fa2be6c5	558a6c1dd7d230f8139cf241ed336048c005ddb252301a2f04607a8d0b140db1	R02	approved	
stage6_crudsql_0250	crudsql:test:0834:aa6fa0b33b0611e984f1f40f24344a08:44f99b93a25244ff	042f95b95308c9a790e6f9a99aceaca19f9d541e1d8654601aa875144a5c079c	R02	rejected	EXTRA_UNSUPPORTED_FIELD: NL specifies 岗位名称=生物教师; gold changes it to 高中生物教师 without support in the instruction.
stage6_crudsql_0251	crudsql:test:0835:aa6fa0b33b0611e984f1f40f24344a08:892d424cfedae2ef	d40459aea5967a30fb4c9510ba11c499ea37ec6790b45a4f8e9a387874ebb3d6	R02	approved	
stage6_crudsql_0252	crudsql:test:0836:733c7e8a34c611e9a7d9542696d6e445:997f8baf93a21516	3683e719247f2a1c2bb1e9cd227f2a32928c164aa6792eb1a1c396fcdb6d8c55	R02	approved	
stage6_crudsql_0253	crudsql:test:0837:733c7e8a34c611e9a7d9542696d6e445:b30cc02ddd56929e	19c506ac6ab340515228b30499f7d68222b09241352c0caaebdab42c0bd8867c	R02	approved	
stage6_crudsql_0254	crudsql:test:0838:733c7e8a34c611e9a7d9542696d6e445:b25c20556444e9e0	d37aaf4465861724f4ba18f32664ecd6ca67032a02ae9465d6bd5365248d8df4	R02	approved	
stage6_crudsql_0255	crudsql:test:0839:733c7e8a34c611e9a7d9542696d6e445:d0fa8c6c53bd2ee2	48cd60ebfc2c6c7c4383763036f26fe1317de4b3d11c10a71e0070a790558192	R02	approved	
stage6_crudsql_0256	crudsql:test:0840:733d8a0c34c611e98d5e542696d6e445:fd5a2af7d9546d52	c2e8d654c8595c9916e614e82f3bf48a1a4cd0bf3e61affec4905460eee24142	R02	approved	
stage6_crudsql_0257	crudsql:test:0841:733d8a0c34c611e98d5e542696d6e445:88fb08b6469786ce	47eda2df47b5be2ec68b86589ab6deb7f32a75fbe518e55d6c9e302920aad006	R02	approved	
stage6_crudsql_0258	crudsql:test:0842:733d8a0c34c611e98d5e542696d6e445:28c07aaa678c46f6	2c6b60c34da0d5031e8a2522072fd5f8cfaea92c3231aaa205c4089eebb50040	R02	approved	
stage6_crudsql_0259	crudsql:test:0843:733d8a0c34c611e98d5e542696d6e445:c08433a4e180ef08	c98492794171dc9d796355657097c7c07be199b3fb3d8ae1b9c1cff0474e21d4	R02	approved	
stage6_crudsql_0260	crudsql:test:0844:4d2740303aaa11e9951bf40f24344a08:ef91af464084d027	ce544d62bf1c0a33f978d8e83432212df8db98e6c39800745b54ba950e2aaa59	R02	rejected	WRONG_TABLE: The target table is 传媒个股一周情况, but the NL record is a pharmaceutical stock rather than a media stock.
stage6_crudsql_0261	crudsql:test:0845:4d2740303aaa11e9951bf40f24344a08:1577809e55256c2b	12b35cbe104a7d8821593fc165991518bfb3d6d10ca866087c82df34062dedbc	R02	rejected	WRONG_TABLE: The target table is 传媒个股一周情况, but the NL record is a pharmaceutical stock rather than a media stock.
stage6_crudsql_0262	crudsql:test:0846:4d2740303aaa11e9951bf40f24344a08:c54b423c3bbfadc6	44836d0a566917c60ab4ad9890caf88cf68d9682deb58ff8545e68a2cb1448b4	R02	rejected	WRONG_TABLE: The target table is 传媒个股一周情况, but the NL record is a pharmaceutical stock rather than a media stock.
stage6_crudsql_0263	crudsql:test:0847:4d2740303aaa11e9951bf40f24344a08:a8d39f4000ccfaa0	3db42a717d5e9f108210e0f5c5033af332b7305cc72a622490545b6250432bae	R02	rejected	WRONG_TABLE: The target table is 传媒个股一周情况, but the NL record is a pharmaceutical stock rather than a media stock.
stage6_crudsql_0264	crudsql:test:0848:ef6b3911453d11e990d3f40f24344a08:79dc75df6d43f634	f36e89f03c4a12d1bd8d4d1ae11c945d970408f0ae84c4ad13d37df926819503	R02	approved	
stage6_crudsql_0265	crudsql:test:0849:ef6b3911453d11e990d3f40f24344a08:662c8773f67e547a	136f7e50b1db6e386c55e883f53900de557329be8e22840bd27805d561a1ef44	R02	approved	
stage6_crudsql_0266	crudsql:test:0850:ef6b3911453d11e990d3f40f24344a08:b3ae4d30edf83a8d	c08ecc56f35e0e079ddcda5d9dd0b8c9f9418bcba17a46e36631651511832628	R02	approved	
stage6_crudsql_0267	crudsql:test:0851:ef6b3911453d11e990d3f40f24344a08:fa954a7bac76c019	2c64a2e1ed9ffa6df16e57f08cb6f41c057e50990ef281065e3fed949d7875f6	R02	approved	
stage6_crudsql_0268	crudsql:test:0852:4d2a4f823aaa11e984a4f40f24344a08:fbf3593fb4c9cdf9	f67fa15feedaddee1ed4312af45d049e29f562c15dd35850bea39a14848b6c46	R02	approved	
stage6_crudsql_0269	crudsql:test:0853:4d2a4f823aaa11e984a4f40f24344a08:91c58599a036f5dd	5ec345b2e9445c3e99b0d0b6ec0ea3c2d8ae15d6946392927bdf052db253a412	R02	approved	
stage6_crudsql_0270	crudsql:test:0854:4d2a4f823aaa11e984a4f40f24344a08:6973a357452e0daa	65191ab9c1599ed4cf8e0e098d9d4c1bc8236b388651c305ee084657eb1c87bf	R02	approved	
stage6_crudsql_0271	crudsql:test:0855:4d2a4f823aaa11e984a4f40f24344a08:5d1f546292075c7a	f94796fe9d4fcb614fadee277a1abc2f58ce631d11341b94a19c3aa95a370f72	R02	approved	
stage6_crudsql_0272	crudsql:test:0856:4d2838263aaa11e9a8a5f40f24344a08:a55c84bf83c26e6b	5eed77a8d368254d90011d6b6ea0910a3a0d67c97011a907302923d9b55b6083	R02	rejected	WRONG_TABLE: The target table is for 国有出版公司营业收入同比增速, but the NL record is a pharmaceutical company.
stage6_crudsql_0273	crudsql:test:0857:4d2838263aaa11e9a8a5f40f24344a08:97ce372326e8d9a5	0a3a4a5dd9c5525ec67baa03732d44644cbf026eeb5249e7d632e94f205aad01	R02	rejected	WRONG_TABLE: The target table is for 国有出版公司营业收入同比增速, but the NL record is a pharmaceutical company.
stage6_crudsql_0274	crudsql:test:0858:4d2838263aaa11e9a8a5f40f24344a08:86d8f15fcca72de8	1102221ecc3483f9595894770a8fec1ecaaac0d8af57c6bc2ea4d690fdd1aa50	R02	rejected	WRONG_TABLE: The target table is for 国有出版公司营业收入同比增速, but the NL record is a pharmaceutical company.
stage6_crudsql_0275	crudsql:test:0859:4d2838263aaa11e9a8a5f40f24344a08:b22eba2b5746054e	0f4682dc72e812ce73795c9754d28ed1f10d7d2abadb2a9cfd54a610cdb993ad	R02	rejected	WRONG_TABLE: The target table is for 国有出版公司营业收入同比增速, but the NL record is a pharmaceutical company.
stage6_crudsql_0276	crudsql:test:0860:4d242e2b3aaa11e98a7ff40f24344a08:f5f96975e70b8126	0171e92094472496d26c659e8361ee9fe58605c84ea6c3e0645f3dfa1990a914	R02	rejected	WRONG_TABLE: The target table is for 传媒互联网行业港股, but the NL inserts an A-share (.SZ/.SH) financial-company record.
stage6_crudsql_0277	crudsql:test:0861:4d242e2b3aaa11e98a7ff40f24344a08:4dc2ec156c2ca528	863113f6b6ac4e9196f3d77d43ba8ef3dfb78d47b12fd911aba2cf7fafa8490c	R02	rejected	WRONG_TABLE: The target table is for 传媒互联网行业港股, but the NL inserts an A-share (.SZ/.SH) financial-company record.
stage6_crudsql_0278	crudsql:test:0862:4d242e2b3aaa11e98a7ff40f24344a08:3e5091b18c3fe9cc	f1e6f8f5fded271fc9e2a562d668a4f0a3b8961a9e434ec2d89148f22a37b90c	R02	rejected	WRONG_TABLE: The target table is for 传媒互联网行业港股, but the NL inserts an A-share (.SZ/.SH) financial-company record.
stage6_crudsql_0279	crudsql:test:0863:4d242e2b3aaa11e98a7ff40f24344a08:f9672ebc2cd63f84	6f1efc5214922d00eabe11a8c4ff4a99d3addf6141ee0dad79208c986ab054c9	R02	rejected	WRONG_TABLE: The target table is for 传媒互联网行业港股, but the NL inserts an A-share (.SZ/.SH) financial-company record.
stage6_crudsql_0280	crudsql:test:0864:f24db459453d11e99b24f40f24344a08:da5ef0ed46b818f1	687626edb7e7c7b6692d9d0930a65e4a3f9f2d955cf744835ce030d18f250720	R02	approved	
stage6_crudsql_0281	crudsql:test:0865:f24db459453d11e99b24f40f24344a08:d7d511c6ee24ceb2	1e5bf8dec250ab652cdb5f09ed41ebe7329488b2db623b59b82e17ba66cfb9a4	R02	approved	
stage6_crudsql_0282	crudsql:test:0866:f24db459453d11e99b24f40f24344a08:c3c9cae50dddfafe	d6f7e0377140da48880000256cb5f0c4ebb1a766199ffeeb73b8b22200d0840e	R02	approved	
stage6_crudsql_0283	crudsql:test:0867:f24db459453d11e99b24f40f24344a08:7defb71f71d2affd	28871445e920b4449d47e0915339e1dd4a51c24a43c00fb05bc2fb64d2ae3bfa	R02	approved	
stage6_crudsql_0284	crudsql:test:0868:f24f259e453d11e98d99f40f24344a08:13687ec705d3b6c5	218398a88668ddb956b3abcc2325208dd06bea6320eb0eab687e749aeb2ff142	R02	approved	
stage6_crudsql_0285	crudsql:test:0869:f24f259e453d11e98d99f40f24344a08:26c7a62cff4841bd	6662d23c1745a0794812ead43385b5f6080d7f56c34ef002fefe025b2cc2ad3f	R02	approved	
stage6_crudsql_0286	crudsql:test:0870:f24f259e453d11e98d99f40f24344a08:4031fa5d627c9d26	b052e2255f9f4b3b971f0b2c009d2761c8af3e98f795e7226ffe3b9fa2f53848	R02	approved	
stage6_crudsql_0287	crudsql:test:0871:f24f259e453d11e98d99f40f24344a08:b360cd7895c7beed	ea4e798be6aba57d06e797d8760a3848ed92d3417354cf6b7af7d26992b08610	R02	approved	
stage6_crudsql_0288	crudsql:test:0872:4d29b9003aaa11e989dff40f24344a08:128a689cdbe8d618	cb14770272c47d1aa4c040587c1289169d6f28d053f28ade57ce52cdcbaeade2	R02	rejected	WRONG_TABLE: The target table is 省级卫视晚间综艺节目收视率TOP10, but the NL inserts CCTV1/CCTV8 programs; CCTV is not a provincial satellite channel.
stage6_crudsql_0289	crudsql:test:0873:4d29b9003aaa11e989dff40f24344a08:2cdf9b1c710f3bc3	6a8657450eaadc7f2c0a3298e78cd78a1e4b20fe8900517fdc0c3a4d0612d2fe	R02	rejected	WRONG_TABLE: The target table is 省级卫视晚间综艺节目收视率TOP10, but the NL inserts CCTV1/CCTV8 programs; CCTV is not a provincial satellite channel.
stage6_crudsql_0290	crudsql:test:0874:4d29b9003aaa11e989dff40f24344a08:edeabb6caa47bae8	d7a3ac9a83ed104750891dc234bd936cf053b850e72521b14e364bccaa10b1c9	R02	rejected	WRONG_TABLE: The target table is 省级卫视晚间综艺节目收视率TOP10, but the NL inserts CCTV1/CCTV8 programs; CCTV is not a provincial satellite channel.
stage6_crudsql_0291	crudsql:test:0875:4d29b9003aaa11e989dff40f24344a08:496f618797f54b77	05ec1eda569976c3bffbb838e09445300422bfd7559ca20dd88a33915cd0be9d	R02	rejected	WRONG_TABLE: The target table is 省级卫视晚间综艺节目收视率TOP10, but the NL inserts CCTV1/CCTV8 programs; CCTV is not a provincial satellite channel.
stage6_crudsql_0292	crudsql:test:1172:c5acd34034b411e9874b542696d6e445:981c33d0ba50159a	7dc37c2b9c38d560c8a046a9bef91e08d96a202a9157ee666b89634c5beaf9fe	R02	approved	
stage6_crudsql_0293	crudsql:test:1173:c5acd34034b411e9874b542696d6e445:99a76809bb94c3a7	6552c6fc169aced868ee8b3aa58c42c7a86d5814a87f4c2de108ff0b664ac583	R02	approved	
stage6_crudsql_0294	crudsql:test:1174:c5acd34034b411e9874b542696d6e445:b04526e2e45ba43a	33a4b1d3c93dad808d9a1447764f9235f38789ee55fbffaf1f9cf8d156a735ca	R02	approved	
stage6_crudsql_0295	crudsql:test:1175:c5acd34034b411e9874b542696d6e445:2bffb0304ffc099f	4b555536c843a84894ac9a3dac221228987053bf839facb39a32e2cf4a04650d	R02	approved	
stage6_crudsql_0296	crudsql:test:1188:c5acbc2834b411e9b03b542696d6e445:4870a66984223163	5a25feff3e1c175ff840daafc6c8ecc9b23131195761f0455f7c4f1a1f2a5128	R02	approved	
stage6_crudsql_0297	crudsql:test:1189:c5acbc2834b411e9b03b542696d6e445:17f14c689f08a573	42d55517af582daf92347330e99ef51f4fef804ff8cf1de053f21c326a8f53ee	R02	approved	
stage6_crudsql_0298	crudsql:test:1190:c5acbc2834b411e9b03b542696d6e445:d3f814402b0fa51b	a5da780515c1ffebc07f364a5356c066ddd76e52e46a32578cb3af6f030aff1e	R02	approved	
stage6_crudsql_0299	crudsql:test:1191:c5acbc2834b411e9b03b542696d6e445:2a4b574819566c9c	a66ef021e1369691e96dfd463b1fc14daafd43d3746b27912e00b42a5054c095	R02	approved	
stage6_crudsql_0300	crudsql:test:1204:c5ac847534b411e9bd09542696d6e445:927bb1bb276aa8a4	c1512568487fd2c0a2e0294d26d5ababce701ed746b3789cac3b3f58f8aabf2c	R02	approved	
stage6_crudsql_0301	crudsql:test:1205:c5ac847534b411e9bd09542696d6e445:16b3569195e88cca	3362a57bf083251e6266d38972fd05af35825b7c0a1379f85f1875de32243fd6	R02	approved	
stage6_crudsql_0302	crudsql:test:1206:c5ac847534b411e9bd09542696d6e445:e9fa1edf0e2e8025	589d46af9a6b416a0ff410cab390dc13d2e5e5aca942225346ca4fe9beb2b28b	R02	approved	
stage6_crudsql_0303	crudsql:test:1207:c5ac847534b411e9bd09542696d6e445:1f8316abb1dc84ba	269fa11d6e5bc3cdf7c0c15ce5edfedbb6ceb37264d017494bbe43bd57c4d26e	R02	approved	
stage6_crudsql_0304	crudsql:test:1220:c5ab972834b411e9bf8c542696d6e445:8670282872b96d5d	0e64d44ba89e675100889a7f6b0bbd9fff068a200a8d03fab0bd8cd372f18355	R02	approved	
stage6_crudsql_0305	crudsql:test:1221:c5ab972834b411e9bf8c542696d6e445:14106cc84ae16b30	18ae75a6481879224f4fd494884a9b0b7a047d1f174707bfcbaa958039e8b53c	R02	approved	
stage6_crudsql_0306	crudsql:test:1222:c5ab972834b411e9bf8c542696d6e445:2af6e79ebe67259d	e68d76ad8b8895787a9d8b39d0e4899a0e7a0400451f9a06d48093aef74900cd	R02	approved	
stage6_crudsql_0307	crudsql:test:1223:c5ab972834b411e9bf8c542696d6e445:1e7d94dbe00e46d6	d989bdfeda25d16fa857d63d13e30f66e1a08d3d35c63df77ac584e8a0e27e0a	R02	approved	
stage6_crudsql_0308	crudsql:test:1236:c5aad47834b411e9a517542696d6e445:8c9c473fd5299574	ee227acf5094b2b9a8b365031289e8ac39400f7cb4f6f564335e03869e29cf52	R02	rejected	WRONG_TABLE: The target table concerns oil-tanker vessel types, while the NL uses dry-bulk vessel classes (Handysize/Capesize/Panamax Bulker/Handymax).
stage6_crudsql_0309	crudsql:test:1237:c5aad47834b411e9a517542696d6e445:b593ed390265a219	6a95362796f657ad248eeca0a7cff349fe07d4e16ea45a95bb50117f07536a9a	R02	rejected	WRONG_TABLE: The target table concerns oil-tanker vessel types, while the NL uses dry-bulk vessel classes (Handysize/Capesize/Panamax Bulker/Handymax).
stage6_crudsql_0310	crudsql:test:1238:c5aad47834b411e9a517542696d6e445:7c0486dbee9bd0e3	c93884618ea4e9fb69afee109aa60edc7bf08581772f640bf17717afc175f0c2	R02	rejected	WRONG_TABLE: The target table concerns oil-tanker vessel types, while the NL uses dry-bulk vessel classes (Handysize/Capesize/Panamax Bulker/Handymax).
stage6_crudsql_0311	crudsql:test:1239:c5aad47834b411e9a517542696d6e445:21717fccd4d8411e	6a5367c4abc968fb74b3e1e1180247177b92bebee018aef388a9678dfd12ca31	R02	rejected	WRONG_TABLE: The target table concerns oil-tanker vessel types, while the NL uses dry-bulk vessel classes (Handysize/Capesize/Panamax Bulker/Handymax).
stage6_crudsql_0312	crudsql:test:1252:69d5ac6b334311e9af01542696d6e445:2b8f6f986ef64678	afd10720784195e71b62d30176a0d768f69f19041d2d16d171fb8b0e414f2816	R02	approved	
stage6_crudsql_0313	crudsql:test:1253:69d5ac6b334311e9af01542696d6e445:c81c9b06c3c19fda	82ada0bdd33d7bb90a7a73d50946215de02707840630c6c2f54012e50722c720	R02	approved	
stage6_crudsql_0314	crudsql:test:1254:69d5ac6b334311e9af01542696d6e445:78514c03d5b28d54	a9f346d3898427aefcc69ca6762a91a429a6624ac42cc85bd662873c0a384948	R02	approved	
stage6_crudsql_0315	crudsql:test:1255:69d5ac6b334311e9af01542696d6e445:da6635ef951b0a58	734f3a986924f87b4528a44bfe4114c640a44d685bb0af59ba7e29bee25f93fb	R02	approved	
stage6_crudsql_0316	crudsql:test:1268:69d56ffd334311e9a90e542696d6e445:9e69a94497284e3f	0fdbcc5d32cf7819f042a6898787ea93251d700bcd121c2c64b8c3e8d775f2e7	R02	approved	
stage6_crudsql_0317	crudsql:test:1269:69d56ffd334311e9a90e542696d6e445:58671b8d29af7bf2	d3e2ea1ac182b08abba36bf4624a73b60dac447368de144fb735682639747f44	R02	rejected	INCORRECT_VALUE_MAPPING: NL specifies 城市=南昌, but gold writes 城市=合肥.
stage6_crudsql_0318	crudsql:test:1270:69d56ffd334311e9a90e542696d6e445:89d9a4e6d7e0493a	f5ce95b3f62849d7df3921e642ac585cd2f2eb2f2282462e0a1834dbae203601	R02	approved	
stage6_crudsql_0319	crudsql:test:1271:69d56ffd334311e9a90e542696d6e445:9bb4c4a7e17687e7	1a4dbd5831d4b7ac137b2a27074e1752f44e6dfa14fb3fed8deb636ceda99395	R02	approved	
stage6_crudsql_0320	crudsql:test:1284:69d51994334311e99ba2542696d6e445:d1e64417a330e078	954756c9830a0b3458ddb26ecc94b956ccfc39a87ce5398c86bfb58edb6764c4	R02	approved	
stage6_crudsql_0321	crudsql:test:1285:69d51994334311e99ba2542696d6e445:9d14a331e0313d8e	801cf2386e33025aece28b688127be73db968b92496041a033b9769f30f96d1e	R02	approved	
stage6_crudsql_0322	crudsql:test:1286:69d51994334311e99ba2542696d6e445:28be936d029ae230	c9d4cf0f2b802fe0bf93acdd33ab0353930cd22f9e4e06942255740e7bf10f18	R02	approved	
stage6_crudsql_0323	crudsql:test:1287:69d51994334311e99ba2542696d6e445:42967e510b4bdbfa	13d08468bb35dbdd901f63b5cbd492310ada69b3432e3de033fe981354d0d6a6	R02	approved	
stage6_crudsql_0324	crudsql:test:1300:69d4e34a334311e9b3b1542696d6e445:05506bd07ddf7c02	1a97ae131136d2fe782ce69990320136ea0a681e97cd80605a4e0fcfef1c188d	R02	approved	
stage6_crudsql_0325	crudsql:test:1301:69d4e34a334311e9b3b1542696d6e445:42732704651cc443	83467c4b59ace47b6b327641de348e661c942f6fb627e834da0c6acccff38336	R02	approved	
stage6_crudsql_0326	crudsql:test:1302:69d4e34a334311e9b3b1542696d6e445:27c3d15dbe7ec7f2	f0024d1ba7e1f28818fc54f06148fd22abb01a12ba4b0e92c3b1366200d30e3e	R02	approved	
stage6_crudsql_0327	crudsql:test:1303:69d4e34a334311e9b3b1542696d6e445:66520ef546361b04	4a3998ea8a3ff60eb0f968c487b4cfeb0709ad2cba0756859ae9dc3bfc66b7e6	R02	approved	
stage6_crudsql_0328	crudsql:test:1316:69d4ce4f334311e9a374542696d6e445:bcd2385f1e062478	60d3e3a8ec5b67dde6c0a616cba8875a3e3e9d15c753c674c59cfb05f937155c	R02	approved	
stage6_crudsql_0329	crudsql:test:1317:69d4ce4f334311e9a374542696d6e445:7c60f67efe138cb7	c76204b14de36b836527f11aac6f07f76e40aa4f34884f665b6e71b2c7d6946f	R02	approved	
stage6_crudsql_0330	crudsql:test:1318:69d4ce4f334311e9a374542696d6e445:190d330acaf4f8dc	e9999117c50985a7d11c2981494c0932b87c08625ddd498fda3a0dc2a6618cf0	R02	approved	
stage6_crudsql_0331	crudsql:test:1319:69d4ce4f334311e9a374542696d6e445:410c8bb5cc7dedf6	29521840f542ac0377a1229db9d286b935b5aa00da1155366b65c29d500f8195	R02	approved	
stage6_crudsql_0332	crudsql:test:1332:69d45ec0334311e98719542696d6e445:2b31058e0ee045d4	bc3a9766c5eaa0bee9b8334c9cdf23e6cdd4fda6c87cf4065af4fdf8764cb53c	R02	approved	
stage6_crudsql_0333	crudsql:test:1333:69d45ec0334311e98719542696d6e445:510d4670cd0ad56c	c58fd5a25d64308777f2a4106defa1247879e8ee878c1c46e076a50a0e5e65f9	R02	approved	
stage6_crudsql_0334	crudsql:test:1334:69d45ec0334311e98719542696d6e445:3ede57add93bf579	a80ebde7970938785b66c2fdf40b4ebbb1e32e816771328ef0f047365ab6a8b0	R02	approved	
stage6_crudsql_0335	crudsql:test:1335:69d45ec0334311e98719542696d6e445:ada8653b8ae29627	538e4921abc60f366033f59651c473a18c65ddded5cb2d15ee7f84ce0b8c4e06	R02	approved	
stage6_crudsql_0336	crudsql:test:1348:69d38e97334311e9affa542696d6e445:1816306679a9aa90	0412a14db45ebfcf68ba46a0ee9d8b532c3b38f251bfaa65c5810e3179706fe6	R02	approved	
stage6_crudsql_0337	crudsql:test:1349:69d38e97334311e9affa542696d6e445:b666bb7861753fec	66692ed8bee61d01dcbb65326799172ec662890021f356821c25919f22e76d63	R02	approved	
stage6_crudsql_0338	crudsql:test:1350:69d38e97334311e9affa542696d6e445:a1feaa3d98ffdc7a	993cffb2ea8a42fa152c51ee1ba5587646bc61f615ffe63263074c13700a14ca	R02	approved	
stage6_crudsql_0339	crudsql:test:1351:69d38e97334311e9affa542696d6e445:68391b625bc78490	d0f0faa2eaf370a435124cc9381a15388a42541a9c1d513c59cc21afc7a6077e	R02	approved	
stage6_crudsql_0340	crudsql:test:1364:69d22bb3334311e981da542696d6e445:c729e4947c2c1ec2	5db52b2e855e09f44ab9e94f4520b70657fecdb8e071462e30a20cc9e32115b6	R02	approved	
stage6_crudsql_0341	crudsql:test:1365:69d22bb3334311e981da542696d6e445:aebdedcfa25ebd71	955e480fd95539d128381cb7908a57b27c222ab9142ad830fdf3c9a977f38510	R02	approved	
stage6_crudsql_0342	crudsql:test:1366:69d22bb3334311e981da542696d6e445:729e0d65d0c734c9	b155634161091cfdc20aaff10f0953c62f7745d909a1a3d724af30d4dac41b2c	R02	approved	
stage6_crudsql_0343	crudsql:test:1367:69d22bb3334311e981da542696d6e445:5ef88fc80c95d81c	cadb039864a1c4ec7a218028ce7c08d1d242a6889a691dfc597314f0074b2bb6	R02	approved	
stage6_crudsql_0344	crudsql:test:1380:69d0a74c334311e9ad2d542696d6e445:4be8a8d182f42d3e	b6838de194ffaf220e8f30501d79a84ca0745c87860b9a015daf0c932b49e01a	R02	approved	
stage6_crudsql_0345	crudsql:test:1381:69d0a74c334311e9ad2d542696d6e445:9cb4698111902c4f	e76eaa18a45c0132621fd0c8d6c24f217f8c081dccd8268645067b1e34348f18	R02	approved	
stage6_crudsql_0346	crudsql:test:1382:69d0a74c334311e9ad2d542696d6e445:8fff28a48ff5e3a4	23828bd58f84e813e6fca9e41dbfc0e80cf1f190c4cd4a0fa82e14bfb83e7a74	R02	approved	
stage6_crudsql_0347	crudsql:test:1383:69d0a74c334311e9ad2d542696d6e445:309e5729faf4bcba	223d7ddf7136064fdc1f3430bbcf1e76fdcd96fd6435b5aef1ca85a1a839d3cd	R02	approved	
stage6_crudsql_0348	crudsql:test:1396:69cd1e11334311e9b703542696d6e445:6655992a789d41e5	d2dbdc4a18cf6eab296dbe1738c3840fadd8e10d5c577482f3486a343d1503b8	R02	approved	
stage6_crudsql_0349	crudsql:test:1397:69cd1e11334311e9b703542696d6e445:d2a9d8245a22524c	2dca89bc5750a5ab680730f8ee6b816c220bc8ecd54caab6220687efca014051	R02	approved	
stage6_crudsql_0350	crudsql:test:1398:69cd1e11334311e9b703542696d6e445:36b60f67f74e2d8e	de79d5cc760776739c05b4f9e17bb08d96f758023072a233a001c1ab0e6b103b	R02	approved	
stage6_crudsql_0351	crudsql:test:1399:69cd1e11334311e9b703542696d6e445:d045b6d04e6cbf9c	bb66d5887abbd9ae5b60e1c24ab0da57e9cae4b184898f5fb804f1edb47215b4	R02	approved	
stage6_crudsql_0352	crudsql:test:1412:69ccadd7334311e99873542696d6e445:2508ea56c2ee96aa	0742bbce8a7d2942a56edd3ddc51922a32ecffc605a36cc12342b96f20248a59	R02	approved	
stage6_crudsql_0353	crudsql:test:1413:69ccadd7334311e99873542696d6e445:d856a78dcb89de29	93c139240f9feec739999e0ef1ec45629849c5bde96705b3a9b1e259212aebf4	R02	approved	
stage6_crudsql_0354	crudsql:test:1414:69ccadd7334311e99873542696d6e445:badf2f7b04a5f318	cac5d1aa608fc4e8c8b905005bfe5e719f3953cd73cd0335e5043f1ee77715f2	R02	approved	
stage6_crudsql_0355	crudsql:test:1415:69ccadd7334311e99873542696d6e445:c93a14b1cfe0c6ce	797cbee2f13a22a050aad7c59a0de52e7d65c44f6baefecd009467e7b2c77a0f	R02	approved	
stage6_crudsql_0356	crudsql:test:1428:e0ae3902333a11e99bbc542696d6e445:f883472dc7e0fd37	e19f54a83506bfad12a78f0452ea5dd2b9b223531a16e5286e9c58343dddf5fe	R02	approved	
stage6_crudsql_0357	crudsql:test:1429:e0ae3902333a11e99bbc542696d6e445:a103d1e40e7e5ad3	9a3902dfe8531dd7717662478431a64e22598516019678dd9bf90a1aed4ec713	R02	approved	
stage6_crudsql_0358	crudsql:test:1430:e0ae3902333a11e99bbc542696d6e445:8f8877264b5f17cb	82cb1e888bb35a38533dbf88c4b24bd46fbfcd665acfaf2b33ee3fb8eb9fd4a9	R02	approved	
stage6_crudsql_0359	crudsql:test:1431:e0ae3902333a11e99bbc542696d6e445:a45f508bc67d5d24	5ccc47892368165c836da3fd83150fe784d0c41fb460725df6aa5c7a0a13b696	R02	approved	
stage6_crudsql_0360	crudsql:test:1444:e0ac610c333a11e99aa7542696d6e445:661439cec54a3b47	10d809d68399bf940d15dc6be446650e257b503d8dfb49f0ae61f3ae85b6aafb	R02	rejected	SOURCE_TASK_INVALID: The target table is for railway projects planned to open in the near-term period, while the NL inserts established high-speed rail lines outside that project scope.
stage6_crudsql_0361	crudsql:test:1445:e0ac610c333a11e99aa7542696d6e445:6d0f6499b84eb655	75ed2400befe68ab6d12074303b0ae9ccde8c7870976e09a7fbf1034d4eb8d59	R02	rejected	SOURCE_TASK_INVALID: The target table is for railway projects planned to open in the near-term period, while the NL inserts established high-speed rail lines outside that project scope.
stage6_crudsql_0362	crudsql:test:1446:e0ac610c333a11e99aa7542696d6e445:f61e282ff121e7de	f33a5fb7e5458b1b7f5dc0de41667c4c98d5099cde13f9c5056a37097b1c9c65	R02	rejected	SOURCE_TASK_INVALID: The target table is for railway projects planned to open in the near-term period, while the NL inserts established high-speed rail lines outside that project scope.
stage6_crudsql_0363	crudsql:test:1447:e0ac610c333a11e99aa7542696d6e445:f418a20d7952409f	54ed5acff073bea405352299b1af2a837d0023b2d6e1ace5353953363738cec8	R02	rejected	SOURCE_TASK_INVALID: The target table is for railway projects planned to open in the near-term period, while the NL inserts established high-speed rail lines outside that project scope.
stage6_crudsql_0364	crudsql:test:1460:e0ac1aa8333a11e9bd5e542696d6e445:b4d3737afee3ca09	bc7d54efd0995a7adbd7d871fd56fedeb957a62dbf54f36bc6394e8f519bcbc3	R02	approved	
stage6_crudsql_0365	crudsql:test:1461:e0ac1aa8333a11e9bd5e542696d6e445:a871583552d09fb4	96697363c2adbabe0ee34b33dedba05b1a22b8d6861101c919b6ded23b4b6e38	R02	approved	
stage6_crudsql_0366	crudsql:test:1462:e0ac1aa8333a11e9bd5e542696d6e445:6b702ac3cab68350	f8666f978e336fe5f9380a22a8ef57b2ce732695828a17ebbfd8b85117a02338	R02	approved	
stage6_crudsql_0367	crudsql:test:1463:e0ac1aa8333a11e9bd5e542696d6e445:2bf637bf8838757b	86b2055fe321eea571ac13d4fd92c7ad6c9b0a3392f4a2ac5b0c67e8cecc40ed	R02	approved	
stage6_crudsql_0368	crudsql:test:1476:c98e2fe8332111e998d5542696d6e445:096fc94dfb42d8af	f8f4d104bb19d62dd0d9667efe794107738a4632879aabecaa76e1cc6fb4eec2	R02	rejected	SOURCE_TASK_INVALID: The target table is explicitly limited to 一线城市 and its rows are 北上广深; the NL intentionally inserts a non-first-tier city, outside the frozen table scope.
stage6_crudsql_0369	crudsql:test:1477:c98e2fe8332111e998d5542696d6e445:17ab610c36ea3819	034cef8031e74ae6c7f4796ff10a5ae87bc97e3d1d6b338c63ac126d54769250	R02	rejected	SOURCE_TASK_INVALID: The target table is explicitly limited to 一线城市 and its rows are 北上广深; the NL intentionally inserts a non-first-tier city, outside the frozen table scope.
stage6_crudsql_0370	crudsql:test:1478:c98e2fe8332111e998d5542696d6e445:655805f5f3b2c23e	08cf47f78a7ae0543cbbc1497f5d32cad094db1cc0d911c6b61d67beef661a40	R02	rejected	SOURCE_TASK_INVALID: The target table is explicitly limited to 一线城市 and its rows are 北上广深; the NL intentionally inserts a non-first-tier city, outside the frozen table scope.
stage6_crudsql_0371	crudsql:test:1479:c98e2fe8332111e998d5542696d6e445:2fffc102c7e5766e	a919fb7d73b288b2ea1c35a2afc0c874929e7bde88c01d0d01ecb99cd0febcc8	R02	rejected	SOURCE_TASK_INVALID: The target table is explicitly limited to 一线城市 and its rows are 北上广深; the NL intentionally inserts a non-first-tier city, outside the frozen table scope.
stage6_crudsql_0372	crudsql:test:1492:c98dfe73332111e99574542696d6e445:6666839a92797cbf	4e7604841eb00afb94997491f0d11a11ed00abd59bf45ceb29c857adcd93448c	R02	approved	
stage6_crudsql_0373	crudsql:test:1493:c98dfe73332111e99574542696d6e445:4b6f3d510460d9c9	682c2cd8939a89b54fbc6ceed530731d52e61f414dc60b5827ea1f31b8e04dc9	R02	approved	
stage6_crudsql_0374	crudsql:test:1494:c98dfe73332111e99574542696d6e445:bac4d226d0b7d7df	af4fba693b6c760f2a019eef5816832d8fcda42ef233a89f798c9b6e56e5f7b9	R02	approved	
stage6_crudsql_0375	crudsql:test:1495:c98dfe73332111e99574542696d6e445:8742c957b78f78c2	b071719bf31e8af8e18b7b244cb43b5c9ecd2b4bc6cea2babacce7ff158f3789	R02	approved	
stage6_crudsql_0376	crudsql:test:1508:c98df9a6332111e98a66542696d6e445:141357cb0a6c474b	7b76e52b58b008acae057269b3846f0e05cca66232bb20f0a8a0cf3890ab6569	R02	approved	
stage6_crudsql_0377	crudsql:test:1509:c98df9a6332111e98a66542696d6e445:e6577e08878ca9cb	3d66a57040e265a391c05aa3d838650494d5a5d981701fb4aa91062683456433	R02	approved	
stage6_crudsql_0378	crudsql:test:1510:c98df9a6332111e98a66542696d6e445:79be133890fb3361	f818bd8f87444694def832fb430ebc376c5a8b853c8e594ca944d977574dfa2f	R02	approved	
stage6_crudsql_0379	crudsql:test:1511:c98df9a6332111e98a66542696d6e445:b20bd16632276e47	897cdb6292f267733a09627d22f47e9738e4cbe13bddc19d3a6bbacd75f82ac1	R02	approved	
stage6_crudsql_0380	crudsql:test:1524:c98d1342332111e98d98542696d6e445:883bf1ca1c46a5f7	7a3002e11c70b6caf480930b99bbed2619999c8884e0c3ecd373c47922d21a34	R02	approved	
stage6_crudsql_0381	crudsql:test:1525:c98d1342332111e98d98542696d6e445:0b28ac220b8824b9	63c2041f65e55bafe069d2025c1a42748a01d39fb7803706704635a3b2013891	R02	approved	
stage6_crudsql_0382	crudsql:test:1526:c98d1342332111e98d98542696d6e445:2e55ed5085108f5d	859728e10ebb874b270b829c93e6f1c856fc87e178a6a2726d55c77fce89f771	R02	approved	
stage6_crudsql_0383	crudsql:test:1527:c98d1342332111e98d98542696d6e445:60eb75a98e176fda	56cc4d58c7c1d8f1bc8279ed12818e742b31d7c5a989344a35dce14145bf1887	R02	approved	
stage6_crudsql_0384	crudsql:test:1540:c98c4ade332111e9a9ce542696d6e445:7184e96b96742928	a001dac4221671d468560e03aba399c84e066468c5da146ae5c426df31aeab50	R02	approved	
stage6_crudsql_0385	crudsql:test:1541:c98c4ade332111e9a9ce542696d6e445:4b9dcd452a05023a	33160c5f2414e710d9734002410ece67e2e1bb04a16b86f97b031c056bdcd4bb	R02	approved	
stage6_crudsql_0386	crudsql:test:1542:c98c4ade332111e9a9ce542696d6e445:e694d88bb9c4827e	553d82581aaede199e6477bb48453d8eddb5e8278df25341ff0af021ca6f5091	R02	approved	
stage6_crudsql_0387	crudsql:test:1543:c98c4ade332111e9a9ce542696d6e445:0eed861e667fad6d	cf97c8bc814dbd8d5cfee61e4d7754e83cdd6dd740a54da5f1d099decc5c18c3	R02	approved	
stage6_crudsql_0388	crudsql:test:1556:c98c2fe1332111e992dc542696d6e445:41872f071d79c0ae	4270c083b888c3d5944305b4e2383309d5a44502f77934a3a0b3b5b918ad6f0b	R02	approved	
stage6_crudsql_0389	crudsql:test:1557:c98c2fe1332111e992dc542696d6e445:5eea749cadaa3d58	ae4d09f5d753f55ba5489b2fb9f953a6c497e0868a3dbb5de30c68515aba5be3	R02	approved	
stage6_crudsql_0390	crudsql:test:1558:c98c2fe1332111e992dc542696d6e445:44adfed9e6f2d0e9	27496ba71a132c7c751ac666239bf258408727c89bf0f5368c44563bada130fc	R02	approved	
stage6_crudsql_0391	crudsql:test:1559:c98c2fe1332111e992dc542696d6e445:6a13121e5716e46f	4c8eb587b856418ac8498e02ec6d431ee0a08f875a0fe38b85daae9cd01b6c39	R02	approved	
stage6_crudsql_0392	crudsql:test:1572:c98c03ee332111e9b7eb542696d6e445:666dd97b5b7b4804	4ea166bddb3f72642bfdd6d5b2086acbca65332605ea0d30003e884df754b41a	R02	approved	
stage6_crudsql_0393	crudsql:test:1573:c98c03ee332111e9b7eb542696d6e445:2daad0ec61cb260f	2bd906b8f25cbc48fc1ce46a5a5fa1843ef5b9415d664495d032147d617584f9	R02	approved	
stage6_crudsql_0394	crudsql:test:1574:c98c03ee332111e9b7eb542696d6e445:bc17e94e31344f74	644c1c2b8f5f4830a3acdf0484c4d8bde56bd05fd29802002752d9ec421eb199	R02	approved	
stage6_crudsql_0395	crudsql:test:1575:c98c03ee332111e9b7eb542696d6e445:a2b75cca811f2a9f	915ec8ede9e25fd9a19500876c64ec35afe253d861fcbcba184a02b236137d4a	R02	approved	
stage6_crudsql_0396	crudsql:test:1588:c98a335c332111e99ca4542696d6e445:50195061cb97394a	d9ec4650d08a92b307cc073dd4d9c0af744de22f0150da3b5f5335dc31451fcb	R02	approved	
stage6_crudsql_0397	crudsql:test:1589:c98a335c332111e99ca4542696d6e445:16fdd297b792cab8	6f54a69ec306aff12d18acfafc31dbf6fa9c29ac97164360289071878417af11	R02	approved	
stage6_crudsql_0398	crudsql:test:1590:c98a335c332111e99ca4542696d6e445:8ba604a331b29566	e9fe163ee905a20855fd698f1d0946ea7683c0cba8b4ada98c7ac0d9445fdba3	R02	approved	
stage6_crudsql_0399	crudsql:test:1591:c98a335c332111e99ca4542696d6e445:02ec0857b6b09c05	2f71870e5e3c265f54b92048073bb00e2de83f1cc919c298cf3261834807cdf4	R02	approved	
stage6_crudsql_0400	crudsql:test:1604:c98a0c6b332111e9ab6e542696d6e445:e6e2eea20a952661	c297de9856121dc4ec66ed16e57d7832a1799401c99444ccd73844b217f4bca2	R02	approved	
stage6_crudsql_0401	crudsql:test:1605:c98a0c6b332111e9ab6e542696d6e445:5104cc64e6f5961d	20a4b6f405ebb8e5322d900fc5916f61c59759dbd7d55e81675285e540a14633	R02	approved	
stage6_crudsql_0402	crudsql:test:1606:c98a0c6b332111e9ab6e542696d6e445:226f69c9f19e8018	2fae2afabb7ab7778d3565ef24000b58533da012a38bbee5883a6f6721373210	R02	approved	
stage6_crudsql_0403	crudsql:test:1607:c98a0c6b332111e9ab6e542696d6e445:b1617166f606ffd2	9816deebde10ef598153e858fc781941183a833f845efd5673c212888d59a243	R02	approved	
stage6_crudsql_0404	crudsql:test:1620:c98a06ab332111e9b639542696d6e445:f22fd20e0b2d8080	953f47683e3b667db023417efee7c9c097fe035b4c7e86187c9a3373cbd3527a	R02	approved	
stage6_crudsql_0405	crudsql:test:1621:c98a06ab332111e9b639542696d6e445:31e55fd14069f0cb	e1d353310c112912dd026e384dd9ad9f2e327c542b44051e8cc4a3150c8dd59b	R02	approved	
stage6_crudsql_0406	crudsql:test:1622:c98a06ab332111e9b639542696d6e445:88c4c474c2b26bc1	cd324a9ed668d6cc895d7c210700d1ad4dae50e2a2f62cb9709d772d9b45777e	R02	approved	
stage6_crudsql_0407	crudsql:test:1623:c98a06ab332111e9b639542696d6e445:d808f8532fefcaa1	38618464a2e12d28b8ad596b3d4180ad0701246fdc67dd0f9a5ea030b8ca2971	R02	approved	
stage6_crudsql_0408	crudsql:test:1636:c989a1e3332111e98586542696d6e445:7d4397f62f96e1bf	94fe24a9d9d04cf76e70da8aacab3794e5c071e93abe87fc0613d31f308302ec	R02	approved	
stage6_crudsql_0409	crudsql:test:1637:c989a1e3332111e98586542696d6e445:8569da119d0e4737	f7e60d4a2bd5e4d95e3f97e8ddae6000bfd25b3406ce03b4b627e40ab8b4573c	R02	approved	
stage6_crudsql_0410	crudsql:test:1638:c989a1e3332111e98586542696d6e445:fa63563c72d0de75	9e152787e9e98e3ee251f95516a590c249e4cabca188ab62595d781084a3ad39	R02	approved	
stage6_crudsql_0411	crudsql:test:1639:c989a1e3332111e98586542696d6e445:c076552b6396f944	7833a88a50fa14915ef7b44a58b74e7869922edbe777424d6c2ebb9afd2088dd	R02	approved	
stage6_crudsql_0412	crudsql:test:1652:c98987cc332111e9865a542696d6e445:1b4c70a67ebb42d9	ac1304365cf7f43f41583c91a45f0643a9f44582450f28672792a35ac8b9f63c	R02	approved	
stage6_crudsql_0413	crudsql:test:1653:c98987cc332111e9865a542696d6e445:232f0c2b1b0f7702	30685d8bc846068b27dde89051d664ce97c60a06c8358859ef1a2f68494ea501	R02	approved	
stage6_crudsql_0414	crudsql:test:1654:c98987cc332111e9865a542696d6e445:032c20de73942152	17b710827853e71f242c22ddad4b823364c92869f4171babeaf11fb3450043fb	R02	approved	
stage6_crudsql_0415	crudsql:test:1655:c98987cc332111e9865a542696d6e445:1d4e6266873f7cca	540396bfc2a438d866b8a3298a689a5d7522050901c5c3bcbe36444bb9c1d9a4	R02	approved	
stage6_crudsql_0416	crudsql:test:1668:c9896670332111e99719542696d6e445:05559addc03bfa93	cce27e48db917f214c970c148cb9ca7d867d7d2b217930a6784d8038d88ed831	R02	approved	
stage6_crudsql_0417	crudsql:test:1669:c9896670332111e99719542696d6e445:bfbdb1867a2571d5	5e791af1bca60fbba4660a439820a7b21d6fc0c4aa2968afeeff3f9d6bdb1599	R02	approved	
stage6_crudsql_0418	crudsql:test:1670:c9896670332111e99719542696d6e445:339d6dec9a1e6ae3	d2e2a81019085b85fce94d886c31b9e1e17b3a33c95fe0a041b5e8ec7c21a8ee	R02	approved	
stage6_crudsql_0419	crudsql:test:1671:c9896670332111e99719542696d6e445:5e4f2ac8f057c4e8	6deae88d9eb38849c615cf515c1702ddecf9ef19957015aebcd68e7b10c310e1	R02	approved	
stage6_crudsql_0420	crudsql:test:1684:5a4f254c312b11e981f7542696d6e445:749d7d92c0c5f50c	0194729d9e6d0b90e8a48e567e5a4d968a3d8d339031bc309a6f25cef7d9a22e	R02	approved	
stage6_crudsql_0421	crudsql:test:1685:5a4f254c312b11e981f7542696d6e445:5bd5e4c8ad992fe1	38f1d53a5f3e01a630bb9a901d7fff0baef7782465297343a74f90dfa103ca95	R02	approved	
stage6_crudsql_0422	crudsql:test:1686:5a4f254c312b11e981f7542696d6e445:fef1b3d0d81ce3bc	e73300e785844e07093cd76a09c3c3cbe54cfa3904bb59729e98be507b3b569e	R02	approved	
stage6_crudsql_0423	crudsql:test:1687:5a4f254c312b11e981f7542696d6e445:0c45e4e718cd4019	b8d254ea33556d6bd89bd511e344ad73227a72815da9b6eca431940985f4fadd	R02	approved	
stage6_crudsql_0424	crudsql:test:1700:5a4efa23312b11e9b5f9542696d6e445:61c305d1e8f66878	a85b2dc8e2dd546c5969c45aee9501823b620e5c4d0144b84bda7598614f479d	R02	approved	
stage6_crudsql_0425	crudsql:test:1701:5a4efa23312b11e9b5f9542696d6e445:8d18cfe2ea51b497	0f7de806c98732bebec162eb23b46e00ea7dc63d58b79bffbb7f2d380e1832ed	R02	approved	
stage6_crudsql_0426	crudsql:test:1702:5a4efa23312b11e9b5f9542696d6e445:f9d43f0961e1e3f3	afb2881e12ea98c373bfed83c839a9b8af8ed4fda279471af2506ed1040b7ffb	R02	approved	
stage6_crudsql_0427	crudsql:test:1703:5a4efa23312b11e9b5f9542696d6e445:5565af70f8826e72	eee8a2c4311552a0440f07449839197e0fdeae85a0773de91d5f6e600ea1c201	R02	approved	
stage6_crudsql_0428	crudsql:test:1716:5a4e7cb5312b11e9a2fa542696d6e445:470bf4a5e0df2ae4	726aa80c58fc5f0d236358ddcf4a72f52aaa0b12b17814e7cbaa71fad22870e7	R02	approved	
stage6_crudsql_0429	crudsql:test:1717:5a4e7cb5312b11e9a2fa542696d6e445:e7438d0e21ee2de9	0127b65038111dddb7f068460fb8d71233dc9c74a04aba24ecb1c73717940870	R02	approved	
stage6_crudsql_0430	crudsql:test:1718:5a4e7cb5312b11e9a2fa542696d6e445:31810988cc66d89c	fb212489bb907680448a9e75cf6931317949f38578d9b107d658295ff8f27fa1	R02	approved	
stage6_crudsql_0431	crudsql:test:1719:5a4e7cb5312b11e9a2fa542696d6e445:d6ba10c19610d7ca	edfdbceba3e698c4e350fc066dca58db3d9ee8f598e778d7f1e24f117d819f23	R02	approved	
stage6_crudsql_0432	crudsql:test:1732:5a4d636e312b11e9a474542696d6e445:9ff38b1164096afb	e5cdeea0dfe22e6bfca9156a6d3763f97b5407616f24c04a6982482ec7f07337	R02	approved	
stage6_crudsql_0433	crudsql:test:1733:5a4d636e312b11e9a474542696d6e445:5ac50fb0937b5dae	e011de10f1268ea1a3e740384c9bfca424688948d731e125fb8b4edc4d6d4dbd	R02	approved	
stage6_crudsql_0434	crudsql:test:1734:5a4d636e312b11e9a474542696d6e445:030b46a83e4fcb5e	577c575925eac36475fcb6c755a2820c2ed9971ee4be92c668e14b0ce85804ba	R02	approved	
stage6_crudsql_0435	crudsql:test:1735:5a4d636e312b11e9a474542696d6e445:689032f84a7a0038	ae53e3fd56b0181ef312b498ec1db6814d13b2321f346f05fd2571512664e25b	R02	approved	
stage6_crudsql_0436	crudsql:test:1748:5a4c6f70312b11e9b108542696d6e445:d528e334cd253aa6	078107ae436cee1292275371be50684f704b0b87fdc2578977e80509fb91eed1	R02	approved	
stage6_crudsql_0437	crudsql:test:1749:5a4c6f70312b11e9b108542696d6e445:c73c4a42cbdbce44	5b485bcee29a4c4ae649ba813ec656a85efdeabdf647d1bf95a33a587972c42e	R02	approved	
stage6_crudsql_0438	crudsql:test:1750:5a4c6f70312b11e9b108542696d6e445:c58bea8f9d16b80f	36318d11160e7b2a7d1eb0bc3e532cc3a4e28def22d5474aa39e60f46b26d379	R02	approved	
stage6_crudsql_0439	crudsql:test:1751:5a4c6f70312b11e9b108542696d6e445:36cbf79e8bfe5053	af216c951451b69064fa05f726d8c88c17912bc6ef121b99d89450831d444b3c	R02	approved	
stage6_crudsql_0440	crudsql:test:1764:5a4bf373312b11e9a9bd542696d6e445:0aeccdc289672870	2c11df9514962d7256b00fddd1eb552ae0a5db6ba8a72acb8b552d711415ced2	R02	approved	
stage6_crudsql_0441	crudsql:test:1765:5a4bf373312b11e9a9bd542696d6e445:12cc023c615f0118	b9e18682775e20ad65418ca13a3b423bb8e3c2c07e380f8144220a18d1696ad8	R02	approved	
stage6_crudsql_0442	crudsql:test:1766:5a4bf373312b11e9a9bd542696d6e445:3eeb8e4c3754e3d5	53338bb39d6d2c8233727ce3ca0c0797e9b31e87d467dfd62900b3d3ecf03201	R02	approved	
stage6_crudsql_0443	crudsql:test:1767:5a4bf373312b11e9a9bd542696d6e445:06f1f5561b01c96d	c3fbc910ec40b703c4bffdce8efbbbb68aae16ce199eb02f05611cf0e3eb6380	R02	approved	
stage6_crudsql_0444	crudsql:test:1780:5a4bc2bd312b11e9ba30542696d6e445:3cc489e87d88baaf	d86e34766c9a3868a05edac5bd2b6320cd049057094b98b22db7e96a9639a3a7	R02	approved	
stage6_crudsql_0445	crudsql:test:1781:5a4bc2bd312b11e9ba30542696d6e445:9d2c0e0c290def2e	cca0fe10b95c92dd7fdbd7c8ea16915cb937f81140b1eb412a20e08d22e87ed9	R02	approved	
stage6_crudsql_0446	crudsql:test:1782:5a4bc2bd312b11e9ba30542696d6e445:2bc59782b56008ab	d5d0ba0da87d7cb7ec171d2f771ded7e08db395ecfdcb9f345034e758e03029b	R02	approved	
stage6_crudsql_0447	crudsql:test:1783:5a4bc2bd312b11e9ba30542696d6e445:c80cdbe0531fda31	a0b1a8940172cb16679f3ebbe0d2f7dc7f086c9e61479eea759214ee53ec6210	R02	approved	
stage6_crudsql_0448	crudsql:test:1796:5a4a35fa312b11e9926c542696d6e445:005b7f2bed05f990	719a0dc966ec2c759d6ff4663a4542f2b400f71f675f4f9e60153f35beb67ac9	R02	approved	
stage6_crudsql_0449	crudsql:test:1797:5a4a35fa312b11e9926c542696d6e445:f5b2db74af13b0d1	d4cbb6653400899e9bc97d7c964bd6f7863457ad07a97fc45ab187f1ce18fdbe	R02	approved	
stage6_crudsql_0450	crudsql:test:1798:5a4a35fa312b11e9926c542696d6e445:90672f898e562177	39401e17a913c5ee20ea74b13861c38cdf80021c4701a7f99106ea3780a26bf0	R02	approved	
stage6_crudsql_0451	crudsql:test:1799:5a4a35fa312b11e9926c542696d6e445:e343cf09dd9463bc	4caf47ff838678dacb9ad890fd00ece58071265de9e729c51bc9a589163bae76	R02	approved	
stage6_crudsql_0452	crudsql:test:1812:5a46cfab312b11e996fc542696d6e445:5e37953cc0db4638	52762fb04e628802f3cd878fdc91077e47a10107ae81120ac9608cc829196a8f	R02	approved	
stage6_crudsql_0453	crudsql:test:1813:5a46cfab312b11e996fc542696d6e445:1ad84ca5df9583e9	2d0e19b421a8d833a5ae0f4ab9a320dcb1a13ec9d608b6a7ab5b046409bb0560	R02	approved	
stage6_crudsql_0454	crudsql:test:1814:5a46cfab312b11e996fc542696d6e445:12d477968c4e9bd7	a4e862105ce5ec63cdb6dc2cb39f0c70d6208189f226deafde165f42c161ef9a	R02	approved	
stage6_crudsql_0455	crudsql:test:1815:5a46cfab312b11e996fc542696d6e445:a3db2eab3a8a80e8	42f638456f06feef5aa9342d7eee55f51a2b7776ccf7681649a8eaa70ba4aba3	R02	approved	
stage6_crudsql_0456	crudsql:test:1828:2530a745302e11e9878a542696d6e445:80cdbb437c4f4999	9664176de7b188e03f781b85c919d0983d0d9d72abd40ce72ea34ae584869759	R02	approved	
stage6_crudsql_0457	crudsql:test:1829:2530a745302e11e9878a542696d6e445:17fa7d9a1358abbb	2362af5add9b2cf2b9055b8ea44635f96023817dc4f3feed38380c9d15445549	R02	approved	
stage6_crudsql_0458	crudsql:test:1830:2530a745302e11e9878a542696d6e445:951f72d898b9c3b0	b8d3cccaa14eed396999457c5ff70241f8e651937be4dff4a4bebcd792a524d2	R02	approved	
stage6_crudsql_0459	crudsql:test:1831:2530a745302e11e9878a542696d6e445:bbf34f0e6d79ad42	356dc2ca9badc1199b919ea3d866c7211e4978220898541415dbda4e8fefbf01	R02	approved	
stage6_crudsql_0460	crudsql:test:1844:43b317d11d7111e9a717f40f24344a08:20c481c8808d9019	4d54f3a3296bda3ab2d14dabaf19d1597dfa37d11b48e72b903c74a0fd0e9d67	R02	approved	
stage6_crudsql_0461	crudsql:test:1845:43b317d11d7111e9a717f40f24344a08:ad3509b45d60b3b2	d69e39ac28aba504c574d6a6275875c1e41e76584c99a156553358b4c09abe94	R02	approved	
stage6_crudsql_0462	crudsql:test:1846:43b317d11d7111e9a717f40f24344a08:9e4bbfc6ff39fa9e	b8480e0fa609f1406f1fe4d9f1b5c45273331c51e582161e519d3d102eb0c0fe	R02	approved	
stage6_crudsql_0463	crudsql:test:1847:43b317d11d7111e9a717f40f24344a08:de02a7fb5cdef88f	304834a31c642dd9a6d73656d64c737bcc949c5fddaea10a33a2e8c9f3d03632	R02	approved	
stage6_crudsql_0464	crudsql:test:1860:43af253d1d7111e9a7ddf40f24344a08:3013c04e8d4a8531	ff8ddd1b4377cfbfb1f2f7afa6bc0245d7ce24318953efe9472f3706b540fd57	R02	approved	
stage6_crudsql_0465	crudsql:test:1861:43af253d1d7111e9a7ddf40f24344a08:d3b9626f95419930	5273620885bc40ff0ba36d1c6f1565270ea6bbcc7a63d88037945a2a8a7ac23a	R02	approved	
stage6_crudsql_0466	crudsql:test:1862:43af253d1d7111e9a7ddf40f24344a08:4732e03b2762440e	b0e6306f61a1588f278d516385984f9c601200cc91dd388e34d40c9f2ba3f448	R02	rejected	SOURCE_TASK_INVALID: The target table is for companies with restricted-share unlocks, but 021291.BK / 华为概念 is a concept index rather than a company security.
stage6_crudsql_0467	crudsql:test:1863:43af253d1d7111e9a7ddf40f24344a08:2adccf57b488fa4f	b13f24b66a0910b293e29513ac0197198788576ff961d210fb0be9d462d262e2	R02	approved	
stage6_crudsql_0468	crudsql:test:1876:c5accda834b411e9beb7542696d6e445:45f3384bac46a34a	244f18374298dec541a8786dff71e5cee83757d06e9588768fdcc3ba8b65707d	R02	approved	
stage6_crudsql_0469	crudsql:test:1877:c5accda834b411e9beb7542696d6e445:1c5051178d2cd648	c506a172b8c3b440b97ae6a413a8f770b1ea99be19030c5c649b6d75351868d3	R02	approved	
stage6_crudsql_0470	crudsql:test:1878:c5accda834b411e9beb7542696d6e445:b79373dcae8655de	eea32664c4a5fb9a18bd9417880e4c76ead9a7ccb5bc403675c70d5827e9e266	R02	approved	
stage6_crudsql_0471	crudsql:test:1879:c5accda834b411e9beb7542696d6e445:cf95b2fd2d204a2b	1b20726d24d37e4a01513c9df6c0fd586ba9b0578b44c3cfe7f50867c79ca6e2	R02	approved	
stage6_crudsql_0472	crudsql:test:1892:69d2de5e334311e9903d542696d6e445:0a9a4642451c9c0e	25605f371a1b4455e74085640009dc6beb7e68848bb8e518b7c34b42def507c8	R02	approved	
stage6_crudsql_0473	crudsql:test:1893:69d2de5e334311e9903d542696d6e445:3c75eb56a1df4052	9460490d32496a5d73f4b31b8a94c746e43c9726cee5f41278ded3f4178fc8b3	R02	approved	
stage6_crudsql_0474	crudsql:test:1894:69d2de5e334311e9903d542696d6e445:6177e0f82c7421bc	1d6bc45adb9febf5e4c345f2d74d354d3893e86fe133c6fc3c87171d65f66103	R02	approved	
stage6_crudsql_0475	crudsql:test:1895:69d2de5e334311e9903d542696d6e445:5bdf57cc6d34c9cd	a8a581d3227eabbdfff038317d8c2863057f4d683518f91d4a7de6719ea43cdd	R02	approved	
stage6_crudsql_0476	crudsql:test:1908:69d29a23334311e99c4d542696d6e445:c6bdd61fbd4a01fa	702f34e849aa5bd2ce80951a162cae16412d823cf7f201bf8b2179e0d80e0f8c	R02	approved	
stage6_crudsql_0477	crudsql:test:1909:69d29a23334311e99c4d542696d6e445:148a00728dd79cec	c9798a94c485bf2d07bbb1d8a4872e0127a978bdde19b2b7d700810a05331ce3	R02	approved	
stage6_crudsql_0478	crudsql:test:1910:69d29a23334311e99c4d542696d6e445:17350857a40f6b5f	cd053d1960711bc5279a575c92a1e24e0f19d8bdea783d0ce9fd708942d1449a	R02	approved	
stage6_crudsql_0479	crudsql:test:1911:69d29a23334311e99c4d542696d6e445:16ab478e81897fe6	35fea30ae836575b41d67e1f4681a1b346d33a1d3e49825e2d1c81f86f9fcba8	R02	approved	
stage6_crudsql_0480	crudsql:test:1924:69d19c8a334311e9984a542696d6e445:9c1eb17939c12921	b55eba4acc215b179855da5e640f52bc50e0b364daed3614d33b72317b27fe50	R02	approved	
stage6_crudsql_0481	crudsql:test:1925:69d19c8a334311e9984a542696d6e445:d7399f90e5778adf	26ec8fcb6ccb1d15aeff458e5c1ad610537ba322615f2bad894d8c893e31d0b8	R02	approved	
stage6_crudsql_0482	crudsql:test:1926:69d19c8a334311e9984a542696d6e445:8d36112918f50d64	170aa78b81a4983117d88ac3a921c138203ac3016949b486c7649d8faed8c8f6	R02	approved	
stage6_crudsql_0483	crudsql:test:1927:69d19c8a334311e9984a542696d6e445:59518799c0e1065c	7e6b103179cbda1460cd92bf1bd317a1f1d26ef92397762a0274d164b2f89a01	R02	approved	
stage6_crudsql_0484	crudsql:test:1940:69cf5a2e334311e9a575542696d6e445:8bbf9291f7681d65	d79232a23fda3543cf5ada884193edde23cc09c5c1d82d7655a3a14726cf37cd	R02	approved	
stage6_crudsql_0485	crudsql:test:1941:69cf5a2e334311e9a575542696d6e445:af855fb241460ed2	4c51100d517ba6bac9ad62ae49ab9a4626cf0dbd3292f97d4af22ca062404a60	R02	approved	
stage6_crudsql_0486	crudsql:test:1942:69cf5a2e334311e9a575542696d6e445:9ee8ab735d34ce41	31eb7c01e626a5cd9aa81ff876252c024d761d172ae6abd4abf5b855b863dfa3	R02	approved	
stage6_crudsql_0487	crudsql:test:1943:69cf5a2e334311e9a575542696d6e445:660701a8763a1f23	3c1b071449c8d97e7561521aa1acbd6c73b037d6c0839e8bff557384ccb93efa	R02	approved	
stage6_crudsql_0488	crudsql:test:1956:69ccb999334311e990b2542696d6e445:8d9f444e0f164be4	e1de3ba669806e173efe5dde69c5820c6aca05f9528d1256a1ecab6fc0461a3c	R02	approved	
stage6_crudsql_0489	crudsql:test:1957:69ccb999334311e990b2542696d6e445:cd3f57d4a245da17	8d360ce8751c017afaba1a247319abb307f66d69bf6f1f30ab211c43af3b613d	R02	approved	
stage6_crudsql_0490	crudsql:test:1958:69ccb999334311e990b2542696d6e445:f095fe204208e8cf	53d0c4354b9ece0f082fa03a41eddfaf57b9fbe2c5c87d2f8a8d54c081336f75	R02	approved	
stage6_crudsql_0491	crudsql:test:1959:69ccb999334311e990b2542696d6e445:32ad75302bf3f0a6	6742becddaa4452b84f8f683eaaf713a0b9a3b222f22980b4fc45513f5abf05b	R02	approved	
stage6_crudsql_0492	crudsql:test:1972:e0ae97c5333a11e9b7cc542696d6e445:a03e44a08ee330f0	09b960d66a1eb38865e777d962e9bec3b7aff7089e86ea81b9f58e6aa9ad0811	R02	approved	
stage6_crudsql_0493	crudsql:test:1973:e0ae97c5333a11e9b7cc542696d6e445:2fd87aebccd6fdc7	201d71b669c8c7258a46146cd27b6380f510b31c7f30c5ec66f2506068b9cbe1	R02	approved	
stage6_crudsql_0494	crudsql:test:1974:e0ae97c5333a11e9b7cc542696d6e445:60bd3e03e42791c4	7eee935c35980e6862c5b3b93af52d190e887017a72b55fecab678511668c8b1	R02	approved	
stage6_crudsql_0495	crudsql:test:1975:e0ae97c5333a11e9b7cc542696d6e445:9192729473e0e3d2	06c30a8da4cc18c14c4b8f6a07ff322c04f52bfecae40387f54d435f319a3bd8	R02	approved	
stage6_crudsql_0496	crudsql:test:1988:e0ac4d54333a11e98222542696d6e445:f30b5cf0b59af153	6f4e9dbd714f33c709a5d8f32772de28ca4d880c7539b4a5002a9ab5ced2d88e	R02	approved	
stage6_crudsql_0497	crudsql:test:1989:e0ac4d54333a11e98222542696d6e445:40f3c7e030b151c9	2330dc380f050661f5868711f56fbc7d9f84ecc31c8f2aadc0ce8b243e912251	R02	approved	
stage6_crudsql_0498	crudsql:test:1990:e0ac4d54333a11e98222542696d6e445:35781927e5974a9d	9f5bd9ac1cb13c20fa004146d4fe64066b22606ec76db722b662b0da0f703861	R02	approved	
stage6_crudsql_0499	crudsql:test:1991:e0ac4d54333a11e98222542696d6e445:9dadc0f11bc8fc3e	d001eba9723178b791c8d35f02496760e2d581203f2ff31056c0bf8dc5324138	R02	approved	
