sample_id,direct_correct,jfs_correct,mpfsplus_correct,paired_category,observed_mpfsplus_failure_stage,observed_mpfsplus_failure_reason,hypothesized_baseline_advantage,baseline_advantage_requires_manual_audit
final_archeology_001,1,1,0,DIRECT_J_CORRECT_MP_WRONG,verification,TARGET_MISSING_COLUMN,,1
final_archeology_002,0,0,0,ALL_WRONG,,,,0
final_archeology_003,0,0,0,ALL_WRONG,,,,0
final_archeology_004,1,1,1,ALL_CORRECT,,,,0
final_archeology_005,1,1,0,DIRECT_J_CORRECT_MP_WRONG,materialization,VALUE_MISSING,,1
final_archeology_006,1,1,1,ALL_CORRECT,,,,0
final_archeology_007,1,1,1,ALL_CORRECT,,,,0
final_archeology_008,1,1,1,ALL_CORRECT,,,,0
final_archeology_009,1,1,1,ALL_CORRECT,,,,0
final_archeology_010,1,1,0,DIRECT_J_CORRECT_MP_WRONG,verification,CONFLICT_MISSING,,1
final_archeology_011,0,1,0,J_CORRECT_MP_WRONG,materialization,VALUE_MISSING,,1
final_archeology_012,1,1,0,DIRECT_J_CORRECT_MP_WRONG,materialization,VALUE_MISSING,,1
final_archeology_013,1,1,1,ALL_CORRECT,,,,0
final_archeology_014,1,1,1,ALL_CORRECT,,,,0
final_archeology_015,1,1,1,ALL_CORRECT,,,,0
final_archeology_016,0,0,0,ALL_WRONG,,,,0
final_archeology_017,0,0,0,ALL_WRONG,,,,0
final_archeology_018,1,1,1,ALL_CORRECT,,,,0
final_archeology_019,1,1,1,ALL_CORRECT,,,,0
final_archeology_020,1,1,1,ALL_CORRECT,,,,0
final_archeology_021,1,1,0,DIRECT_J_CORRECT_MP_WRONG,reference_resolution,REF_UNKNOWN_COLUMN,,1
final_archeology_022,1,1,1,ALL_CORRECT,,,,0
final_archeology_023,1,1,1,ALL_CORRECT,,,,0
final_archeology_024,1,1,1,ALL_CORRECT,,,,0
final_archeology_025,1,1,0,DIRECT_J_CORRECT_MP_WRONG,verification,TARGET_MISSING_COLUMN,,1
final_archeology_026,1,1,0,DIRECT_J_CORRECT_MP_WRONG,verification,TARGET_MISSING_COLUMN,,1
final_archeology_027,1,1,0,DIRECT_J_CORRECT_MP_WRONG,reference_resolution,REF_UNKNOWN_COLUMN,,1
final_archeology_028,1,1,1,ALL_CORRECT,,,,0
final_archeology_029,1,1,0,DIRECT_J_CORRECT_MP_WRONG,verification,CONFLICT_MISSING,,1
final_archeology_030,1,1,1,ALL_CORRECT,,,,0
final_archeology_031,0,0,0,ALL_WRONG,,,,0
final_archeology_032,1,1,0,DIRECT_J_CORRECT_MP_WRONG,state_mismatch,STATE_WRONG_CONFLICT_BEHAVIOR,,1
final_archeology_033,0,1,0,J_CORRECT_MP_WRONG,verification,CONFLICT_WRONG_UPDATE_COLUMNS,,1
final_archeology_034,1,1,1,ALL_CORRECT,,,,0
final_archeology_035,1,1,0,DIRECT_J_CORRECT_MP_WRONG,reference_resolution,REF_UNKNOWN_COLUMN,,1
final_archeology_036,1,1,0,DIRECT_J_CORRECT_MP_WRONG,reference_resolution,REF_UNKNOWN_COLUMN,,1
final_archeology_037,1,1,1,ALL_CORRECT,,,,0
final_archeology_038,1,1,1,ALL_CORRECT,,,,0
final_archeology_039,1,1,1,ALL_CORRECT,,,,0
final_archeology_040,1,1,0,DIRECT_J_CORRECT_MP_WRONG,verification,TARGET_MISSING_COLUMN,,1
final_archeology_041,1,1,0,DIRECT_J_CORRECT_MP_WRONG,reference_resolution,REF_UNKNOWN_COLUMN,,1
final_archeology_042,1,1,0,DIRECT_J_CORRECT_MP_WRONG,materialization,VALUE_MISSING,,1
final_archeology_043,1,1,1,ALL_CORRECT,,,,0
final_archeology_044,1,1,1,ALL_CORRECT,,,,0
final_archeology_045,1,1,1,ALL_CORRECT,,,,0
final_archeology_046,1,1,0,DIRECT_J_CORRECT_MP_WRONG,state_mismatch,STATE_WRONG_VALUE,,1
final_archeology_047,0,1,0,J_CORRECT_MP_WRONG,materialization,VALUE_WRONG_EVIDENCE_SPAN,,1
final_archeology_048,1,1,0,DIRECT_J_CORRECT_MP_WRONG,verification,TARGET_MISSING_COLUMN,,1
final_archeology_049,1,1,0,DIRECT_J_CORRECT_MP_WRONG,reference_resolution,REF_UNKNOWN_COLUMN,,1
final_archeology_050,1,1,0,DIRECT_J_CORRECT_MP_WRONG,reference_resolution,REF_UNKNOWN_COLUMN,,1
final_archeology_051,1,1,1,ALL_CORRECT,,,,0
final_archeology_052,1,1,1,ALL_CORRECT,,,,0
final_archeology_053,1,1,1,ALL_CORRECT,,,,0
final_archeology_054,1,1,1,ALL_CORRECT,,,,0
final_archeology_055,1,1,0,DIRECT_J_CORRECT_MP_WRONG,reference_resolution,REF_INVALID_SOURCE_REF,,1
final_archeology_056,1,1,0,DIRECT_J_CORRECT_MP_WRONG,materialization,VALUE_MISSING,,1
final_archeology_057,1,0,0,DIRECT_CORRECT_MP_WRONG,materialization,VALUE_MISSING,,1
final_archeology_058,1,1,1,ALL_CORRECT,,,,0
final_archeology_059,1,1,1,ALL_CORRECT,,,,0
final_archeology_060,1,0,1,MP_CORRECT_J_WRONG,,,,0
final_polar_001,1,1,0,DIRECT_J_CORRECT_MP_WRONG,materialization,VALUE_NORMALIZATION_ERROR,,1
final_polar_002,1,1,0,DIRECT_J_CORRECT_MP_WRONG,materialization,VALUE_NORMALIZATION_ERROR,,1
final_polar_003,1,0,0,DIRECT_CORRECT_MP_WRONG,reference_resolution,REF_UNKNOWN_COLUMN,,1
final_polar_004,1,1,1,ALL_CORRECT,,,,0
final_polar_005,0,1,1,MP_CORRECT_DIRECT_WRONG,,,,0
final_polar_006,1,1,1,ALL_CORRECT,,,,0
final_polar_007,1,1,1,ALL_CORRECT,,,,0
final_polar_008,1,1,1,ALL_CORRECT,,,,0
final_polar_009,1,0,1,MP_CORRECT_J_WRONG,,,,0
final_polar_010,1,1,1,ALL_CORRECT,,,,0
final_polar_011,1,1,1,ALL_CORRECT,,,,0
final_polar_012,1,1,1,ALL_CORRECT,,,,0
final_polar_013,1,1,1,ALL_CORRECT,,,,0
final_polar_014,1,1,0,DIRECT_J_CORRECT_MP_WRONG,state_mismatch,STATE_WRONG_VALUE,,1
final_polar_015,1,0,0,DIRECT_CORRECT_MP_WRONG,state_mismatch,STATE_WRONG_VALUE,,1
final_polar_016,1,1,0,DIRECT_J_CORRECT_MP_WRONG,materialization,VALUE_NORMALIZATION_ERROR,,1
final_polar_017,1,1,0,DIRECT_J_CORRECT_MP_WRONG,verification,CONFLICT_WRONG_UPDATE_COLUMNS,,1
final_polar_018,1,0,1,MP_CORRECT_J_WRONG,,,,0
final_polar_019,1,1,1,ALL_CORRECT,,,,0
final_polar_020,1,1,1,ALL_CORRECT,,,,0
final_polar_021,1,0,1,MP_CORRECT_J_WRONG,,,,0
final_polar_022,1,1,1,ALL_CORRECT,,,,0
final_polar_023,1,1,0,DIRECT_J_CORRECT_MP_WRONG,preflight,PREFLIGHT_UNIQUE,,1
final_polar_024,1,1,1,ALL_CORRECT,,,,0
final_polar_025,1,1,0,DIRECT_J_CORRECT_MP_WRONG,materialization,VALUE_MISSING,,1
final_polar_026,1,1,0,DIRECT_J_CORRECT_MP_WRONG,materialization,VALUE_MISSING,,1
final_polar_027,1,0,0,DIRECT_CORRECT_MP_WRONG,verification,CONFLICT_MISSING,,1
final_polar_028,1,1,1,ALL_CORRECT,,,,0
final_polar_029,1,1,1,ALL_CORRECT,,,,0
final_polar_030,1,0,1,MP_CORRECT_J_WRONG,,,,0
final_polar_031,1,1,0,DIRECT_J_CORRECT_MP_WRONG,reference_resolution,REF_UNKNOWN_COLUMN,,1
final_polar_032,1,1,1,ALL_CORRECT,,,,0
final_polar_033,0,0,0,ALL_WRONG,,,,0
final_polar_034,1,1,1,ALL_CORRECT,,,,0
final_polar_035,0,1,1,MP_CORRECT_DIRECT_WRONG,,,,0
final_polar_036,1,0,1,MP_CORRECT_J_WRONG,,,,0
final_polar_037,1,1,1,ALL_CORRECT,,,,0
final_polar_038,0,0,1,ONLY_MP_CORRECT,,,,0
final_polar_039,1,0,1,MP_CORRECT_J_WRONG,,,,0
final_polar_040,1,1,0,DIRECT_J_CORRECT_MP_WRONG,materialization,VALUE_MISSING,,1
final_polar_041,1,1,0,DIRECT_J_CORRECT_MP_WRONG,verification,CONFLICT_MISSING,,1
final_polar_042,1,0,0,DIRECT_CORRECT_MP_WRONG,materialization,VALUE_MISSING,,1
final_polar_043,1,1,1,ALL_CORRECT,,,,0
final_polar_044,0,1,0,J_CORRECT_MP_WRONG,preflight,PREFLIGHT_UNIQUE,,1
final_polar_045,1,1,1,ALL_CORRECT,,,,0
final_polar_046,1,1,1,ALL_CORRECT,,,,0
final_polar_047,1,1,0,DIRECT_J_CORRECT_MP_WRONG,materialization,VALUE_NORMALIZATION_ERROR,,1
final_polar_048,0,1,0,J_CORRECT_MP_WRONG,parse,GEN_UNPARSEABLE_OUTPUT,,1
final_polar_049,1,1,1,ALL_CORRECT,,,,0
final_polar_050,0,1,1,MP_CORRECT_DIRECT_WRONG,,,,0
final_polar_051,0,1,1,MP_CORRECT_DIRECT_WRONG,,,,0
final_polar_052,1,1,1,ALL_CORRECT,,,,0
final_polar_053,1,1,1,ALL_CORRECT,,,,0
final_polar_054,1,0,1,MP_CORRECT_J_WRONG,,,,0
final_polar_055,1,1,0,DIRECT_J_CORRECT_MP_WRONG,materialization,VALUE_MISSING,,1
final_polar_056,1,1,0,DIRECT_J_CORRECT_MP_WRONG,materialization,VALUE_MISSING,,1
final_polar_057,1,1,0,DIRECT_J_CORRECT_MP_WRONG,materialization,VALUE_MISSING,,1
final_polar_058,0,1,0,J_CORRECT_MP_WRONG,state_mismatch,STATE_WRONG_VALUE,,1
final_polar_059,1,1,1,ALL_CORRECT,,,,0
final_polar_060,1,0,1,MP_CORRECT_J_WRONG,,,,0
final_robot_001,1,1,0,DIRECT_J_CORRECT_MP_WRONG,parse,GEN_UNPARSEABLE_OUTPUT,,1
final_robot_002,1,1,0,DIRECT_J_CORRECT_MP_WRONG,verification,TARGET_MISSING_COLUMN,,1
final_robot_003,1,1,0,DIRECT_J_CORRECT_MP_WRONG,verification,CONFLICT_MISSING,,1
final_robot_004,1,1,1,ALL_CORRECT,,,,0
final_robot_005,1,1,0,DIRECT_J_CORRECT_MP_WRONG,verification,CONFLICT_MISSING,,1
final_robot_006,1,1,1,ALL_CORRECT,,,,0
final_robot_007,1,1,1,ALL_CORRECT,,,,0
final_robot_008,1,1,1,ALL_CORRECT,,,,0
final_robot_009,1,1,1,ALL_CORRECT,,,,0
final_robot_010,1,1,0,DIRECT_J_CORRECT_MP_WRONG,reference_resolution,REF_INVALID_SOURCE_REF,,1
final_robot_011,0,1,0,J_CORRECT_MP_WRONG,materialization,VALUE_MISSING,,1
final_robot_012,1,1,0,DIRECT_J_CORRECT_MP_WRONG,materialization,VALUE_MISSING,,1
final_robot_013,1,1,1,ALL_CORRECT,,,,0
final_robot_014,1,1,0,DIRECT_J_CORRECT_MP_WRONG,preflight,PREFLIGHT_UNIQUE,,1
final_robot_015,1,1,1,ALL_CORRECT,,,,0
final_robot_016,1,1,0,DIRECT_J_CORRECT_MP_WRONG,materialization,VALUE_NORMALIZATION_ERROR,,1
final_robot_017,0,0,0,ALL_WRONG,,,,0
final_robot_018,0,1,0,J_CORRECT_MP_WRONG,materialization,VALUE_WRONG_EVIDENCE_SPAN,,1
final_robot_019,1,1,0,DIRECT_J_CORRECT_MP_WRONG,verification,CONFLICT_MISSING,,1
final_robot_020,1,1,0,DIRECT_J_CORRECT_MP_WRONG,reference_resolution,REF_INVALID_SOURCE_REF,,1
final_robot_021,1,1,0,DIRECT_J_CORRECT_MP_WRONG,reference_resolution,REF_UNKNOWN_COLUMN,,1
final_robot_022,1,1,1,ALL_CORRECT,,,,0
final_robot_023,1,1,1,ALL_CORRECT,,,,0
final_robot_024,1,1,1,ALL_CORRECT,,,,0
final_robot_025,1,1,0,DIRECT_J_CORRECT_MP_WRONG,materialization,VALUE_MISSING,,1
final_robot_026,1,1,0,DIRECT_J_CORRECT_MP_WRONG,state_mismatch,STATE_EXTRA_ROW,,1
final_robot_027,1,1,0,DIRECT_J_CORRECT_MP_WRONG,reference_resolution,REF_UNKNOWN_COLUMN,,1
final_robot_028,1,1,1,ALL_CORRECT,,,,0
final_robot_029,1,1,1,ALL_CORRECT,,,,0
final_robot_030,1,1,1,ALL_CORRECT,,,,0
final_robot_031,1,1,0,DIRECT_J_CORRECT_MP_WRONG,materialization,VALUE_NORMALIZATION_ERROR,,1
final_robot_032,1,1,1,ALL_CORRECT,,,,0
final_robot_033,1,1,0,DIRECT_J_CORRECT_MP_WRONG,materialization,VALUE_NORMALIZATION_ERROR,,1
final_robot_034,1,1,0,DIRECT_J_CORRECT_MP_WRONG,reference_resolution,REF_INVALID_SOURCE_REF,,1
final_robot_035,1,1,0,DIRECT_J_CORRECT_MP_WRONG,verification,TARGET_MISSING_COLUMN,,1
final_robot_036,1,1,0,DIRECT_J_CORRECT_MP_WRONG,verification,TARGET_MISSING_COLUMN,,1
final_robot_037,1,1,1,ALL_CORRECT,,,,0
final_robot_038,0,1,1,MP_CORRECT_DIRECT_WRONG,,,,0
final_robot_039,1,1,1,ALL_CORRECT,,,,0
final_robot_040,1,1,0,DIRECT_J_CORRECT_MP_WRONG,materialization,VALUE_MISSING,,1
final_robot_041,1,1,0,DIRECT_J_CORRECT_MP_WRONG,reference_resolution,REF_UNKNOWN_COLUMN,,1
final_robot_042,1,1,0,DIRECT_J_CORRECT_MP_WRONG,verification,CONFLICT_WRONG_UPDATE_COLUMNS,,1
final_robot_043,1,1,1,ALL_CORRECT,,,,0
final_robot_044,1,1,1,ALL_CORRECT,,,,0
final_robot_045,1,1,1,ALL_CORRECT,,,,0
final_robot_046,0,1,0,J_CORRECT_MP_WRONG,materialization,VALUE_WRONG_EVIDENCE_SPAN,,1
final_robot_047,0,1,0,J_CORRECT_MP_WRONG,state_mismatch,STATE_WRONG_CONFLICT_BEHAVIOR,,1
final_robot_048,1,1,0,DIRECT_J_CORRECT_MP_WRONG,verification,CONFLICT_MISSING,,1
final_robot_049,1,1,0,DIRECT_J_CORRECT_MP_WRONG,reference_resolution,REF_UNKNOWN_COLUMN,,1
final_robot_050,1,1,0,DIRECT_J_CORRECT_MP_WRONG,verification,TARGET_MISSING_COLUMN,,1
final_robot_051,1,1,1,ALL_CORRECT,,,,0
final_robot_052,1,1,1,ALL_CORRECT,,,,0
final_robot_053,1,1,1,ALL_CORRECT,,,,0
final_robot_054,1,1,1,ALL_CORRECT,,,,0
final_robot_055,1,1,0,DIRECT_J_CORRECT_MP_WRONG,reference_resolution,REF_INVALID_SOURCE_REF,,1
final_robot_056,0,1,0,J_CORRECT_MP_WRONG,materialization,VALUE_MISSING,,1
final_robot_057,1,1,0,DIRECT_J_CORRECT_MP_WRONG,materialization,VALUE_MISSING,,1
final_robot_058,1,1,1,ALL_CORRECT,,,,0
final_robot_059,1,1,1,ALL_CORRECT,,,,0
final_robot_060,1,1,1,ALL_CORRECT,,,,0
final_vaccine_001,0,0,0,ALL_WRONG,,,,0
final_vaccine_002,0,0,0,ALL_WRONG,,,,0
final_vaccine_003,1,0,0,DIRECT_CORRECT_MP_WRONG,verification,TARGET_MISSING_COLUMN,,1
final_vaccine_004,1,1,0,DIRECT_J_CORRECT_MP_WRONG,verification,TARGET_MISSING_COLUMN,,1
final_vaccine_005,1,1,0,DIRECT_J_CORRECT_MP_WRONG,verification,CONFLICT_MISSING,,1
final_vaccine_006,1,1,0,DIRECT_J_CORRECT_MP_WRONG,reference_resolution,REF_INVALID_SOURCE_REF,,1
final_vaccine_007,1,1,1,ALL_CORRECT,,,,0
final_vaccine_008,1,1,1,ALL_CORRECT,,,,0
final_vaccine_009,1,1,1,ALL_CORRECT,,,,0
final_vaccine_010,1,1,0,DIRECT_J_CORRECT_MP_WRONG,reference_resolution,REF_UNKNOWN_COLUMN,,1
final_vaccine_011,1,1,0,DIRECT_J_CORRECT_MP_WRONG,materialization,VALUE_MISSING,,1
final_vaccine_012,1,1,0,DIRECT_J_CORRECT_MP_WRONG,materialization,VALUE_MISSING,,1
final_vaccine_013,1,1,1,ALL_CORRECT,,,,0
final_vaccine_014,1,1,1,ALL_CORRECT,,,,0
final_vaccine_015,1,0,1,MP_CORRECT_J_WRONG,,,,0
final_vaccine_016,0,0,0,ALL_WRONG,,,,0
final_vaccine_017,0,0,0,ALL_WRONG,,,,0
final_vaccine_018,1,0,0,DIRECT_CORRECT_MP_WRONG,reference_resolution,REF_INVALID_SOURCE_REF,,1
final_vaccine_019,0,1,0,J_CORRECT_MP_WRONG,verification,TARGET_MISSING_COLUMN,,1
final_vaccine_020,1,1,1,ALL_CORRECT,,,,0
final_vaccine_021,1,0,0,DIRECT_CORRECT_MP_WRONG,verification,CONFLICT_MISSING,,1
final_vaccine_022,1,1,1,ALL_CORRECT,,,,0
final_vaccine_023,1,1,1,ALL_CORRECT,,,,0
final_vaccine_024,1,1,1,ALL_CORRECT,,,,0
final_vaccine_025,1,1,0,DIRECT_J_CORRECT_MP_WRONG,materialization,VALUE_MISSING,,1
final_vaccine_026,1,1,0,DIRECT_J_CORRECT_MP_WRONG,materialization,VALUE_MISSING,,1
final_vaccine_027,1,1,0,DIRECT_J_CORRECT_MP_WRONG,verification,TARGET_MISSING_COLUMN,,1
final_vaccine_028,1,1,1,ALL_CORRECT,,,,0
final_vaccine_029,1,1,1,ALL_CORRECT,,,,0
final_vaccine_030,1,1,1,ALL_CORRECT,,,,0
final_vaccine_031,0,0,0,ALL_WRONG,,,,0
final_vaccine_032,1,1,0,DIRECT_J_CORRECT_MP_WRONG,verification,TARGET_MISSING_COLUMN,,1
final_vaccine_033,1,1,0,DIRECT_J_CORRECT_MP_WRONG,reference_resolution,REF_UNKNOWN_COLUMN,,1
final_vaccine_034,1,1,0,DIRECT_J_CORRECT_MP_WRONG,verification,TARGET_MISSING_COLUMN,,1
final_vaccine_035,0,1,0,J_CORRECT_MP_WRONG,verification,CONFLICT_MISSING,,1
final_vaccine_036,1,1,0,DIRECT_J_CORRECT_MP_WRONG,verification,TARGET_MISSING_COLUMN,,1
final_vaccine_037,1,1,1,ALL_CORRECT,,,,0
final_vaccine_038,1,0,1,MP_CORRECT_J_WRONG,,,,0
final_vaccine_039,1,0,1,MP_CORRECT_J_WRONG,,,,0
final_vaccine_040,1,1,0,DIRECT_J_CORRECT_MP_WRONG,state_mismatch,STATE_MISSING_ROW,,1
final_vaccine_041,1,1,0,DIRECT_J_CORRECT_MP_WRONG,verification,CONFLICT_MISSING,,1
final_vaccine_042,1,1,0,DIRECT_J_CORRECT_MP_WRONG,verification,TARGET_MISSING_COLUMN,,1
final_vaccine_043,1,1,1,ALL_CORRECT,,,,0
final_vaccine_044,0,1,1,MP_CORRECT_DIRECT_WRONG,,,,0
final_vaccine_045,1,0,0,DIRECT_CORRECT_MP_WRONG,state_mismatch,STATE_WRONG_VALUE,,1
final_vaccine_046,0,1,0,J_CORRECT_MP_WRONG,verification,TARGET_MISSING_COLUMN,,1
final_vaccine_047,1,0,0,DIRECT_CORRECT_MP_WRONG,parse,GEN_UNPARSEABLE_OUTPUT,,1
final_vaccine_048,0,1,0,J_CORRECT_MP_WRONG,materialization,VALUE_NORMALIZATION_ERROR,,1
final_vaccine_049,1,1,1,ALL_CORRECT,,,,0
final_vaccine_050,1,0,0,DIRECT_CORRECT_MP_WRONG,preflight,PREFLIGHT_UNIQUE,,1
final_vaccine_051,1,1,0,DIRECT_J_CORRECT_MP_WRONG,preflight,PREFLIGHT_UNIQUE,,1
final_vaccine_052,1,1,1,ALL_CORRECT,,,,0
final_vaccine_053,1,1,1,ALL_CORRECT,,,,0
final_vaccine_054,1,0,1,MP_CORRECT_J_WRONG,,,,0
final_vaccine_055,1,1,1,ALL_CORRECT,,,,0
final_vaccine_056,1,1,0,DIRECT_J_CORRECT_MP_WRONG,reference_resolution,REF_UNKNOWN_COLUMN,,1
final_vaccine_057,1,1,0,DIRECT_J_CORRECT_MP_WRONG,verification,CONFLICT_MISSING,,1
final_vaccine_058,1,1,1,ALL_CORRECT,,,,0
final_vaccine_059,1,1,1,ALL_CORRECT,,,,0
final_vaccine_060,1,1,0,DIRECT_J_CORRECT_MP_WRONG,state_mismatch,STATE_WRONG_VALUE,,1
final_virtual_001,1,1,1,ALL_CORRECT,,,,0
final_virtual_002,0,0,0,ALL_WRONG,,,,0
final_virtual_003,1,1,0,DIRECT_J_CORRECT_MP_WRONG,materialization,VALUE_WRONG_EVIDENCE_SPAN,,1
final_virtual_004,1,1,0,DIRECT_J_CORRECT_MP_WRONG,reference_resolution,REF_UNKNOWN_COLUMN,,1
final_virtual_005,0,1,0,J_CORRECT_MP_WRONG,reference_resolution,REF_UNKNOWN_COLUMN,,1
final_virtual_006,1,1,1,ALL_CORRECT,,,,0
final_virtual_007,1,1,1,ALL_CORRECT,,,,0
final_virtual_008,1,1,1,ALL_CORRECT,,,,0
final_virtual_009,1,1,1,ALL_CORRECT,,,,0
final_virtual_010,1,1,0,DIRECT_J_CORRECT_MP_WRONG,state_mismatch,STATE_EXTRA_ROW,,1
final_virtual_011,1,1,0,DIRECT_J_CORRECT_MP_WRONG,materialization,VALUE_MISSING,,1
final_virtual_012,1,1,0,DIRECT_J_CORRECT_MP_WRONG,materialization,VALUE_MISSING,,1
final_virtual_013,1,1,1,ALL_CORRECT,,,,0
final_virtual_014,1,1,1,ALL_CORRECT,,,,0
final_virtual_015,1,1,0,DIRECT_J_CORRECT_MP_WRONG,materialization,VALUE_MISSING,,1
final_virtual_016,0,0,0,ALL_WRONG,,,,0
final_virtual_017,0,0,0,ALL_WRONG,,,,0
final_virtual_018,1,1,1,ALL_CORRECT,,,,0
final_virtual_019,1,1,0,DIRECT_J_CORRECT_MP_WRONG,reference_resolution,REF_UNKNOWN_COLUMN,,1
final_virtual_020,1,1,1,ALL_CORRECT,,,,0
final_virtual_021,1,1,0,DIRECT_J_CORRECT_MP_WRONG,reference_resolution,REF_UNKNOWN_COLUMN,,1
final_virtual_022,1,1,1,ALL_CORRECT,,,,0
final_virtual_023,1,1,1,ALL_CORRECT,,,,0
final_virtual_024,1,1,1,ALL_CORRECT,,,,0
final_virtual_025,1,1,0,DIRECT_J_CORRECT_MP_WRONG,state_mismatch,STATE_MISSING_ROW,,1
final_virtual_026,1,1,0,DIRECT_J_CORRECT_MP_WRONG,materialization,VALUE_MISSING,,1
final_virtual_027,1,1,0,DIRECT_J_CORRECT_MP_WRONG,reference_resolution,REF_UNKNOWN_COLUMN,,1
final_virtual_028,1,1,1,ALL_CORRECT,,,,0
final_virtual_029,1,1,1,ALL_CORRECT,,,,0
final_virtual_030,1,1,0,DIRECT_J_CORRECT_MP_WRONG,state_mismatch,STATE_WRONG_VALUE,,1
final_virtual_031,0,0,0,ALL_WRONG,,,,0
final_virtual_032,1,1,1,ALL_CORRECT,,,,0
final_virtual_033,0,1,0,J_CORRECT_MP_WRONG,parse,GEN_UNPARSEABLE_OUTPUT,,1
final_virtual_034,1,1,1,ALL_CORRECT,,,,0
final_virtual_035,1,1,0,DIRECT_J_CORRECT_MP_WRONG,reference_resolution,REF_UNKNOWN_COLUMN,,1
final_virtual_036,1,1,0,DIRECT_J_CORRECT_MP_WRONG,verification,TARGET_MISSING_COLUMN,,1
final_virtual_037,1,1,1,ALL_CORRECT,,,,0
final_virtual_038,0,1,1,MP_CORRECT_DIRECT_WRONG,,,,0
final_virtual_039,1,1,1,ALL_CORRECT,,,,0
final_virtual_040,1,1,0,DIRECT_J_CORRECT_MP_WRONG,state_mismatch,STATE_MISSING_ROW,,1
final_virtual_041,1,1,0,DIRECT_J_CORRECT_MP_WRONG,verification,CONFLICT_MISSING,,1
final_virtual_042,1,1,0,DIRECT_J_CORRECT_MP_WRONG,reference_resolution,REF_UNKNOWN_COLUMN,,1
final_virtual_043,1,1,1,ALL_CORRECT,,,,0
final_virtual_044,1,1,1,ALL_CORRECT,,,,0
final_virtual_045,1,1,1,ALL_CORRECT,,,,0
final_virtual_046,0,0,0,ALL_WRONG,,,,0
final_virtual_047,1,1,0,DIRECT_J_CORRECT_MP_WRONG,state_mismatch,STATE_WRONG_CONFLICT_BEHAVIOR,,1
final_virtual_048,1,1,0,DIRECT_J_CORRECT_MP_WRONG,verification,TARGET_MISSING_COLUMN,,1
final_virtual_049,1,1,0,DIRECT_J_CORRECT_MP_WRONG,reference_resolution,REF_UNKNOWN_COLUMN,,1
final_virtual_050,1,1,0,DIRECT_J_CORRECT_MP_WRONG,reference_resolution,REF_UNKNOWN_COLUMN,,1
final_virtual_051,1,1,1,ALL_CORRECT,,,,0
final_virtual_052,1,1,1,ALL_CORRECT,,,,0
final_virtual_053,1,1,1,ALL_CORRECT,,,,0
final_virtual_054,1,1,1,ALL_CORRECT,,,,0
final_virtual_055,1,1,0,DIRECT_J_CORRECT_MP_WRONG,verification,CONFLICT_MISSING,,1
final_virtual_056,1,1,0,DIRECT_J_CORRECT_MP_WRONG,verification,CONFLICT_MISSING,,1
final_virtual_057,1,1,0,DIRECT_J_CORRECT_MP_WRONG,verification,CONFLICT_MISSING,,1
final_virtual_058,1,1,1,ALL_CORRECT,,,,0
final_virtual_059,1,1,1,ALL_CORRECT,,,,0
final_virtual_060,1,1,1,ALL_CORRECT,,,,0
