sample_id,first_failure_code,plan_kind,classification,reference_error_count,repairable_reference_error_count,other_error_codes,proposed_repairs,reference_errors
final_archeology_016,REF_UNKNOWN_COLUMN,free_text,NON_REPAIRABLE_REFERENCE,2,0,,[],"[[""UNKNOWN_COLUMN_ID"",""t3.c6"",""/write_groups/0/rows/0/t3.c6"",null,null,5],[""UNKNOWN_COLUMN_ID"",""t14.c20"",""/write_groups/1/rows/0/t14.c20"",null,null,19]]"
final_archeology_021,REF_UNKNOWN_COLUMN,mapping,REFERENCE_REPAIR_PARTIAL_BUT_SAMPLE_NOT_SAFE,2,2,UNEXPECTED_CONSTRAINT_ID,"[[""/target_groups/0/field_mapping/c1.f1"",""t3.arcregistry"",""t3.c1"",""unique_exact_identifier_name""],[""/target_groups/0/field_mapping/c1.f2"",""t3.authpin"",""t3.c3"",""unique_exact_identifier_name""]]","[[""UNKNOWN_COLUMN_ID"",""t3.arcregistry"",""/target_groups/0/field_mapping/c1.f1"",""t3.c1"",""exact_name_in_target_table"",5],[""UNKNOWN_COLUMN_ID"",""t3.authpin"",""/target_groups/0/field_mapping/c1.f2"",""t3.c3"",""exact_name_in_target_table"",5]]"
final_archeology_027,REF_UNKNOWN_COLUMN,mapping,REPAIRABLE_REFERENCE_ONLY,1,1,,"[[""/target_groups/0/field_mapping/c1.f1"",""t14.zoneregistry"",""t14.c19"",""unique_exact_identifier_name""]]","[[""UNKNOWN_COLUMN_ID"",""t14.zoneregistry"",""/target_groups/0/field_mapping/c1.f1"",""t14.c19"",""exact_name_in_target_table"",19]]"
final_archeology_031,REF_UNKNOWN_COLUMN,free_text,NON_REPAIRABLE_REFERENCE,63,0,,[],"[[""UNKNOWN_COLUMN_ID"",""t1.c7"",""/write_groups/0/rows/6/t1.c7"",null,null,6],[""UNKNOWN_COLUMN_ID"",""t1.c8"",""/write_groups/0/rows/7/t1.c8"",null,null,6],[""UNKNOWN_COLUMN_ID"",""t1.c9"",""/write_groups/0/rows/8/t1.c9"",null,null,6],[""UNKNOWN_COLUMN_ID"",""t1.c10"",""/write_groups/0/rows/9/t1.c10"",null,null,6],[""UNKNOWN_COLUMN_ID"",""t1.c11"",""/write_groups/0/rows/10/t1.c11"",null,null,6],[""UNKNOWN_COLUMN_ID"",""t1.c12"",""/write_groups/0/rows/11/t1.c12"",null,null,6],[""UNKNOWN_COLUMN_ID"",""t1.c13"",""/write_groups/0/rows/12/t1.c13"",null,null,6],[""UNKNOWN_COLUMN_ID"",""t1.c14"",""/write_groups/0/rows/13/t1.c14"",null,null,6],[""UNKNOWN_COLUMN_ID"",""t1.c15"",""/write_groups/0/rows/14/t1.c15"",null,null,6],[""UNKNOWN_COLUMN_ID"",""t1.c16"",""/write_groups/0/rows/15/t1.c16"",null,null,6],[""UNKNOWN_COLUMN_ID"",""t1.c17"",""/write_groups/0/rows/16/t1.c17"",null,null,6],[""UNKNOWN_COLUMN_ID"",""t1.c18"",""/write_groups/0/rows/17/t1.c18"",null,null,6],[""UNKNOWN_COLUMN_ID"",""t1.c19"",""/write_groups/0/rows/18/t1.c19"",null,null,6],[""UNKNOWN_COLUMN_ID"",""t1.c20"",""/write_groups/0/rows/19/t1.c20"",null,null,6],[""UNKNOWN_COLUMN_ID"",""t1.c21"",""/write_groups/0/rows/20/t1.c21"",null,null,6],[""UNKNOWN_COLUMN_ID"",""t1.c22"",""/write_groups/0/rows/21/t1.c22"",null,null,6],[""UNKNOWN_COLUMN_ID"",""t1.c23"",""/write_groups/0/rows/22/t1.c23"",null,null,6],[""UNKNOWN_COLUMN_ID"",""t1.c24"",""/write_groups/0/rows/23/t1.c24"",null,null,6],[""UNKNOWN_COLUMN_ID"",""t1.c25"",""/write_groups/0/rows/24/t1.c25"",null,null,6],[""UNKNOWN_COLUMN_ID"",""t1.c26"",""/write_groups/0/rows/25/t1.c26"",null,null,6],[""UNKNOWN_COLUMN_ID"",""t1.c27"",""/write_groups/0/rows/26/t1.c27"",null,null,6],[""UNKNOWN_COLUMN_ID"",""t1.c28"",""/write_groups/0/rows/27/t1.c28"",null,null,6],[""UNKNOWN_COLUMN_ID"",""t1.c29"",""/write_groups/0/rows/28/t1.c29"",null,null,6],[""UNKNOWN_COLUMN_ID"",""t1.c30"",""/write_groups/0/rows/29/t1.c30"",null,null,6],[""UNKNOWN_COLUMN_ID"",""t1.c31"",""/write_groups/0/rows/30/t1.c31"",null,null,6],[""UNKNOWN_COLUMN_ID"",""t1.c32"",""/write_groups/0/rows/31/t1.c32"",null,null,6],[""UNKNOWN_COLUMN_ID"",""t1.c33"",""/write_groups/0/rows/32/t1.c33"",null,null,6],[""UNKNOWN_COLUMN_ID"",""t1.c34"",""/write_groups/0/rows/33/t1.c34"",null,null,6],[""UNKNOWN_COLUMN_ID"",""t1.c35"",""/write_groups/0/rows/34/t1.c35"",null,null,6],[""UNKNOWN_COLUMN_ID"",""t1.c36"",""/write_groups/0/rows/35/t1.c36"",null,null,6],[""UNKNOWN_COLUMN_ID"",""t1.c37"",""/write_groups/0/rows/36/t1.c37"",null,null,6],[""UNKNOWN_COLUMN_ID"",""t1.c38"",""/write_groups/0/rows/37/t1.c38"",null,null,6],[""UNKNOWN_COLUMN_ID"",""t1.c39"",""/write_groups/0/rows/38/t1.c39"",null,null,6],[""UNKNOWN_COLUMN_ID"",""t1.c40"",""/write_groups/0/rows/39/t1.c40"",null,null,6],[""UNKNOWN_COLUMN_ID"",""t1.c41"",""/write_groups/0/rows/40/t1.c41"",null,null,6],[""UNKNOWN_COLUMN_ID"",""t1.c42"",""/write_groups/0/rows/41/t1.c42"",null,null,6],[""UNKNOWN_COLUMN_ID"",""t1.c43"",""/write_groups/0/rows/42/t1.c43"",null,null,6],[""UNKNOWN_COLUMN_ID"",""t1.c44"",""/write_groups/0/rows/43/t1.c44"",null,null,6],[""UNKNOWN_COLUMN_ID"",""t1.c45"",""/write_groups/0/rows/44/t1.c45"",null,null,6],[""UNKNOWN_COLUMN_ID"",""t1.c46"",""/write_groups/0/rows/45/t1.c46"",null,null,6],[""UNKNOWN_COLUMN_ID"",""t1.c47"",""/write_groups/0/rows/46/t1.c47"",null,null,6],[""UNKNOWN_COLUMN_ID"",""t1.c48"",""/write_groups/0/rows/47/t1.c48"",null,null,6],[""UNKNOWN_COLUMN_ID"",""t1.c49"",""/write_groups/0/rows/48/t1.c49"",null,null,6],[""UNKNOWN_COLUMN_ID"",""t1.c50"",""/write_groups/0/rows/49/t1.c50"",null,null,6],[""UNKNOWN_COLUMN_ID"",""t1.c51"",""/write_groups/0/rows/50/t1.c51"",null,null,6],[""UNKNOWN_COLUMN_ID"",""t1.c52"",""/write_groups/0/rows/51/t1.c52"",null,null,6],[""UNKNOWN_COLUMN_ID"",""t1.c53"",""/write_groups/0/rows/52/t1.c53"",null,null,6],[""UNKNOWN_COLUMN_ID"",""t1.c54"",""/write_groups/0/rows/53/t1.c54"",null,null,6],[""UNKNOWN_COLUMN_ID"",""t1.c55"",""/write_groups/0/rows/54/t1.c55"",null,null,6],[""UNKNOWN_COLUMN_ID"",""t1.c56"",""/write_groups/0/rows/55/t1.c56"",null,null,6],[""UNKNOWN_COLUMN_ID"",""t1.c57"",""/write_groups/0/rows/56/t1.c57"",null,null,6],[""UNKNOWN_COLUMN_ID"",""t1.c58"",""/write_groups/0/rows/57/t1.c58"",null,null,6],[""UNKNOWN_COLUMN_ID"",""t1.c59"",""/write_groups/0/rows/58/t1.c59"",null,null,6],[""UNKNOWN_COLUMN_ID"",""t1.c60"",""/write_groups/0/rows/59/t1.c60"",null,null,6],[""UNKNOWN_COLUMN_ID"",""t1.c61"",""/write_groups/0/rows/60/t1.c61"",null,null,6],[""UNKNOWN_COLUMN_ID"",""t1.c62"",""/write_groups/0/rows/61/t1.c62"",null,null,6],[""UNKNOWN_COLUMN_ID"",""t1.c63"",""/write_groups/0/rows/62/t1.c63"",null,null,6],[""UNKNOWN_COLUMN_ID"",""t1.c64"",""/write_groups/0/rows/63/t1.c64"",null,null,6],[""UNKNOWN_COLUMN_ID"",""t1.c65"",""/write_groups/0/rows/64/t1.c65"",null,null,6],[""UNKNOWN_COLUMN_ID"",""t1.c66"",""/write_groups/0/rows/65/t1.c66"",null,null,6],[""UNKNOWN_COLUMN_ID"",""t1.c67"",""/write_groups/0/rows/66/t1.c67"",null,null,6],[""UNKNOWN_COLUMN_ID"",""t1.c68"",""/write_groups/0/rows/67/t1.c68"",null,null,6],[""UNKNOWN_COLUMN_ID"",""t1.c69"",""/write_groups/0/rows/68/t1.c69"",null,null,6]]"
final_archeology_035,REF_UNKNOWN_COLUMN,mapping,REFERENCE_REPAIR_PARTIAL_BUT_SAMPLE_NOT_SAFE,1,1,UNEXPECTED_CONSTRAINT_ID,"[[""/target_groups/0/field_mapping/c1.f1"",""t3.arcregistry"",""t3.c1"",""unique_exact_identifier_name""]]","[[""UNKNOWN_COLUMN_ID"",""t3.arcregistry"",""/target_groups/0/field_mapping/c1.f1"",""t3.c1"",""exact_name_in_target_table"",5]]"
final_archeology_036,REF_UNKNOWN_COLUMN,mapping,REPAIRABLE_REFERENCE_ONLY,1,1,,"[[""/target_groups/0/field_mapping/c1.f1"",""t3.arcregistry"",""t3.c1"",""unique_exact_identifier_name""]]","[[""UNKNOWN_COLUMN_ID"",""t3.arcregistry"",""/target_groups/0/field_mapping/c1.f1"",""t3.c1"",""exact_name_in_target_table"",5]]"
final_archeology_041,REF_UNKNOWN_COLUMN,mapping,REFERENCE_REPAIR_PARTIAL_BUT_SAMPLE_NOT_SAFE,1,1,UNEXPECTED_CONSTRAINT_ID,"[[""/target_groups/0/field_mapping/c1.f1"",""t3.arcregistry"",""t3.c1"",""unique_exact_identifier_name""]]","[[""UNKNOWN_COLUMN_ID"",""t3.arcregistry"",""/target_groups/0/field_mapping/c1.f1"",""t3.c1"",""exact_name_in_target_table"",5]]"
final_archeology_049,REF_UNKNOWN_COLUMN,mapping,REPAIRABLE_REFERENCE_ONLY,2,2,,"[[""/target_groups/0/field_mapping/c1.f1"",""t3.arcregistry"",""t3.c1"",""unique_exact_identifier_name""],[""/target_groups/0/field_mapping/c1.f2"",""t3.authpin"",""t3.c3"",""unique_exact_identifier_name""]]","[[""UNKNOWN_COLUMN_ID"",""t3.arcregistry"",""/target_groups/0/field_mapping/c1.f1"",""t3.c1"",""exact_name_in_target_table"",5],[""UNKNOWN_COLUMN_ID"",""t3.authpin"",""/target_groups/0/field_mapping/c1.f2"",""t3.c3"",""exact_name_in_target_table"",5]]"
final_archeology_050,REF_UNKNOWN_COLUMN,mapping,REPAIRABLE_REFERENCE_ONLY,1,1,,"[[""/target_groups/0/field_mapping/c1.f1"",""t3.arcregistry"",""t3.c1"",""unique_exact_identifier_name""]]","[[""UNKNOWN_COLUMN_ID"",""t3.arcregistry"",""/target_groups/0/field_mapping/c1.f1"",""t3.c1"",""exact_name_in_target_table"",5]]"
final_archeology_055,REF_INVALID_SOURCE_REF,mapping,NON_REPAIRABLE_REFERENCE,3,0,NEEDS_CLARIFICATION,[],"[[""UNKNOWN_SOURCE_FIELD_ID"",""c1.f3"",""/target_groups/0/field_mapping/c1.f3"",null,null,4],[""UNKNOWN_SOURCE_FIELD_ID"",""c1.f4"",""/target_groups/0/field_mapping/c1.f4"",null,null,4],[""UNKNOWN_SOURCE_FIELD_ID"",""c1.f5"",""/target_groups/0/field_mapping/c1.f5"",null,null,4]]"
final_polar_003,REF_UNKNOWN_COLUMN,free_text,NON_REPAIRABLE_REFERENCE,4,0,LOSSY_NORMALIZATION_REJECTED|DUPLICATE_TARGET_COLUMN_AFTER_EVIDENCE_GROUNDING|DUPLICATE_TARGET_COLUMN_AFTER_EVIDENCE_GROUNDING,[],"[[""UNKNOWN_COLUMN_ID"",""t5.c12"",""/write_groups/0/rows/0/t5.c12"",null,null,11],[""UNKNOWN_COLUMN_ID"",""t5.c13"",""/write_groups/0/rows/0/t5.c13"",null,null,11],[""UNKNOWN_COLUMN_ID"",""t5.c12"",""/write_groups/0/update_column_ids/4"",null,null,11],[""UNKNOWN_COLUMN_ID"",""t5.c13"",""/write_groups/0/update_column_ids/5"",null,null,11]]"
final_polar_031,REF_UNKNOWN_COLUMN,free_text,NON_REPAIRABLE_REFERENCE,31,0,,[],"[[""UNKNOWN_COLUMN_ID"",""t1.c15"",""/write_groups/0/rows/14/t1.c15"",null,null,14],[""UNKNOWN_COLUMN_ID"",""t1.c16"",""/write_groups/0/rows/15/t1.c16"",null,null,14],[""UNKNOWN_COLUMN_ID"",""t1.c17"",""/write_groups/0/rows/16/t1.c17"",null,null,14],[""UNKNOWN_COLUMN_ID"",""t1.c18"",""/write_groups/0/rows/17/t1.c18"",null,null,14],[""UNKNOWN_COLUMN_ID"",""t1.c19"",""/write_groups/0/rows/18/t1.c19"",null,null,14],[""UNKNOWN_COLUMN_ID"",""t1.c20"",""/write_groups/0/rows/19/t1.c20"",null,null,14],[""UNKNOWN_COLUMN_ID"",""t1.c21"",""/write_groups/0/rows/20/t1.c21"",null,null,14],[""UNKNOWN_COLUMN_ID"",""t1.c22"",""/write_groups/0/rows/21/t1.c22"",null,null,14],[""UNKNOWN_COLUMN_ID"",""t1.c23"",""/write_groups/0/rows/22/t1.c23"",null,null,14],[""UNKNOWN_COLUMN_ID"",""t1.c24"",""/write_groups/0/rows/23/t1.c24"",null,null,14],[""UNKNOWN_COLUMN_ID"",""t1.c25"",""/write_groups/0/rows/24/t1.c25"",null,null,14],[""UNKNOWN_COLUMN_ID"",""t1.c26"",""/write_groups/0/rows/25/t1.c26"",null,null,14],[""UNKNOWN_COLUMN_ID"",""t1.c27"",""/write_groups/0/rows/26/t1.c27"",null,null,14],[""UNKNOWN_COLUMN_ID"",""t1.c28"",""/write_groups/0/rows/27/t1.c28"",null,null,14],[""UNKNOWN_COLUMN_ID"",""t1.c29"",""/write_groups/0/rows/28/t1.c29"",null,null,14],[""UNKNOWN_COLUMN_ID"",""t1.c30"",""/write_groups/0/rows/29/t1.c30"",null,null,14],[""UNKNOWN_COLUMN_ID"",""t1.c31"",""/write_groups/0/rows/30/t1.c31"",null,null,14],[""UNKNOWN_COLUMN_ID"",""t1.c32"",""/write_groups/0/rows/31/t1.c32"",null,null,14],[""UNKNOWN_COLUMN_ID"",""t1.c33"",""/write_groups/0/rows/32/t1.c33"",null,null,14],[""UNKNOWN_COLUMN_ID"",""t1.c34"",""/write_groups/0/rows/33/t1.c34"",null,null,14],[""UNKNOWN_COLUMN_ID"",""t1.c35"",""/write_groups/0/rows/34/t1.c35"",null,null,14],[""UNKNOWN_COLUMN_ID"",""t1.c36"",""/write_groups/0/rows/35/t1.c36"",null,null,14],[""UNKNOWN_COLUMN_ID"",""t1.c37"",""/write_groups/0/rows/36/t1.c37"",null,null,14],[""UNKNOWN_COLUMN_ID"",""t1.c38"",""/write_groups/0/rows/37/t1.c38"",null,null,14],[""UNKNOWN_COLUMN_ID"",""t1.c39"",""/write_groups/0/rows/38/t1.c39"",null,null,14],[""UNKNOWN_COLUMN_ID"",""t1.c40"",""/write_groups/0/rows/39/t1.c40"",null,null,14],[""UNKNOWN_COLUMN_ID"",""t1.c41"",""/write_groups/0/rows/40/t1.c41"",null,null,14],[""UNKNOWN_COLUMN_ID"",""t1.c42"",""/write_groups/0/rows/41/t1.c42"",null,null,14],[""UNKNOWN_COLUMN_ID"",""t1.c43"",""/write_groups/0/rows/42/t1.c43"",null,null,14],[""UNKNOWN_COLUMN_ID"",""t1.c44"",""/write_groups/0/rows/43/t1.c44"",null,null,14],[""UNKNOWN_COLUMN_ID"",""t1.c45"",""/write_groups/0/rows/44/t1.c45"",null,null,14]]"
final_robot_010,REF_INVALID_SOURCE_REF,mapping,NON_REPAIRABLE_REFERENCE,5,0,,[],"[[""UNKNOWN_SOURCE_FIELD_ID"",""c1.f6"",""/target_groups/0/field_mapping/c1.f6"",null,null,10],[""UNKNOWN_SOURCE_FIELD_ID"",""c1.f7"",""/target_groups/0/field_mapping/c1.f7"",null,null,10],[""UNKNOWN_SOURCE_FIELD_ID"",""c1.f8"",""/target_groups/0/field_mapping/c1.f8"",null,null,10],[""UNKNOWN_SOURCE_FIELD_ID"",""c1.f9"",""/target_groups/0/field_mapping/c1.f9"",null,null,10],[""UNKNOWN_SOURCE_FIELD_ID"",""c1.f10"",""/target_groups/0/field_mapping/c1.f10"",null,null,10]]"
final_robot_017,REF_UNKNOWN_COLUMN,free_text,NON_REPAIRABLE_REFERENCE,45,0,NEEDS_CLARIFICATION,[],"[[""UNKNOWN_COLUMN_ID"",""t1.c30"",""/write_groups/0/rows/29/t1.c30"",null,null,29],[""UNKNOWN_COLUMN_ID"",""t1.c31"",""/write_groups/0/rows/30/t1.c31"",null,null,29],[""UNKNOWN_COLUMN_ID"",""t1.c32"",""/write_groups/0/rows/31/t1.c32"",null,null,29],[""UNKNOWN_COLUMN_ID"",""t1.c33"",""/write_groups/0/rows/32/t1.c33"",null,null,29],[""UNKNOWN_COLUMN_ID"",""t1.c34"",""/write_groups/0/rows/33/t1.c34"",null,null,29],[""UNKNOWN_COLUMN_ID"",""t1.c35"",""/write_groups/0/rows/34/t1.c35"",null,null,29],[""UNKNOWN_COLUMN_ID"",""t1.c36"",""/write_groups/0/rows/35/t1.c36"",null,null,29],[""UNKNOWN_COLUMN_ID"",""t1.c37"",""/write_groups/0/rows/36/t1.c37"",null,null,29],[""UNKNOWN_COLUMN_ID"",""t1.c38"",""/write_groups/0/rows/37/t1.c38"",null,null,29],[""UNKNOWN_COLUMN_ID"",""t1.c39"",""/write_groups/0/rows/38/t1.c39"",null,null,29],[""UNKNOWN_COLUMN_ID"",""t1.c40"",""/write_groups/0/rows/39/t1.c40"",null,null,29],[""UNKNOWN_COLUMN_ID"",""t1.c41"",""/write_groups/0/rows/40/t1.c41"",null,null,29],[""UNKNOWN_COLUMN_ID"",""t1.c42"",""/write_groups/0/rows/41/t1.c42"",null,null,29],[""UNKNOWN_COLUMN_ID"",""t1.c43"",""/write_groups/0/rows/42/t1.c43"",null,null,29],[""UNKNOWN_COLUMN_ID"",""t1.c44"",""/write_groups/0/rows/43/t1.c44"",null,null,29],[""UNKNOWN_COLUMN_ID"",""t1.c45"",""/write_groups/0/rows/44/t1.c45"",null,null,29],[""UNKNOWN_COLUMN_ID"",""t1.c46"",""/write_groups/0/rows/45/t1.c46"",null,null,29],[""UNKNOWN_COLUMN_ID"",""t1.c47"",""/write_groups/0/rows/46/t1.c47"",null,null,29],[""UNKNOWN_COLUMN_ID"",""t1.c48"",""/write_groups/0/rows/47/t1.c48"",null,null,29],[""UNKNOWN_COLUMN_ID"",""t1.c49"",""/write_groups/0/rows/48/t1.c49"",null,null,29],[""UNKNOWN_COLUMN_ID"",""t1.c50"",""/write_groups/0/rows/49/t1.c50"",null,null,29],[""UNKNOWN_COLUMN_ID"",""t1.c51"",""/write_groups/0/rows/50/t1.c51"",null,null,29],[""UNKNOWN_COLUMN_ID"",""t1.c52"",""/write_groups/0/rows/51/t1.c52"",null,null,29],[""UNKNOWN_COLUMN_ID"",""t1.c53"",""/write_groups/0/rows/52/t1.c53"",null,null,29],[""UNKNOWN_COLUMN_ID"",""t1.c54"",""/write_groups/0/rows/53/t1.c54"",null,null,29],[""UNKNOWN_COLUMN_ID"",""t1.c55"",""/write_groups/0/rows/54/t1.c55"",null,null,29],[""UNKNOWN_COLUMN_ID"",""t1.c56"",""/write_groups/0/rows/55/t1.c56"",null,null,29],[""UNKNOWN_COLUMN_ID"",""t1.c57"",""/write_groups/0/rows/56/t1.c57"",null,null,29],[""UNKNOWN_COLUMN_ID"",""t1.c58"",""/write_groups/0/rows/57/t1.c58"",null,null,29],[""UNKNOWN_COLUMN_ID"",""t1.c59"",""/write_groups/0/rows/58/t1.c59"",null,null,29],[""UNKNOWN_COLUMN_ID"",""t1.c60"",""/write_groups/0/rows/59/t1.c60"",null,null,29],[""UNKNOWN_COLUMN_ID"",""t1.c61"",""/write_groups/0/rows/60/t1.c61"",null,null,29],[""UNKNOWN_COLUMN_ID"",""t1.c62"",""/write_groups/0/rows/61/t1.c62"",null,null,29],[""UNKNOWN_COLUMN_ID"",""t1.c63"",""/write_groups/0/rows/62/t1.c63"",null,null,29],[""UNKNOWN_COLUMN_ID"",""t1.c64"",""/write_groups/0/rows/63/t1.c64"",null,null,29],[""UNKNOWN_COLUMN_ID"",""t1.c65"",""/write_groups/0/rows/64/t1.c65"",null,null,29],[""UNKNOWN_COLUMN_ID"",""t1.c66"",""/write_groups/0/rows/65/t1.c66"",null,null,29],[""UNKNOWN_COLUMN_ID"",""t1.c67"",""/write_groups/0/rows/66/t1.c67"",null,null,29],[""UNKNOWN_COLUMN_ID"",""t1.c68"",""/write_groups/0/rows/67/t1.c68"",null,null,29],[""UNKNOWN_COLUMN_ID"",""t1.c69"",""/write_groups/0/rows/68/t1.c69"",null,null,29],[""UNKNOWN_COLUMN_ID"",""t1.c70"",""/write_groups/0/rows/69/t1.c70"",null,null,29],[""UNKNOWN_COLUMN_ID"",""t1.c71"",""/write_groups/0/rows/70/t1.c71"",null,null,29],[""UNKNOWN_COLUMN_ID"",""t1.c72"",""/write_groups/0/rows/71/t1.c72"",null,null,29],[""UNKNOWN_COLUMN_ID"",""t1.c73"",""/write_groups/0/rows/72/t1.c73"",null,null,29],[""UNKNOWN_COLUMN_ID"",""t1.c74"",""/write_groups/0/rows/73/t1.c74"",null,null,29]]"
final_robot_020,REF_INVALID_SOURCE_REF,mapping,NON_REPAIRABLE_REFERENCE,2,0,,[],"[[""UNKNOWN_SOURCE_FIELD_ID"",""c1.f1"",""/target_groups/0/field_mapping/c1.f1"",null,null,0],[""UNKNOWN_SOURCE_FIELD_ID"",""c1.f2"",""/target_groups/0/field_mapping/c1.f2"",null,null,0]]"
final_robot_021,REF_UNKNOWN_COLUMN,mapping,REPAIRABLE_REFERENCE_ONLY,1,1,,"[[""/target_groups/0/field_mapping/c1.f1"",""t6.apptypeval"",""t6.c1"",""unique_exact_identifier_name""]]","[[""UNKNOWN_COLUMN_ID"",""t6.apptypeval"",""/target_groups/0/field_mapping/c1.f1"",""t6.c1"",""exact_name_in_target_table"",10]]"
final_robot_027,REF_UNKNOWN_COLUMN,mapping,REFERENCE_REPAIR_PARTIAL_BUT_SAMPLE_NOT_SAFE,3,3,NEEDS_CLARIFICATION,"[[""/target_groups/0/field_mapping/c1.f1"",""t4.upkeepactuation"",""t4.c7"",""unique_exact_identifier_name""],[""/target_groups/0/field_mapping/c1.f2"",""t4.upkeepoperation"",""t4.c10"",""unique_exact_identifier_name""],[""/target_groups/0/field_mapping/c1.f3"",""t4.upkeeprobot"",""t4.c11"",""unique_exact_identifier_name""]]","[[""UNKNOWN_COLUMN_ID"",""t4.upkeepactuation"",""/target_groups/0/field_mapping/c1.f1"",""t4.c7"",""exact_name_in_target_table"",11],[""UNKNOWN_COLUMN_ID"",""t4.upkeepoperation"",""/target_groups/0/field_mapping/c1.f2"",""t4.c10"",""exact_name_in_target_table"",11],[""UNKNOWN_COLUMN_ID"",""t4.upkeeprobot"",""/target_groups/0/field_mapping/c1.f3"",""t4.c11"",""exact_name_in_target_table"",11]]"
final_robot_034,REF_INVALID_SOURCE_REF,mapping,NON_REPAIRABLE_REFERENCE,2,0,,[],"[[""UNKNOWN_SOURCE_FIELD_ID"",""c1.f1"",""/target_groups/0/field_mapping/c1.f1"",null,null,0],[""UNKNOWN_SOURCE_FIELD_ID"",""c1.f2"",""/target_groups/0/field_mapping/c1.f2"",null,null,0]]"
final_robot_041,REF_UNKNOWN_COLUMN,mapping,REFERENCE_REPAIR_PARTIAL_BUT_SAMPLE_NOT_SAFE,3,3,NEEDS_CLARIFICATION,"[[""/target_groups/0/field_mapping/c1.f1"",""t9.botcode"",""t9.c1"",""unique_exact_identifier_name""],[""/target_groups/0/field_mapping/c1.f2"",""t9.recreg"",""t9.c2"",""unique_exact_identifier_name""],[""/target_groups/0/field_mapping/c1.f3"",""t9.rects"",""t9.c3"",""unique_exact_identifier_name""]]","[[""UNKNOWN_COLUMN_ID"",""t9.botcode"",""/target_groups/0/field_mapping/c1.f1"",""t9.c1"",""exact_name_in_target_table"",3],[""UNKNOWN_COLUMN_ID"",""t9.recreg"",""/target_groups/0/field_mapping/c1.f2"",""t9.c2"",""exact_name_in_target_table"",3],[""UNKNOWN_COLUMN_ID"",""t9.rects"",""/target_groups/0/field_mapping/c1.f3"",""t9.c3"",""exact_name_in_target_table"",3]]"
final_robot_049,REF_UNKNOWN_COLUMN,mapping,REPAIRABLE_REFERENCE_ONLY,1,1,,"[[""/target_groups/0/field_mapping/c1.f1"",""t9.botcode"",""t9.c1"",""unique_exact_identifier_name""]]","[[""UNKNOWN_COLUMN_ID"",""t9.botcode"",""/target_groups/0/field_mapping/c1.f1"",""t9.c1"",""exact_name_in_target_table"",3]]"
final_robot_055,REF_INVALID_SOURCE_REF,mapping,NON_REPAIRABLE_REFERENCE,5,0,,[],"[[""UNKNOWN_SOURCE_FIELD_ID"",""c1.f6"",""/target_groups/0/field_mapping/c1.f6"",null,null,10],[""UNKNOWN_SOURCE_FIELD_ID"",""c1.f7"",""/target_groups/0/field_mapping/c1.f7"",null,null,10],[""UNKNOWN_SOURCE_FIELD_ID"",""c1.f8"",""/target_groups/0/field_mapping/c1.f8"",null,null,10],[""UNKNOWN_SOURCE_FIELD_ID"",""c1.f9"",""/target_groups/0/field_mapping/c1.f9"",null,null,10],[""UNKNOWN_SOURCE_FIELD_ID"",""c1.f10"",""/target_groups/0/field_mapping/c1.f10"",null,null,10]]"
final_vaccine_006,REF_INVALID_SOURCE_REF,mapping,NON_REPAIRABLE_REFERENCE,1,0,,[],"[[""UNKNOWN_SOURCE_FIELD_ID"",""c1.f1"",""/target_groups/0/field_mapping/c1.f1"",null,null,0]]"
final_vaccine_010,REF_UNKNOWN_COLUMN,mapping,REFERENCE_REPAIR_PARTIAL_BUT_SAMPLE_NOT_SAFE,14,14,NEEDS_CLARIFICATION,"[[""/target_groups/0/field_mapping/c1.f1"",""t2.loggerreg"",""t2.c8"",""unique_exact_identifier_name""],[""/target_groups/0/field_mapping/c1.f2"",""t2.logflag"",""t2.c7"",""unique_exact_identifier_name""],[""/target_groups/0/field_mapping/c1.f3"",""t2.loginterval"",""t2.c9"",""unique_exact_identifier_name""],[""/target_groups/0/field_mapping/c1.f4"",""t2.transmitflag"",""t2.c19"",""unique_exact_identifier_name""],[""/target_groups/0/field_mapping/c1.f5"",""t2.datauptime"",""t2.c5"",""unique_exact_identifier_name""],[""/target_groups/0/field_mapping/c1.f6"",""t2.datapct"",""t2.c4"",""unique_exact_identifier_name""],[""/target_groups/0/field_mapping/c1.f7"",""t2.softupdate"",""t2.c13"",""unique_exact_identifier_name""],[""/target_groups/0/field_mapping/c1.f8"",""t2.syshealth"",""t2.c18"",""unique_exact_identifier_name""],[""/target_groups/0/field_mapping/c1.f9"",""t2.netsignal"",""t2.c11"",""unique_exact_identifier_name""],[""/target_groups/0/field_mapping/c1.f10"",""t2.commproto"",""t2.c2"",""unique_exact_identifier_name""],[""/target_groups/0/field_mapping/c1.f11"",""t2.syncflag"",""t2.c16"",""unique_exact_identifier_name""],[""/target_groups/0/field_mapping/c1.f12"",""t2.syncfreqhr"",""t2.c17"",""unique_exact_identifier_name""],[""/target_groups/0/field_mapping/c1.f13"",""t2.containlog"",""t2.c3"",""unique_exact_identifier_name""],[""/target_groups/0/field_mapping/c1.f14"",""t2.shiplog"",""t2.c12"",""unique_exact_identifier_name""]]","[[""UNKNOWN_COLUMN_ID"",""t2.loggerreg"",""/target_groups/0/field_mapping/c1.f1"",""t2.c8"",""exact_name_in_target_table"",19],[""UNKNOWN_COLUMN_ID"",""t2.logflag"",""/target_groups/0/field_mapping/c1.f2"",""t2.c7"",""exact_name_in_target_table"",19],[""UNKNOWN_COLUMN_ID"",""t2.loginterval"",""/target_groups/0/field_mapping/c1.f3"",""t2.c9"",""exact_name_in_target_table"",19],[""UNKNOWN_COLUMN_ID"",""t2.transmitflag"",""/target_groups/0/field_mapping/c1.f4"",""t2.c19"",""exact_name_in_target_table"",19],[""UNKNOWN_COLUMN_ID"",""t2.datauptime"",""/target_groups/0/field_mapping/c1.f5"",""t2.c5"",""exact_name_in_target_table"",19],[""UNKNOWN_COLUMN_ID"",""t2.datapct"",""/target_groups/0/field_mapping/c1.f6"",""t2.c4"",""exact_name_in_target_table"",19],[""UNKNOWN_COLUMN_ID"",""t2.softupdate"",""/target_groups/0/field_mapping/c1.f7"",""t2.c13"",""exact_name_in_target_table"",19],[""UNKNOWN_COLUMN_ID"",""t2.syshealth"",""/target_groups/0/field_mapping/c1.f8"",""t2.c18"",""exact_name_in_target_table"",19],[""UNKNOWN_COLUMN_ID"",""t2.netsignal"",""/target_groups/0/field_mapping/c1.f9"",""t2.c11"",""exact_name_in_target_table"",19],[""UNKNOWN_COLUMN_ID"",""t2.commproto"",""/target_groups/0/field_mapping/c1.f10"",""t2.c2"",""exact_name_in_target_table"",19],[""UNKNOWN_COLUMN_ID"",""t2.syncflag"",""/target_groups/0/field_mapping/c1.f11"",""t2.c16"",""exact_name_in_target_table"",19],[""UNKNOWN_COLUMN_ID"",""t2.syncfreqhr"",""/target_groups/0/field_mapping/c1.f12"",""t2.c17"",""exact_name_in_target_table"",19],[""UNKNOWN_COLUMN_ID"",""t2.containlog"",""/target_groups/0/field_mapping/c1.f13"",""t2.c3"",""exact_name_in_target_table"",19],[""UNKNOWN_COLUMN_ID"",""t2.shiplog"",""/target_groups/0/field_mapping/c1.f14"",""t2.c12"",""exact_name_in_target_table"",19]]"
final_vaccine_018,REF_INVALID_SOURCE_REF,free_text,NON_REPAIRABLE_REFERENCE,1,0,,[],"[[""UNKNOWN_CONSTRAINT_ID"",""t7.c10"",""/write_groups/0/conflict_target_id"",""t7.u1"",""unique_closed_set"",1]]"
final_vaccine_033,REF_UNKNOWN_COLUMN,free_text,REFERENCE_REPAIR_PARTIAL_BUT_SAMPLE_NOT_SAFE,12,8,MISSING_UPDATE_COLUMN_IDS,"[[""/write_groups/0/rows/0/t5.timemark"",""t5.timemark"",""t5.c20"",""unique_exact_identifier_name""],[""/write_groups/1/rows/0/t1.batterypct"",""t1.batterypct"",""t1.c1"",""unique_exact_identifier_name""],[""/write_groups/1/rows/0/t1.shipown"",""t1.shipown"",""t1.c14"",""unique_exact_identifier_name""],[""/write_groups/2/rows/0/t2.logflag"",""t2.logflag"",""t2.c7"",""unique_exact_identifier_name""],[""/write_groups/2/rows/0/t2.datapct"",""t2.datapct"",""t2.c4"",""unique_exact_identifier_name""],[""/write_groups/2/rows/0/t2.syshealth"",""t2.syshealth"",""t2.c18"",""unique_exact_identifier_name""],[""/write_groups/2/rows/0/t2.containlog"",""t2.containlog"",""t2.c3"",""unique_exact_identifier_name""],[""/write_groups/2/rows/0/t2.shiplog"",""t2.shiplog"",""t2.c12"",""unique_exact_identifier_name""]]","[[""UNKNOWN_COLUMN_ID"",""t5.timemark"",""/write_groups/0/rows/0/t5.timemark"",""t5.c20"",""exact_name_in_target_table"",20],[""UNKNOWN_COLUMN_ID"",""t1.batterypct"",""/write_groups/1/rows/0/t1.batterypct"",""t1.c1"",""exact_name_in_target_table"",15],[""UNKNOWN_COLUMN_ID"",""t1.shipown"",""/write_groups/1/rows/0/t1.shipown"",""t1.c14"",""exact_name_in_target_table"",15],[""UNKNOWN_COLUMN_ID"",""t1.batterypct"",""/write_groups/1/update_column_ids/2"",""t1.c1"",""exact_name_in_target_table"",15],[""UNKNOWN_COLUMN_ID"",""t2.logflag"",""/write_groups/2/rows/0/t2.logflag"",""t2.c7"",""exact_name_in_target_table"",19],[""UNKNOWN_COLUMN_ID"",""t2.datapct"",""/write_groups/2/rows/0/t2.datapct"",""t2.c4"",""exact_name_in_target_table"",19],[""UNKNOWN_COLUMN_ID"",""t2.syshealth"",""/write_groups/2/rows/0/t2.syshealth"",""t2.c18"",""exact_name_in_target_table"",19],[""UNKNOWN_COLUMN_ID"",""t2.containlog"",""/write_groups/2/rows/0/t2.containlog"",""t2.c3"",""exact_name_in_target_table"",19],[""UNKNOWN_COLUMN_ID"",""t2.shiplog"",""/write_groups/2/rows/0/t2.shiplog"",""t2.c12"",""exact_name_in_target_table"",19],[""UNKNOWN_COLUMN_ID"",""t2.logflag"",""/write_groups/2/update_column_ids/0"",""t2.c7"",""exact_name_in_target_table"",19],[""UNKNOWN_COLUMN_ID"",""t2.datapct"",""/write_groups/2/update_column_ids/1"",""t2.c4"",""exact_name_in_target_table"",19],[""UNKNOWN_COLUMN_ID"",""t2.syshealth"",""/write_groups/2/update_column_ids/2"",""t2.c18"",""exact_name_in_target_table"",19]]"
final_vaccine_056,REF_UNKNOWN_COLUMN,mapping,REFERENCE_REPAIR_PARTIAL_BUT_SAMPLE_NOT_SAFE,10,7,,"[[""/target_groups/0/field_mapping/c1.f1"",""t4.containlink"",""t4.c5"",""unique_exact_identifier_name""],[""/target_groups/0/field_mapping/c1.f2"",""t4.vehsenseref"",""t4.c22"",""unique_exact_identifier_name""],[""/target_groups/0/field_mapping/c1.f3"",""t4.storetempc"",""t4.c14"",""unique_exact_identifier_name""],[""/target_groups/0/field_mapping/c1.f4"",""t4.tempnowc"",""t4.c18"",""unique_exact_identifier_name""],[""/target_groups/0/field_mapping/c1.f5"",""t4.humiditypct"",""t4.c8"",""unique_exact_identifier_name""],[""/target_groups/0/field_mapping/c1.f6"",""t4.shockflag"",""t4.c13"",""unique_exact_identifier_name""],[""/target_groups/0/field_mapping/c1.f7"",""t4.alerts"",""t4.c3"",""unique_exact_identifier_name""]]","[[""UNKNOWN_COLUMN_ID"",""t4.containlink"",""/target_groups/0/field_mapping/c1.f1"",""t4.c5"",""exact_name_in_target_table"",23],[""UNKNOWN_COLUMN_ID"",""t4.vehsenseref"",""/target_groups/0/field_mapping/c1.f2"",""t4.c22"",""exact_name_in_target_table"",23],[""UNKNOWN_COLUMN_ID"",""t4.storetempc"",""/target_groups/0/field_mapping/c1.f3"",""t4.c14"",""exact_name_in_target_table"",23],[""UNKNOWN_COLUMN_ID"",""t4.tempnowc"",""/target_groups/0/field_mapping/c1.f4"",""t4.c18"",""exact_name_in_target_table"",23],[""UNKNOWN_COLUMN_ID"",""t4.humiditypct"",""/target_groups/0/field_mapping/c1.f5"",""t4.c8"",""exact_name_in_target_table"",23],[""UNKNOWN_COLUMN_ID"",""t4.shockflag"",""/target_groups/0/field_mapping/c1.f6"",""t4.c13"",""exact_name_in_target_table"",23],[""UNKNOWN_COLUMN_ID"",""t4.alerts"",""/target_groups/0/field_mapping/c1.f7"",""t4.c3"",""exact_name_in_target_table"",23],[""UNKNOWN_COLUMN_ID"",""t4.row_1"",""/target_groups/0/field_mapping/c1.f8"",null,null,23],[""UNKNOWN_COLUMN_ID"",""t4.row_2"",""/target_groups/0/field_mapping/c1.f9"",null,null,23],[""UNKNOWN_COLUMN_ID"",""t4.row_3"",""/target_groups/0/field_mapping/c1.f10"",null,null,23]]"
final_virtual_004,REF_UNKNOWN_COLUMN,mapping,REPAIRABLE_REFERENCE_ONLY,1,1,,"[[""/target_groups/0/field_mapping/c1.f1"",""t5.userregistry"",""t5.c7"",""unique_exact_identifier_name""]]","[[""UNKNOWN_COLUMN_ID"",""t5.userregistry"",""/target_groups/0/field_mapping/c1.f1"",""t5.c7"",""exact_name_in_target_table"",7]]"
final_virtual_005,REF_UNKNOWN_COLUMN,mapping,REPAIRABLE_REFERENCE_ONLY,1,1,,"[[""/target_groups/0/field_mapping/c1.f1"",""t14.entityreg"",""t14.c3"",""unique_exact_identifier_name""]]","[[""UNKNOWN_COLUMN_ID"",""t14.entityreg"",""/target_groups/0/field_mapping/c1.f1"",""t14.c3"",""exact_name_in_target_table"",7]]"
final_virtual_019,REF_UNKNOWN_COLUMN,mapping,REPAIRABLE_REFERENCE_ONLY,1,1,,"[[""/target_groups/0/field_mapping/c1.f1"",""t2.commercereg"",""t2.c4"",""unique_exact_identifier_name""]]","[[""UNKNOWN_COLUMN_ID"",""t2.commercereg"",""/target_groups/0/field_mapping/c1.f1"",""t2.c4"",""exact_name_in_target_table"",9]]"
final_virtual_021,REF_UNKNOWN_COLUMN,mapping,REPAIRABLE_REFERENCE_ONLY,1,1,,"[[""/target_groups/0/field_mapping/c1.f1"",""t5.userregistry"",""t5.c7"",""unique_exact_identifier_name""]]","[[""UNKNOWN_COLUMN_ID"",""t5.userregistry"",""/target_groups/0/field_mapping/c1.f1"",""t5.c7"",""exact_name_in_target_table"",7]]"
final_virtual_027,REF_UNKNOWN_COLUMN,mapping,REPAIRABLE_REFERENCE_ONLY,9,9,,"[[""/target_groups/0/field_mapping/c1.f1"",""t2.commercereg"",""t2.c4"",""unique_exact_identifier_name""],[""/target_groups/0/field_mapping/c1.f2"",""t2.commerceengagepivot"",""t2.c2"",""unique_exact_identifier_name""],[""/target_groups/0/field_mapping/c1.f3"",""t2.commercememberpivot"",""t2.c3"",""unique_exact_identifier_name""],[""/target_groups/0/field_mapping/c1.f4"",""t2.collcomprate"",""t2.c1"",""unique_exact_identifier_name""],[""/target_groups/0/field_mapping/c1.f5"",""t2.tradelevel"",""t2.c9"",""unique_exact_identifier_name""],[""/target_groups/0/field_mapping/c1.f6"",""t2.merchbuy"",""t2.c6"",""unique_exact_identifier_name""],[""/target_groups/0/field_mapping/c1.f7"",""t2.merchspendusd"",""t2.c7"",""unique_exact_identifier_name""],[""/target_groups/0/field_mapping/c1.f8"",""t2.digown"",""t2.c5"",""unique_exact_identifier_name""],[""/target_groups/0/field_mapping/c1.f9"",""t2.physown"",""t2.c8"",""unique_exact_identifier_name""]]","[[""UNKNOWN_COLUMN_ID"",""t2.commercereg"",""/target_groups/0/field_mapping/c1.f1"",""t2.c4"",""exact_name_in_target_table"",9],[""UNKNOWN_COLUMN_ID"",""t2.commerceengagepivot"",""/target_groups/0/field_mapping/c1.f2"",""t2.c2"",""exact_name_in_target_table"",9],[""UNKNOWN_COLUMN_ID"",""t2.commercememberpivot"",""/target_groups/0/field_mapping/c1.f3"",""t2.c3"",""exact_name_in_target_table"",9],[""UNKNOWN_COLUMN_ID"",""t2.collcomprate"",""/target_groups/0/field_mapping/c1.f4"",""t2.c1"",""exact_name_in_target_table"",9],[""UNKNOWN_COLUMN_ID"",""t2.tradelevel"",""/target_groups/0/field_mapping/c1.f5"",""t2.c9"",""exact_name_in_target_table"",9],[""UNKNOWN_COLUMN_ID"",""t2.merchbuy"",""/target_groups/0/field_mapping/c1.f6"",""t2.c6"",""exact_name_in_target_table"",9],[""UNKNOWN_COLUMN_ID"",""t2.merchspendusd"",""/target_groups/0/field_mapping/c1.f7"",""t2.c7"",""exact_name_in_target_table"",9],[""UNKNOWN_COLUMN_ID"",""t2.digown"",""/target_groups/0/field_mapping/c1.f8"",""t2.c5"",""exact_name_in_target_table"",9],[""UNKNOWN_COLUMN_ID"",""t2.physown"",""/target_groups/0/field_mapping/c1.f9"",""t2.c8"",""exact_name_in_target_table"",9]]"
final_virtual_035,REF_UNKNOWN_COLUMN,mapping,REFERENCE_REPAIR_PARTIAL_BUT_SAMPLE_NOT_SAFE,1,1,NEEDS_CLARIFICATION,"[[""/target_groups/0/field_mapping/c1.f1"",""t14.entityreg"",""t14.c3"",""unique_exact_identifier_name""]]","[[""UNKNOWN_COLUMN_ID"",""t14.entityreg"",""/target_groups/0/field_mapping/c1.f1"",""t14.c3"",""exact_name_in_target_table"",7]]"
final_virtual_042,REF_UNKNOWN_COLUMN,mapping,REFERENCE_REPAIR_PARTIAL_BUT_SAMPLE_NOT_SAFE,7,7,NEEDS_CLARIFICATION,"[[""/target_groups/0/field_mapping/c1.f1"",""t5.nicklabel"",""t5.c1"",""unique_exact_identifier_name""],[""/target_groups/0/field_mapping/c1.f2"",""t5.personal_attributes"",""t5.c2"",""unique_exact_identifier_name""],[""/target_groups/0/field_mapping/c1.f3"",""t5.statustag"",""t5.c5"",""unique_exact_identifier_name""],[""/target_groups/0/field_mapping/c1.f4"",""t5.tierstep"",""t5.c6"",""unique_exact_identifier_name""],[""/target_groups/0/field_mapping/c1.f5"",""t5.ptsval"",""t5.c3"",""unique_exact_identifier_name""],[""/target_groups/0/field_mapping/c1.f6"",""t5.userregistry"",""t5.c7"",""unique_exact_identifier_name""],[""/target_groups/0/field_mapping/c1.f7"",""t5.regmoment"",""t5.c4"",""unique_exact_identifier_name""]]","[[""UNKNOWN_COLUMN_ID"",""t5.nicklabel"",""/target_groups/0/field_mapping/c1.f1"",""t5.c1"",""exact_name_in_target_table"",7],[""UNKNOWN_COLUMN_ID"",""t5.personal_attributes"",""/target_groups/0/field_mapping/c1.f2"",""t5.c2"",""exact_name_in_target_table"",7],[""UNKNOWN_COLUMN_ID"",""t5.statustag"",""/target_groups/0/field_mapping/c1.f3"",""t5.c5"",""exact_name_in_target_table"",7],[""UNKNOWN_COLUMN_ID"",""t5.tierstep"",""/target_groups/0/field_mapping/c1.f4"",""t5.c6"",""exact_name_in_target_table"",7],[""UNKNOWN_COLUMN_ID"",""t5.ptsval"",""/target_groups/0/field_mapping/c1.f5"",""t5.c3"",""exact_name_in_target_table"",7],[""UNKNOWN_COLUMN_ID"",""t5.userregistry"",""/target_groups/0/field_mapping/c1.f6"",""t5.c7"",""exact_name_in_target_table"",7],[""UNKNOWN_COLUMN_ID"",""t5.regmoment"",""/target_groups/0/field_mapping/c1.f7"",""t5.c4"",""exact_name_in_target_table"",7]]"
final_virtual_049,REF_UNKNOWN_COLUMN,mapping,REPAIRABLE_REFERENCE_ONLY,2,2,,"[[""/target_groups/0/field_mapping/c1.f1"",""t5.userregistry"",""t5.c7"",""unique_exact_identifier_name""],[""/target_groups/0/field_mapping/c1.f2"",""t5.nicklabel"",""t5.c1"",""unique_exact_identifier_name""]]","[[""UNKNOWN_COLUMN_ID"",""t5.userregistry"",""/target_groups/0/field_mapping/c1.f1"",""t5.c7"",""exact_name_in_target_table"",7],[""UNKNOWN_COLUMN_ID"",""t5.nicklabel"",""/target_groups/0/field_mapping/c1.f2"",""t5.c1"",""exact_name_in_target_table"",7]]"
final_virtual_050,REF_UNKNOWN_COLUMN,mapping,REPAIRABLE_REFERENCE_ONLY,1,1,,"[[""/target_groups/0/field_mapping/c1.f1"",""t3.engagereg"",""t3.c7"",""unique_exact_identifier_name""]]","[[""UNKNOWN_COLUMN_ID"",""t3.engagereg"",""/target_groups/0/field_mapping/c1.f1"",""t3.c7"",""exact_name_in_target_table"",12]]"
