sample_id,source_group,legacy_payload_hash,D_payload_hash,changed
aug_seed_000068_single_row_subset_002,seed_000068,0086eeb4080b7f01c19b34ef5e21ff166069775bd142fb0081ec5adbcc1609b9,0086eeb4080b7f01c19b34ef5e21ff166069775bd142fb0081ec5adbcc1609b9,0
seed_000231,seed_000231,933a579ddae7c2a5e10ca1848ea9ab9fd7e078233b7d1701eafa0858e71c6dfb,933a579ddae7c2a5e10ca1848ea9ab9fd7e078233b7d1701eafa0858e71c6dfb,0
seed_000005,seed_000005,29d2d690f48369a88257a0c0c390f3f67c79cb948861e35deecc13f4f642c09b,29d2d690f48369a88257a0c0c390f3f67c79cb948861e35deecc13f4f642c09b,0
aug_seed_000049_relational_format_variant_002,seed_000049,070761bc4c22fed67bf99d8e6601c93009d0545211d202b4e6b5e2505443117f,070761bc4c22fed67bf99d8e6601c93009d0545211d202b4e6b5e2505443117f,0
aug_seed_000292_single_row_subset_001,seed_000292,cdbccb0630316da6514ee492b23c58327e815118434c844cb33f4ee17071af4b,cdbccb0630316da6514ee492b23c58327e815118434c844cb33f4ee17071af4b,0
aug_seed_000349_relational_format_variant_002,seed_000349,5d8490fe565f0b3368724a590ec78e20954211515dcb0b1152e8336c227a2b19,5d8490fe565f0b3368724a590ec78e20954211515dcb0b1152e8336c227a2b19,0
seed_000110,seed_000110,85209b0d0fab6f5a14b962067412516fbea8dc0661d899fe2b4ac06c3c08468e,85209b0d0fab6f5a14b962067412516fbea8dc0661d899fe2b4ac06c3c08468e,0
aug_seed_000073_relational_format_variant_002,seed_000073,c8cb33b71cd5a4b9ef74fd1a71ed7924e4a8920cc3572a817bb075842000af59,c8cb33b71cd5a4b9ef74fd1a71ed7924e4a8920cc3572a817bb075842000af59,0
aug_seed_000054_small_batch_subset_001,seed_000054,d075cfd21f3d8fb43684013dc4ada32d76462ec0b28e7a13c99657a81904463d,d075cfd21f3d8fb43684013dc4ada32d76462ec0b28e7a13c99657a81904463d,0
seed_000302,seed_000302,215aa3d5b4be5751b1eb8500bc1d7d4ac716942aca7662ad49603cf17385a0e9,215aa3d5b4be5751b1eb8500bc1d7d4ac716942aca7662ad49603cf17385a0e9,0
aug_seed_000237_single_row_subset_001,seed_000237,f4b33d714fc86fe33a82a5a99cd0469509bb8419937a631abca5b598bfd1c435,f4b33d714fc86fe33a82a5a99cd0469509bb8419937a631abca5b598bfd1c435,0
aug_seed_000285_small_batch_subset_001,seed_000285,b6c358af13ea69570400c554ae296c84d188ff845a9a59c4908302dfec97a9ad,b6c358af13ea69570400c554ae296c84d188ff845a9a59c4908302dfec97a9ad,0
aug_seed_000356_small_batch_subset_001,seed_000356,e3a430df7989ee62f37cb3ea6fea6d8f66e1c41e3c3126a0f8c3c3fc9280e12e,e3a430df7989ee62f37cb3ea6fea6d8f66e1c41e3c3126a0f8c3c3fc9280e12e,0
seed_000002,seed_000002,db02e7a09e34a6f33bf5f5da558956652ce083f728723fcd4b78f40671d70928,db02e7a09e34a6f33bf5f5da558956652ce083f728723fcd4b78f40671d70928,0
seed_000190,seed_000190,4cad8ddb96ade23757e254343919d2e9a5dc3787ec1e9adc0576dbada0ae0b35,4cad8ddb96ade23757e254343919d2e9a5dc3787ec1e9adc0576dbada0ae0b35,0
aug_seed_000143_single_row_subset_001,seed_000143,267b575fa1ea3b9c0b3e2fcc931b1a5b6ae6b5d386d1f9db3decaa75c296c694,267b575fa1ea3b9c0b3e2fcc931b1a5b6ae6b5d386d1f9db3decaa75c296c694,0
aug_seed_000346_relational_format_variant_002,seed_000346,2e0b6027b6c519d29fa7c9581cc34d010b806d75a1a3bc27698ccbf654eaf572,2e0b6027b6c519d29fa7c9581cc34d010b806d75a1a3bc27698ccbf654eaf572,0
seed_000291,seed_000291,e441962db005e18d3754a71167014a5b21dfb3af24446084eae8f8e0871662f3,e441962db005e18d3754a71167014a5b21dfb3af24446084eae8f8e0871662f3,0
aug_seed_000017_small_batch_subset_001,seed_000017,c8884174397439abc2686ce8a67b704703f4c2d2ebd747149ee246dd1d2e07fe,c8884174397439abc2686ce8a67b704703f4c2d2ebd747149ee246dd1d2e07fe,0
seed_000261,seed_000261,732106262ac39bc1b181f453339179ed4b8d5e1bb2ebc104ecc1c3ec6d4c56c3,732106262ac39bc1b181f453339179ed4b8d5e1bb2ebc104ecc1c3ec6d4c56c3,0
aug_seed_000246_single_row_subset_001,seed_000246,c270aeb717c4dc24d63b8b3c9f6f0296a0f1088df565f4ed0cf24f5d5791a307,c270aeb717c4dc24d63b8b3c9f6f0296a0f1088df565f4ed0cf24f5d5791a307,0
aug_seed_000194_single_row_subset_001,seed_000194,48a89d4081e2e1520636fa415be330a9b6fd788684ec93b21145464392bfd210,48a89d4081e2e1520636fa415be330a9b6fd788684ec93b21145464392bfd210,0
aug_seed_000068_small_batch_subset_001,seed_000068,fceb3078c6404b920b04be76a2d15cc20d6a5f1dc0ed11e0977545b4dc259aef,fceb3078c6404b920b04be76a2d15cc20d6a5f1dc0ed11e0977545b4dc259aef,0
aug_seed_000183_small_batch_subset_001,seed_000183,1a7a0d5d30cb45de8ac51143cac8f616dc8b6a962f5f5d7b806cd0f425361b43,1a7a0d5d30cb45de8ac51143cac8f616dc8b6a962f5f5d7b806cd0f425361b43,0
seed_000201,seed_000201,227e96f6ab58f82e750c130780fc52535889f50d8781a33ac1f3defe866af088,227e96f6ab58f82e750c130780fc52535889f50d8781a33ac1f3defe866af088,0
seed_000044,seed_000044,81e1c8d3137a1a39720e63fb55a83ea1fb9c9d82758497c4881e30d60c7269c1,81e1c8d3137a1a39720e63fb55a83ea1fb9c9d82758497c4881e30d60c7269c1,0
aug_seed_000253_small_batch_subset_001,seed_000253,ea374a15e4010b529e33f805debccbc45b1ab2e6084bea8898978aa8abbd739d,ea374a15e4010b529e33f805debccbc45b1ab2e6084bea8898978aa8abbd739d,0
seed_000243,seed_000243,5d49068e7d8a35281c6a13d8dd234fe2f881e83bc0f4f41d4276dc1337c194f1,5d49068e7d8a35281c6a13d8dd234fe2f881e83bc0f4f41d4276dc1337c194f1,0
aug_seed_000211_single_row_subset_001,seed_000211,a03c590bc029743b1564e6850bacb6ce603585a4f95edbe545e2f1ed06960cca,a03c590bc029743b1564e6850bacb6ce603585a4f95edbe545e2f1ed06960cca,0
seed_000189,seed_000189,5cc386ead5325c2f8dd8c400dd2f06c3839774325a60738f4899506be2253b04,5cc386ead5325c2f8dd8c400dd2f06c3839774325a60738f4899506be2253b04,0
aug_seed_000253_single_row_subset_001,seed_000253,8f3c87d5196b1504ca2cf7fa6bbe552af23d4f9f2a7f0e6e5f2fa54d51edd5b8,8f3c87d5196b1504ca2cf7fa6bbe552af23d4f9f2a7f0e6e5f2fa54d51edd5b8,0
aug_seed_000255_single_row_subset_001,seed_000255,92eef8366d34fa2c6ed7fa5994e5dfa1f138d7f405a85eff66b75040297ccf66,92eef8366d34fa2c6ed7fa5994e5dfa1f138d7f405a85eff66b75040297ccf66,0
seed_000095,seed_000095,95ad7e67d5232a0dd180e94870b4e18dc7fe845d85e3b8b5822c911959ce9cda,95ad7e67d5232a0dd180e94870b4e18dc7fe845d85e3b8b5822c911959ce9cda,0
aug_seed_000031_single_row_subset_001,seed_000031,a7220c06dab5b0ab1edf8e6b5d52b99ae22e40f2afbca10c765ca806854501a9,a7220c06dab5b0ab1edf8e6b5d52b99ae22e40f2afbca10c765ca806854501a9,0
seed_000192,seed_000192,fb01dab10d5dcca496481880902fefe5c13cbb197fd52a57785d8860383759a1,fb01dab10d5dcca496481880902fefe5c13cbb197fd52a57785d8860383759a1,0
aug_seed_000241_single_row_subset_001,seed_000241,29f4238633f5e1a18412c0121897a99744510ba8bf5ae7d679b7cc66b437a784,29f4238633f5e1a18412c0121897a99744510ba8bf5ae7d679b7cc66b437a784,0
aug_seed_000353_single_row_subset_001,seed_000353,131576c635f2f06775fe2b9d8ad4e71719f8bd3ce8c0a82a094928f6c23ec3b8,131576c635f2f06775fe2b9d8ad4e71719f8bd3ce8c0a82a094928f6c23ec3b8,0
aug_seed_000013_single_row_subset_001,seed_000013,977541dcc2022101f94d20edd48f35994cf1e786464768dec500824d92bc9a13,977541dcc2022101f94d20edd48f35994cf1e786464768dec500824d92bc9a13,0
aug_seed_000316_small_batch_subset_001,seed_000316,4ec0cefe473f0d0681ff57f28d27940411e85c551cd7d19f04fc4c2b5195aa3f,4ec0cefe473f0d0681ff57f28d27940411e85c551cd7d19f04fc4c2b5195aa3f,0
aug_seed_000338_relational_format_variant_001,seed_000338,4b5a9ea7c831885dd9477adc3384ec6552af308bcdb7faef9abd3d9e05bdbc20,4b5a9ea7c831885dd9477adc3384ec6552af308bcdb7faef9abd3d9e05bdbc20,0
aug_seed_000199_small_batch_subset_001,seed_000199,45a835acdfacf8f56449ea2793e43eeeeab466ff3cb58f687fda2e9af966a798,45a835acdfacf8f56449ea2793e43eeeeab466ff3cb58f687fda2e9af966a798,0
aug_seed_000285_single_row_subset_001,seed_000285,078b22ca7ccba54fcc8c17ba2d121f0fa20b3c0f692e306fa62a6f0b23cc9b21,078b22ca7ccba54fcc8c17ba2d121f0fa20b3c0f692e306fa62a6f0b23cc9b21,0
seed_000269,seed_000269,967583ffe9b8ff4485d61c12002b24f998f8531795c73de63ba26e4f431b0c34,967583ffe9b8ff4485d61c12002b24f998f8531795c73de63ba26e4f431b0c34,0
aug_seed_000202_relational_format_variant_001,seed_000202,9d923c92b91a0615e636f3d96ef676df6a17e49ed0e7ed11694f8016ca997ae4,9d923c92b91a0615e636f3d96ef676df6a17e49ed0e7ed11694f8016ca997ae4,0
seed_000146,seed_000146,a374a2c4ba8f30d06fc0168d841533b550246ef4c8aa734c662efab16293b5d7,a374a2c4ba8f30d06fc0168d841533b550246ef4c8aa734c662efab16293b5d7,0
seed_000073,seed_000073,8f087076657b27f469abf9f1210d3c26daad15299c50ad8baec1290e6bcd85c3,8f087076657b27f469abf9f1210d3c26daad15299c50ad8baec1290e6bcd85c3,0
aug_seed_000014_small_batch_subset_001,seed_000014,0cce26631121fd51526147ba4cacb61ccfbe97a95d76d966596772d249c0f6de,0cce26631121fd51526147ba4cacb61ccfbe97a95d76d966596772d249c0f6de,0
aug_seed_000254_single_row_subset_001,seed_000254,9d36fd7e7138e07e8dab0f4816142a49c3a3cb6b14e2a0741057e8f0facc6c57,9d36fd7e7138e07e8dab0f4816142a49c3a3cb6b14e2a0741057e8f0facc6c57,0
aug_seed_000166_single_row_subset_001,seed_000166,1ccd0c7e7a06d973878c5742923023093b6ad600d9dca97ba29041317db11082,1ccd0c7e7a06d973878c5742923023093b6ad600d9dca97ba29041317db11082,0
seed_000100,seed_000100,08347b5e50e1573e5bd82aec4450ebf53fc1cb24d2c3dda3f189b463321c18b2,08347b5e50e1573e5bd82aec4450ebf53fc1cb24d2c3dda3f189b463321c18b2,0
seed_000356,seed_000356,8c9a6ed513a73f790fc47588a33559ec6a27c136d689b8750c0b27c2dd60a1d4,8c9a6ed513a73f790fc47588a33559ec6a27c136d689b8750c0b27c2dd60a1d4,0
aug_seed_000167_single_row_subset_001,seed_000167,217ad73d335ab3299ab6b004435ac0df0ae589712c2443c58d76a12f586043fa,217ad73d335ab3299ab6b004435ac0df0ae589712c2443c58d76a12f586043fa,0
aug_seed_000187_single_row_subset_001,seed_000187,8787bad739ef112563f28897e6461847e40b363e0986d1260c30b8e0281b6ade,8787bad739ef112563f28897e6461847e40b363e0986d1260c30b8e0281b6ade,0
aug_seed_000153_relational_format_variant_001,seed_000153,898e247685ba8ce41c1ad6b5b81bd1826510e297abcef9f9cc5a85b833449ab8,898e247685ba8ce41c1ad6b5b81bd1826510e297abcef9f9cc5a85b833449ab8,0
seed_000037,seed_000037,f08cc4514f77c42a7385d5a4c5930a17efe5ff2b31e9b2d1431192e8169945f1,f08cc4514f77c42a7385d5a4c5930a17efe5ff2b31e9b2d1431192e8169945f1,0
seed_000319,seed_000319,30c47070e123953fda8de5ef06fac1a120d8f662c81b16c55c94704110ef4edf,30c47070e123953fda8de5ef06fac1a120d8f662c81b16c55c94704110ef4edf,0
seed_000168,seed_000168,ae06e6db06e3f2ce69bf9f7693c23e40ebc44ec723376f62d567491c2eb797b4,ae06e6db06e3f2ce69bf9f7693c23e40ebc44ec723376f62d567491c2eb797b4,0
seed_000259,seed_000259,390ac8ff28d44351b4a44c5bc34e79e3725b1356c21e4456481410b7b0071041,390ac8ff28d44351b4a44c5bc34e79e3725b1356c21e4456481410b7b0071041,0
aug_seed_000065_single_row_subset_002,seed_000065,eeb2190f6741febfea3f24b10584379a976cc55bdbf81629e4c91bb0f2bed88b,eeb2190f6741febfea3f24b10584379a976cc55bdbf81629e4c91bb0f2bed88b,0
aug_seed_000215_small_batch_subset_001,seed_000215,6eea6366019c88173b46be9586ff2d51e9989211bef74e38daca7cc758434767,6eea6366019c88173b46be9586ff2d51e9989211bef74e38daca7cc758434767,0
aug_seed_000014_single_row_subset_002,seed_000014,2c012ddef6a83d410e378d8805e9b08f13cde524c22d9f31d497b7b970bb6660,2c012ddef6a83d410e378d8805e9b08f13cde524c22d9f31d497b7b970bb6660,0
aug_seed_000088_relational_format_variant_001,seed_000088,e9d30ade8b89b336f80b52c7a9e6f0f71082d5781ba73c80927f1b28e0a49f55,e9d30ade8b89b336f80b52c7a9e6f0f71082d5781ba73c80927f1b28e0a49f55,0
aug_seed_000321_small_batch_subset_001,seed_000321,2be64a49a14cc018044c4f9752ba328c1c3ca36deb5ffcfc76bde709aef40407,2be64a49a14cc018044c4f9752ba328c1c3ca36deb5ffcfc76bde709aef40407,0
seed_000191,seed_000191,369792a9845ea604f7a1f4c3f3bcdcc2296a924effb78bd677a1f6fdf1f6ba6f,369792a9845ea604f7a1f4c3f3bcdcc2296a924effb78bd677a1f6fdf1f6ba6f,0
seed_000159,seed_000159,2b12e7fbc8e52fd8d596eaf0429d1648b371ca8e046a2408d31715e965c543a7,2b12e7fbc8e52fd8d596eaf0429d1648b371ca8e046a2408d31715e965c543a7,0
aug_seed_000144_small_batch_subset_001,seed_000144,abec379f280d412f81809b91a4f3b318960e7b884dc51517ca63af329e43fed1,abec379f280d412f81809b91a4f3b318960e7b884dc51517ca63af329e43fed1,0
seed_000235,seed_000235,cef7f47a40c2449f5b20e5446c616a8af4a3267328333b6690866b6e287af466,cef7f47a40c2449f5b20e5446c616a8af4a3267328333b6690866b6e287af466,0
aug_seed_000312_single_row_subset_001,seed_000312,b8c122704314ca5e15544015a4f09b481b2146890b97b4ce0caa6a425130fd99,b8c122704314ca5e15544015a4f09b481b2146890b97b4ce0caa6a425130fd99,0
seed_000048,seed_000048,307a72c2644e2311d884e8878b9c51f3765060b6fc2094c3b2ba79c220d7c5ba,307a72c2644e2311d884e8878b9c51f3765060b6fc2094c3b2ba79c220d7c5ba,0
seed_000289,seed_000289,2e98434cd9b1621abfb54a8feb7072b0eb28cc15f058e3b7ed399244bf56fe6d,2e98434cd9b1621abfb54a8feb7072b0eb28cc15f058e3b7ed399244bf56fe6d,0
aug_seed_000159_single_row_subset_001,seed_000159,f16d7cf6916f953c2dec7236de1afb02a9a3e0bc45284068c6052d560659234b,f16d7cf6916f953c2dec7236de1afb02a9a3e0bc45284068c6052d560659234b,0
seed_000107,seed_000107,7589521b9c09194fb6537b5c54e6a53f757dbaacaceade91790357a81716dc9f,7589521b9c09194fb6537b5c54e6a53f757dbaacaceade91790357a81716dc9f,0
aug_seed_000282_small_batch_subset_001,seed_000282,9e0fe9fa2cea47663a636640ca537bd891de217beaea11c4994e1f66d04eb9a8,9e0fe9fa2cea47663a636640ca537bd891de217beaea11c4994e1f66d04eb9a8,0
aug_seed_000194_small_batch_subset_001,seed_000194,3ba6c6a22769d887160dd63e80b2d04f2bfaee87096175752c94443dd8f522f8,3ba6c6a22769d887160dd63e80b2d04f2bfaee87096175752c94443dd8f522f8,0
seed_000076,seed_000076,7aed213848e620a84065a26fd366e36289fd481c144287fe205020e5a5c904a4,7aed213848e620a84065a26fd366e36289fd481c144287fe205020e5a5c904a4,0
aug_seed_000002_relational_format_variant_003,seed_000002,50f45ef5655e569bf7807707c5fe01f6b8df2a69864f7353d139b1980056de2f,50f45ef5655e569bf7807707c5fe01f6b8df2a69864f7353d139b1980056de2f,0
aug_seed_000331_single_row_subset_001,seed_000331,24a41f5c4560a0496daff7536429c141119eb9b807a056c132efbc0429c2b424,24a41f5c4560a0496daff7536429c141119eb9b807a056c132efbc0429c2b424,0
aug_seed_000275_relational_format_variant_003,seed_000275,72f53d704c03a41c8b41710f87d20f0e809cdc51397aaa6593f7b4455d8be526,72f53d704c03a41c8b41710f87d20f0e809cdc51397aaa6593f7b4455d8be526,0
seed_000344,seed_000344,775e4a7985f1758fb7df88f581be1885564aba052f6579024f8343c047d195a7,775e4a7985f1758fb7df88f581be1885564aba052f6579024f8343c047d195a7,0
seed_000194,seed_000194,c5571a3e841c6632fd6cd5e6cd68f61b183f3cb8aef136febee33968e3eebe76,c5571a3e841c6632fd6cd5e6cd68f61b183f3cb8aef136febee33968e3eebe76,0
seed_000108,seed_000108,a8348e42342065154f06264710241d10ef5fd80a6c7b6471597152f7a268e013,a8348e42342065154f06264710241d10ef5fd80a6c7b6471597152f7a268e013,0
aug_seed_000044_single_row_subset_002,seed_000044,b6f9a3eefbbb0a9005da3566dfa475bd051209f162de13cbd0879c05e17de390,b6f9a3eefbbb0a9005da3566dfa475bd051209f162de13cbd0879c05e17de390,0
seed_000224,seed_000224,da8f7e016fc3bd70a15248e6c78e4d6c59a5056846edd43a188d587c053512b9,da8f7e016fc3bd70a15248e6c78e4d6c59a5056846edd43a188d587c053512b9,0
seed_000065,seed_000065,6f43784acde2c123df19356cab5672a494042b21a86905a22157dee96bb6542c,6f43784acde2c123df19356cab5672a494042b21a86905a22157dee96bb6542c,0
aug_seed_000203_small_batch_subset_001,seed_000203,7523ae1194ebed6294f6c60abba98eaa2ae1e7741d337b9576545aecd0254325,7523ae1194ebed6294f6c60abba98eaa2ae1e7741d337b9576545aecd0254325,0
aug_seed_000162_relational_format_variant_002,seed_000162,4e4afef86152a3f78b3826e8df7c918ac41d57bc8a35ee8ba0bc5472115f3047,4e4afef86152a3f78b3826e8df7c918ac41d57bc8a35ee8ba0bc5472115f3047,0
aug_seed_000072_relational_format_variant_003,seed_000072,b2c1d53e872f03945a35fce3ba003bcb3e772023c245d2cb6636ca10ae16c29a,b2c1d53e872f03945a35fce3ba003bcb3e772023c245d2cb6636ca10ae16c29a,0
seed_000166,seed_000166,d684e8f3eedea269637d206b19260f0476c9908f28d628a3fdabb622a2a2c608,d684e8f3eedea269637d206b19260f0476c9908f28d628a3fdabb622a2a2c608,0
aug_seed_000048_single_row_subset_002,seed_000048,035f18fb8abe56750fe2ae562aed52c6fc5d35c4abec1f317d1794da8d2d89eb,035f18fb8abe56750fe2ae562aed52c6fc5d35c4abec1f317d1794da8d2d89eb,0
aug_seed_000079_single_row_subset_002,seed_000079,7d5504593333929056b60ddeed95a5f5ce06a455545a2c2f588b37301c418d21,7d5504593333929056b60ddeed95a5f5ce06a455545a2c2f588b37301c418d21,0
aug_seed_000335_small_batch_subset_001,seed_000335,8414edad7d32f53110a7fd3c3c68283abf767944bc5c1df8f43480170db8d3da,8414edad7d32f53110a7fd3c3c68283abf767944bc5c1df8f43480170db8d3da,0
aug_seed_000108_single_row_subset_002,seed_000108,01c36716e9790e3ee0c8f485de371218cec6eab4444d7fa91077a7179ede85d4,01c36716e9790e3ee0c8f485de371218cec6eab4444d7fa91077a7179ede85d4,0
aug_seed_000020_relational_format_variant_001,seed_000020,e8c03c550336d84216cf77e661b932b0d669a50570248d279c9c5ea4f2ce1e12,e8c03c550336d84216cf77e661b932b0d669a50570248d279c9c5ea4f2ce1e12,0
seed_000169,seed_000169,1bfaee7d6bab634d04d5b79cd9aa8fd04dc1546f1ad6dac13aa64bdfb22fcd60,1bfaee7d6bab634d04d5b79cd9aa8fd04dc1546f1ad6dac13aa64bdfb22fcd60,0
seed_000245,seed_000245,723888362bfd53c2402676fa49585f64641a961e705db12057c6605542b2c60c,723888362bfd53c2402676fa49585f64641a961e705db12057c6605542b2c60c,0
seed_000263,seed_000263,8159080de3e80f28c4afddd4c8fef912fe9e7cfdad2d45688c5d5185991ce187,8159080de3e80f28c4afddd4c8fef912fe9e7cfdad2d45688c5d5185991ce187,0
aug_seed_000091_single_row_subset_001,seed_000091,dd330d57a67604c0ab674f4d2dcf3186f2da2e8ec8357f550a17e33c82d1deea,dd330d57a67604c0ab674f4d2dcf3186f2da2e8ec8357f550a17e33c82d1deea,0
seed_000308,seed_000308,d411ceb366e3d018fca9b3e0af4e07708aac79b4d50295583dabd8f175673ac2,d411ceb366e3d018fca9b3e0af4e07708aac79b4d50295583dabd8f175673ac2,0
seed_000069,seed_000069,140f81c649b80abfa10aa652451304801dcf4012c31178eb6bdce14b7eda8a93,140f81c649b80abfa10aa652451304801dcf4012c31178eb6bdce14b7eda8a93,0
seed_000099,seed_000099,7f3c082740226406bc7846804f4b4f9cb9db5cc1c1d5e942ddac81a5ed65636a,7f3c082740226406bc7846804f4b4f9cb9db5cc1c1d5e942ddac81a5ed65636a,0
seed_000010,seed_000010,329322adc51069d768c68ff22f1a385446c488563a0a50b08178974b0c02b2f7,329322adc51069d768c68ff22f1a385446c488563a0a50b08178974b0c02b2f7,0
aug_seed_000017_single_row_subset_001,seed_000017,38fbf592ead642b7572631e687bb5366361dd19693aaa34bdee5e1a62a471861,38fbf592ead642b7572631e687bb5366361dd19693aaa34bdee5e1a62a471861,0
aug_seed_000027_single_row_subset_002,seed_000027,1e4b2657a99586e6df580d40d05495da1774c82004e2399954a9f81813d0bc09,1e4b2657a99586e6df580d40d05495da1774c82004e2399954a9f81813d0bc09,0
aug_seed_000145_single_row_subset_001,seed_000145,63705b6a86ede0c150a294d438fd686bc525e76ea9982f5df20f17a48067522e,63705b6a86ede0c150a294d438fd686bc525e76ea9982f5df20f17a48067522e,0
aug_seed_000095_single_row_subset_002,seed_000095,e5b508ceaeffc4dd59e8438497207ad1392d9df07a23d21ceda008a94939ea45,e5b508ceaeffc4dd59e8438497207ad1392d9df07a23d21ceda008a94939ea45,0
seed_000056,seed_000056,1717a5436197f01588116a5f893df286672ae4fefaa8e14667eaa4b467675f8b,1717a5436197f01588116a5f893df286672ae4fefaa8e14667eaa4b467675f8b,0
seed_000311,seed_000311,ebf11344f2520dfb634966010beb1cf55b041205f027ee21c7a517fb5311aa7d,ebf11344f2520dfb634966010beb1cf55b041205f027ee21c7a517fb5311aa7d,0
aug_seed_000238_small_batch_subset_001,seed_000238,88c4e2d04ec0795d74832349c10a41e47834426067de46c37eb8e8d8ec98721b,88c4e2d04ec0795d74832349c10a41e47834426067de46c37eb8e8d8ec98721b,0
aug_seed_000119_single_row_subset_002,seed_000119,4af66297a5304d3b3751702c24356114dfb8667f6c5a3a2c4bf0136da6378fbd,4af66297a5304d3b3751702c24356114dfb8667f6c5a3a2c4bf0136da6378fbd,0
aug_seed_000089_single_row_subset_001,seed_000089,655ddf633f11566ad72848111a3100d0c29e71e0252842bf95f5224101a25131,655ddf633f11566ad72848111a3100d0c29e71e0252842bf95f5224101a25131,0
aug_seed_000282_single_row_subset_001,seed_000282,a77e3c0d3868122afda1b455f86ac8ef6ea2feccd0f646ca0fb2e6fef5c01c11,a77e3c0d3868122afda1b455f86ac8ef6ea2feccd0f646ca0fb2e6fef5c01c11,0
aug_seed_000020_relational_format_variant_002,seed_000020,4c3285bce54483a409fb3a47d5c82bdca70d983917e201d2ddbd16a8339d4fd9,4c3285bce54483a409fb3a47d5c82bdca70d983917e201d2ddbd16a8339d4fd9,0
seed_000219,seed_000219,aca02d44a8bc2289a4a045e8710e2a8d44bbbb6d821debf9a24f67a0aaf58f21,aca02d44a8bc2289a4a045e8710e2a8d44bbbb6d821debf9a24f67a0aaf58f21,0
aug_seed_000202_relational_format_variant_003,seed_000202,4a9fff18164ed968cc8d0c4835db8bd7e49e0ccd7d27f42b93e7bb2a61e7a7b8,4a9fff18164ed968cc8d0c4835db8bd7e49e0ccd7d27f42b93e7bb2a61e7a7b8,0
aug_seed_000044_single_row_subset_001,seed_000044,f51b5a97e9140cac209377bb4af36ae7ccda6f4c8be1f2165940212207e25b24,f51b5a97e9140cac209377bb4af36ae7ccda6f4c8be1f2165940212207e25b24,0
aug_seed_000261_small_batch_subset_001,seed_000261,6f1a36753ab0bde481d81734c68e0f6d877f00860d6196a08b288d126a9224a5,6f1a36753ab0bde481d81734c68e0f6d877f00860d6196a08b288d126a9224a5,0
aug_seed_000069_single_row_subset_001,seed_000069,ab950b287f4c734d9d95e2c92c42c38e5e870b504b422c18925ed98d5d2ca517,ab950b287f4c734d9d95e2c92c42c38e5e870b504b422c18925ed98d5d2ca517,0
aug_seed_000139_small_batch_subset_001,seed_000139,6aa40c33cfa148db32411d4f02275131d6148328b8e2893c4b3041c546854805,6aa40c33cfa148db32411d4f02275131d6148328b8e2893c4b3041c546854805,0
aug_seed_000137_small_batch_subset_001,seed_000137,e56381db4ed4688c1e2b0e942185db5155dc8778cab2f3241bd15c2dbe521a65,e56381db4ed4688c1e2b0e942185db5155dc8778cab2f3241bd15c2dbe521a65,0
aug_seed_000218_small_batch_subset_001,seed_000218,b636beffc5e9ab650d8b4d348061801f0e46ee0727b464d680b7024e44504914,b636beffc5e9ab650d8b4d348061801f0e46ee0727b464d680b7024e44504914,0
aug_seed_000025_single_row_subset_001,seed_000025,da58df16fdde42331735b7e4d97927d51cae9154fa4488c8089c192a4df75192,da58df16fdde42331735b7e4d97927d51cae9154fa4488c8089c192a4df75192,0
aug_seed_000002_relational_format_variant_001,seed_000002,22744c349c31e5254ba46291578238ad609f7f51e3861d712f93780d0f6f8df4,22744c349c31e5254ba46291578238ad609f7f51e3861d712f93780d0f6f8df4,0
aug_seed_000049_relational_format_variant_003,seed_000049,f1e42fb5e9f47e8cfd2ea2e9bbb5c841610431ef001d4537cb7baf62e5e44f47,f1e42fb5e9f47e8cfd2ea2e9bbb5c841610431ef001d4537cb7baf62e5e44f47,0
aug_seed_000031_small_batch_subset_001,seed_000031,0b9d2a66d4b055c39f9c2fa24403fe8d4810701af60f07539c5cff272657b921,0b9d2a66d4b055c39f9c2fa24403fe8d4810701af60f07539c5cff272657b921,0
seed_000061,seed_000061,3b6953467f6e9d0748fd9ce7210b1575996e4898d646c8de4ffbe0c59ecbc78b,3b6953467f6e9d0748fd9ce7210b1575996e4898d646c8de4ffbe0c59ecbc78b,0
aug_seed_000311_single_row_subset_001,seed_000311,25df71e33a3b9906846e7d2fb142d5a11b6d58afbbc6436ce4c9d98319d569e9,25df71e33a3b9906846e7d2fb142d5a11b6d58afbbc6436ce4c9d98319d569e9,0
aug_seed_000309_relational_format_variant_001,seed_000309,08974bc01bb965c46d4e6ae98b1cf3c8cd488a1eaee8f5d79e5833232700602e,08974bc01bb965c46d4e6ae98b1cf3c8cd488a1eaee8f5d79e5833232700602e,0
aug_seed_000316_single_row_subset_001,seed_000316,0024243d441f27ad49f64d4673e20ccd9ab4343128fbb63291d7afa19f89a330,0024243d441f27ad49f64d4673e20ccd9ab4343128fbb63291d7afa19f89a330,0
seed_000312,seed_000312,45659f46777c633ed8a9e7e60066f6dfebdd6f352b06211800c279e305b8a7c0,45659f46777c633ed8a9e7e60066f6dfebdd6f352b06211800c279e305b8a7c0,0
aug_seed_000130_single_row_subset_001,seed_000130,a48b1721eed839eacfbbe1d15116f5092b885a089ed851be7bcfa8ea9a79192c,a48b1721eed839eacfbbe1d15116f5092b885a089ed851be7bcfa8ea9a79192c,0
seed_000072,seed_000072,b99e050b499ef3fca7ccb30f9663ae52e3a2317bba174560bd0aa0a2127ff8d3,b99e050b499ef3fca7ccb30f9663ae52e3a2317bba174560bd0aa0a2127ff8d3,0
aug_seed_000343_small_batch_subset_001,seed_000343,dd65623c03f254b49ddf0907a3afa5222b65ca79595169d85b87ba45cedb2543,dd65623c03f254b49ddf0907a3afa5222b65ca79595169d85b87ba45cedb2543,0
aug_seed_000293_relational_format_variant_001,seed_000293,8747fa55023db5acf64c201e02413ae3628ee4728cbe63f9fb7e23bd27b19145,8747fa55023db5acf64c201e02413ae3628ee4728cbe63f9fb7e23bd27b19145,0
seed_000325,seed_000325,dad118f5e8cfbb4e7cf03cce1472d1265c137093f98ea28fc2b733d742f1be0e,dad118f5e8cfbb4e7cf03cce1472d1265c137093f98ea28fc2b733d742f1be0e,0
aug_seed_000301_single_row_subset_001,seed_000301,8935f306e18df2ee9ce50bd19cb2eff08d34c1fcfe0db09e4ccfd25f7e8194f9,8935f306e18df2ee9ce50bd19cb2eff08d34c1fcfe0db09e4ccfd25f7e8194f9,0
aug_seed_000356_single_row_subset_001,seed_000356,aeaa1924b8457c08e639fa4f4edfd2b60ee31b9cdc6ffda21aaa906b61aa1701,aeaa1924b8457c08e639fa4f4edfd2b60ee31b9cdc6ffda21aaa906b61aa1701,0
seed_000121,seed_000121,3dffa1d5aca0a9fde728d1d953d599ce7bad706497285996b6016242ee246fc2,3dffa1d5aca0a9fde728d1d953d599ce7bad706497285996b6016242ee246fc2,0
seed_000217,seed_000217,1ad4c34f95ae1bfd6ef82c66df2885db4233e74e77c1deb0bf0f8309ee66e582,1ad4c34f95ae1bfd6ef82c66df2885db4233e74e77c1deb0bf0f8309ee66e582,0
aug_seed_000061_single_row_subset_002,seed_000061,0d88858cc4c610ed6c4cbd50c0d4dabe08b58b4a9ed60d3872d44b4abc33d8bf,0d88858cc4c610ed6c4cbd50c0d4dabe08b58b4a9ed60d3872d44b4abc33d8bf,0
seed_000052,seed_000052,22a4fb69d7090872166f4596703dce8c466af4a7be0bcc8d9ffbd11ee605c1c0,22a4fb69d7090872166f4596703dce8c466af4a7be0bcc8d9ffbd11ee605c1c0,0
aug_seed_000179_single_row_subset_001,seed_000179,9d75c729c776cdf53c30970e1680055c894a5d439bb0f13dd8d780b305b546c8,9d75c729c776cdf53c30970e1680055c894a5d439bb0f13dd8d780b305b546c8,0
seed_000088,seed_000088,a21d78159a5306e223b4b1c420c6bc31ddf1e9430df1152d8b57cd87da57243d,a21d78159a5306e223b4b1c420c6bc31ddf1e9430df1152d8b57cd87da57243d,0
aug_seed_000351_relational_format_variant_001,seed_000351,ba4a867fb73f787e4c7a1d604eba449010ebe87b117e3816e86dc2550e7e0d64,ba4a867fb73f787e4c7a1d604eba449010ebe87b117e3816e86dc2550e7e0d64,0
aug_seed_000013_small_batch_subset_001,seed_000013,30e19323484971a5656930c08fa19bd01ef583b777c12e979869064d1937c856,30e19323484971a5656930c08fa19bd01ef583b777c12e979869064d1937c856,0
seed_000335,seed_000335,d103aa34b31241121d28eb86c1ac6509df2ace61c2e06e1f5ea1e8b6c56b9a33,d103aa34b31241121d28eb86c1ac6509df2ace61c2e06e1f5ea1e8b6c56b9a33,0
aug_seed_000080_single_row_subset_002,seed_000080,680763a34d47acaa2e38fbdea646f30b1e69439bbc333596fa8e78d8150806fa,680763a34d47acaa2e38fbdea646f30b1e69439bbc333596fa8e78d8150806fa,0
aug_seed_000235_single_row_subset_001,seed_000235,6ace734b3df20267c16c6bb5764c6fdeb2877f57065cb5e1d3249feef8e47f7c,6ace734b3df20267c16c6bb5764c6fdeb2877f57065cb5e1d3249feef8e47f7c,0
aug_seed_000019_single_row_subset_002,seed_000019,a3a9672eec9a0655714fcd09832bbb8efaec8ada61d27283ce45eb3246fd3ff7,a3a9672eec9a0655714fcd09832bbb8efaec8ada61d27283ce45eb3246fd3ff7,0
seed_000174,seed_000174,cf5bdd538882cfa7d4685bf8e499ca5cf86e76f9f88424b05512ad79a1ee8628,cf5bdd538882cfa7d4685bf8e499ca5cf86e76f9f88424b05512ad79a1ee8628,0
aug_seed_000280_single_row_subset_001,seed_000280,b7b477b7565e0e54c3e57aa083aa49c7f88f1dc17bf121f1dcf33af3260a1111,b7b477b7565e0e54c3e57aa083aa49c7f88f1dc17bf121f1dcf33af3260a1111,0
seed_000067,seed_000067,f407470d081e55707192bccfb548cfe9f46d55c352b59fca2b4ea37ed02b7dfc,f407470d081e55707192bccfb548cfe9f46d55c352b59fca2b4ea37ed02b7dfc,0
aug_seed_000171_small_batch_subset_001,seed_000171,3582a8c04df5dcfc4a2f5f7dfaf84d40cf923991e2005b8d12b6a5a11549085a,3582a8c04df5dcfc4a2f5f7dfaf84d40cf923991e2005b8d12b6a5a11549085a,0
seed_000051,seed_000051,33a10da31023daf5eb237ebb76a0287e658c56525226d5252c2c147711151445,33a10da31023daf5eb237ebb76a0287e658c56525226d5252c2c147711151445,0
seed_000040,seed_000040,79793aa92aa56b5c3ce5e774a19c92dba9c69af6c587f5f52b4975a9ebcd411d,79793aa92aa56b5c3ce5e774a19c92dba9c69af6c587f5f52b4975a9ebcd411d,0
aug_seed_000035_relational_format_variant_002,seed_000035,9779f91e7ff3e96de3252d15532b13731ea623eb8ec1d8ca0a6ff803e10471d2,9779f91e7ff3e96de3252d15532b13731ea623eb8ec1d8ca0a6ff803e10471d2,0
aug_seed_000148_small_batch_subset_001,seed_000148,ff94e39ab5cf86e259f6c725383cea18bd03e0d671568319cbd7b5584089ed8a,ff94e39ab5cf86e259f6c725383cea18bd03e0d671568319cbd7b5584089ed8a,0
aug_seed_000303_small_batch_subset_001,seed_000303,f9b4e28a90604c04ce997bdd342cc61938acf8e72d974340652e761e1238bd51,f9b4e28a90604c04ce997bdd342cc61938acf8e72d974340652e761e1238bd51,0
aug_seed_000119_single_row_subset_001,seed_000119,31e67bd6d6cbd9b22eb1eabc2d5c51edc50e370afedde50c1f225365843e0ffa,31e67bd6d6cbd9b22eb1eabc2d5c51edc50e370afedde50c1f225365843e0ffa,0
seed_000193,seed_000193,a40486c59bf25d53a4fc079ae932e391491895f7f0530c0d536c0ea71b196962,a40486c59bf25d53a4fc079ae932e391491895f7f0530c0d536c0ea71b196962,0
aug_seed_000161_single_row_subset_001,seed_000161,a4d97f3a6fae240ddc0a25a37929e14f9e87b8de6409cca0a1574bed30da4b1a,a4d97f3a6fae240ddc0a25a37929e14f9e87b8de6409cca0a1574bed30da4b1a,0
seed_000165,seed_000165,5b75f688b9a91724c638e046363f4d021ee7d04a35d9ca8ffca256f7112da0c4,5b75f688b9a91724c638e046363f4d021ee7d04a35d9ca8ffca256f7112da0c4,0
aug_seed_000110_single_row_subset_002,seed_000110,338a5463a4ea314778150a6c3b63ad3f312fc80b1abd72bad7ea2eebde06def3,338a5463a4ea314778150a6c3b63ad3f312fc80b1abd72bad7ea2eebde06def3,0
aug_seed_000062_single_row_subset_001,seed_000062,68626a1b4759ecd706806768650fd1c33928255ed8bf876cdcb711073923fa4a,68626a1b4759ecd706806768650fd1c33928255ed8bf876cdcb711073923fa4a,0
seed_000307,seed_000307,bea69540971b295b4dd0ae9a808ad2022b5c26756659477746047bf115131b90,bea69540971b295b4dd0ae9a808ad2022b5c26756659477746047bf115131b90,0
aug_seed_000177_relational_format_variant_003,seed_000177,152d486b43a1cb4acebfa5344dc7890db4c54c5d07d0e484baaba1ce20067d9c,152d486b43a1cb4acebfa5344dc7890db4c54c5d07d0e484baaba1ce20067d9c,0
aug_seed_000085_single_row_subset_002,seed_000085,5d1f7b9bea91a74a9e9b437332f480fcbaebe412873873b31cfc6de7bdc03567,5d1f7b9bea91a74a9e9b437332f480fcbaebe412873873b31cfc6de7bdc03567,0
aug_seed_000272_single_row_subset_001,seed_000272,826ac69cdb86097c9245a055cd30f99da69099eb690896d12b5349c87825a995,826ac69cdb86097c9245a055cd30f99da69099eb690896d12b5349c87825a995,0
aug_seed_000299_single_row_subset_001,seed_000299,2c986c5a11fba2d31783d9726f126c0968aed49e44f387c7dfba8826d2c211b1,2c986c5a11fba2d31783d9726f126c0968aed49e44f387c7dfba8826d2c211b1,0
seed_000196,seed_000196,1f3dffc4af3525d204431ab1b0d941a2e1ac7d387670c68b265f80362537bb7b,1f3dffc4af3525d204431ab1b0d941a2e1ac7d387670c68b265f80362537bb7b,0
aug_seed_000101_small_batch_subset_001,seed_000101,ae4ac19d30a7389a66c1ff36424ee6e199198fb1d4a1ec1b723adca2ce396eab,ae4ac19d30a7389a66c1ff36424ee6e199198fb1d4a1ec1b723adca2ce396eab,0
seed_000300,seed_000300,a67b495ed9a55b7c5385deb79f6ba10d34510d4669ba3a1c3f29769bbfdb87c0,a67b495ed9a55b7c5385deb79f6ba10d34510d4669ba3a1c3f29769bbfdb87c0,0
aug_seed_000076_single_row_subset_002,seed_000076,e49afe54fae00eacb771c702b9a5950f206b3b722a03a737614c2646247cd783,e49afe54fae00eacb771c702b9a5950f206b3b722a03a737614c2646247cd783,0
seed_000175,seed_000175,876374b9de6262eaa289298fbeb83b41c472e27e5e59d75dbf648e0e086878dc,876374b9de6262eaa289298fbeb83b41c472e27e5e59d75dbf648e0e086878dc,0
aug_seed_000054_single_row_subset_001,seed_000054,3be160db56af1ef4806f690aebca9efb9a2de07011e79845518d37f7f042f7a4,3be160db56af1ef4806f690aebca9efb9a2de07011e79845518d37f7f042f7a4,0
aug_seed_000178_single_row_subset_001,seed_000178,c565da1d4b43c4154e3919cfaf39cb07589b38c96ed76fca13e5b98a887a8bfd,c565da1d4b43c4154e3919cfaf39cb07589b38c96ed76fca13e5b98a887a8bfd,0
aug_seed_000251_single_row_subset_001,seed_000251,536b342a38424860c538cd3b84f26c0bd152b2fca0e666558e1232a1979a9379,536b342a38424860c538cd3b84f26c0bd152b2fca0e666558e1232a1979a9379,0
aug_seed_000221_single_row_subset_001,seed_000221,afd97f3ebc3d015c91dd75212dda89cb08656c3ae941e684c831337c12b3a444,afd97f3ebc3d015c91dd75212dda89cb08656c3ae941e684c831337c12b3a444,0
seed_000030,seed_000030,3917a737aa1a5cb26eb575e0a96ddae0f74ce8091bc8d0eebd8e38b0904fb09d,3917a737aa1a5cb26eb575e0a96ddae0f74ce8091bc8d0eebd8e38b0904fb09d,0
seed_000272,seed_000272,66216f7bfa4bb26e58d8cf4ef6a2f2e6bc61285c1c5dfae1c1518e6b64340119,66216f7bfa4bb26e58d8cf4ef6a2f2e6bc61285c1c5dfae1c1518e6b64340119,0
aug_seed_000175_small_batch_subset_001,seed_000175,2839b40101304397b32b31df5a41eb2cb3657851f30e209b27d10669f3adac10,2839b40101304397b32b31df5a41eb2cb3657851f30e209b27d10669f3adac10,0
aug_seed_000004_relational_format_variant_002,seed_000004,434187c759b2f35679c034ccb3088b96f76cabc53bb1da4d6996b7afc8a1bc05,434187c759b2f35679c034ccb3088b96f76cabc53bb1da4d6996b7afc8a1bc05,0
seed_000328,seed_000328,9e2aa5594f6b5489fb5646c0da9d2a44e5c6154ea667369afaa64a4b67a56975,9e2aa5594f6b5489fb5646c0da9d2a44e5c6154ea667369afaa64a4b67a56975,0
seed_000148,seed_000148,3379fdc466ab47e6ba60fff534ed4735b62257733cda352ce69784fa4cd0c4f2,3379fdc466ab47e6ba60fff534ed4735b62257733cda352ce69784fa4cd0c4f2,0
seed_000313,seed_000313,685f44cf51f55abe497fe64d82844205da86971c5700702dc53e08b031a4885b,685f44cf51f55abe497fe64d82844205da86971c5700702dc53e08b031a4885b,0
aug_seed_000172_relational_format_variant_001,seed_000172,29885fcd29d5df1a8bb9d08f881caaa62c926a5ff1519924a89c0a16b531988f,29885fcd29d5df1a8bb9d08f881caaa62c926a5ff1519924a89c0a16b531988f,0
aug_seed_000202_relational_format_variant_002,seed_000202,9295b152c17e1ad063442b7ebc24a409a7e6d3d5d6fa5bdfbfad701db6decdc1,9295b152c17e1ad063442b7ebc24a409a7e6d3d5d6fa5bdfbfad701db6decdc1,0
aug_seed_000005_single_row_subset_001,seed_000005,a379a61fc94251cd54452dc47c8de47a3a094e9477a89d1ac6edd4eaf92951c6,a379a61fc94251cd54452dc47c8de47a3a094e9477a89d1ac6edd4eaf92951c6,0
aug_seed_000289_single_row_subset_001,seed_000289,00f4c5f5a78240cb457fec9c7a54ed805ef5cc0563f0e6799a12db238c1f2def,00f4c5f5a78240cb457fec9c7a54ed805ef5cc0563f0e6799a12db238c1f2def,0
aug_seed_000051_single_row_subset_001,seed_000051,25f68bad9a319a18ac6665a37c91d01c0c259d21ea9496c57b85ce1eb582509e,25f68bad9a319a18ac6665a37c91d01c0c259d21ea9496c57b85ce1eb582509e,0
seed_000131,seed_000131,6f81755d18b9478e1620d56c358880fca0c03a9f00cf343d19ff40c414134f9f,6f81755d18b9478e1620d56c358880fca0c03a9f00cf343d19ff40c414134f9f,0
aug_seed_000328_single_row_subset_001,seed_000328,7a534592932e83dd27ff8ede6ee7c109f8a82019d206e73881fa490851d56ad6,7a534592932e83dd27ff8ede6ee7c109f8a82019d206e73881fa490851d56ad6,0
seed_000084,seed_000084,84e63a8a47247fa8f5193196b0891ce1773c171e54dae95ecfac6d781031afc6,84e63a8a47247fa8f5193196b0891ce1773c171e54dae95ecfac6d781031afc6,0
seed_000276,seed_000276,4857460a6f2f5c9f2be0779f64f375dede60f12b64c079f254744e58c1d08d1b,4857460a6f2f5c9f2be0779f64f375dede60f12b64c079f254744e58c1d08d1b,0
aug_seed_000321_single_row_subset_001,seed_000321,9d97e8b6da33405a22fdeb82bf3dbe6b81ab7fdefc1087aa79f28d6c639ae436,9d97e8b6da33405a22fdeb82bf3dbe6b81ab7fdefc1087aa79f28d6c639ae436,0
aug_seed_000112_relational_format_variant_003,seed_000112,c1268397bc2e18430a0de07c02b0a328ba1fa1056676a842e15438c0b4d6109b,c1268397bc2e18430a0de07c02b0a328ba1fa1056676a842e15438c0b4d6109b,0
aug_seed_000128_single_row_subset_001,seed_000128,265d09c33fa1188a35da3cca041a0dbd4805cfe436f6cd44ab21f9f4d08d0581,265d09c33fa1188a35da3cca041a0dbd4805cfe436f6cd44ab21f9f4d08d0581,0
seed_000092,seed_000092,43b315b7d95f9f6031c86b799dbff97933d696db005efc19680691052d304d28,43b315b7d95f9f6031c86b799dbff97933d696db005efc19680691052d304d28,0
aug_seed_000334_single_row_subset_001,seed_000334,40bef25f6fc9c65bd4786e4a8468eaa4a49b9b253fa47fa8b85d0c161482239e,40bef25f6fc9c65bd4786e4a8468eaa4a49b9b253fa47fa8b85d0c161482239e,0
seed_000353,seed_000353,08c6d9f71879ba0c38871588aee17ec7d3b6cc5d9742bdd247f3f7e2f6c48a86,08c6d9f71879ba0c38871588aee17ec7d3b6cc5d9742bdd247f3f7e2f6c48a86,0
seed_000271,seed_000271,0943b789e592c0f9004675ff1f1c1787321ca1bbfaa64373f14d2dda15d8e4ad,0943b789e592c0f9004675ff1f1c1787321ca1bbfaa64373f14d2dda15d8e4ad,0
aug_seed_000293_relational_format_variant_003,seed_000293,e97308aa6ea1be5b10941a687996cc2157d95df1aebcdf1d80db5912d52102e6,e97308aa6ea1be5b10941a687996cc2157d95df1aebcdf1d80db5912d52102e6,0
seed_000264,seed_000264,24093919129357643f57df1fead76d6d36a6d2dbfc0d8c1cca106c4dd43120cf,24093919129357643f57df1fead76d6d36a6d2dbfc0d8c1cca106c4dd43120cf,0
seed_000079,seed_000079,e9fa36135f9e8ae8bd1b41af841d6654977dcaca13a47710fc8e70d0fa3a469c,e9fa36135f9e8ae8bd1b41af841d6654977dcaca13a47710fc8e70d0fa3a469c,0
aug_seed_000314_single_row_subset_001,seed_000314,f1f40e9f98606182dcb3a696363a86afb3dad10ade5d20d66ac90e0a23233b9e,f1f40e9f98606182dcb3a696363a86afb3dad10ade5d20d66ac90e0a23233b9e,0
seed_000253,seed_000253,6d6e1bba87f1b0699f23f73ee9a708f5e58add6bd4e53ac0cb289f349aa420b4,6d6e1bba87f1b0699f23f73ee9a708f5e58add6bd4e53ac0cb289f349aa420b4,0
aug_seed_000343_single_row_subset_001,seed_000343,3cd99c42ec05e56bd6606146251bf142c943ee8b1546e9e40f9aa38d94ddb712,3cd99c42ec05e56bd6606146251bf142c943ee8b1546e9e40f9aa38d94ddb712,0
aug_seed_000309_relational_format_variant_002,seed_000309,d4b5108f4e44a17aa4149af595dfdfecdb05a117bcc7416754ef0db7d3d23e17,d4b5108f4e44a17aa4149af595dfdfecdb05a117bcc7416754ef0db7d3d23e17,0
aug_seed_000072_relational_format_variant_001,seed_000072,a0a9caade3890c5160371e1595ebf7b2cd90e4e7bd7c30f7b376904a9fc7e209,a0a9caade3890c5160371e1595ebf7b2cd90e4e7bd7c30f7b376904a9fc7e209,0
seed_000266,seed_000266,3d925bf5e16602433bd5ac4aba639c2e92fdb783f51eac6459811f35a465ef0f,3d925bf5e16602433bd5ac4aba639c2e92fdb783f51eac6459811f35a465ef0f,0
aug_seed_000154_single_row_subset_001,seed_000154,98e556a1584c2a2331b6b2fc9d1a13b3abcfa0826641476a532582e0bd0c973b,98e556a1584c2a2331b6b2fc9d1a13b3abcfa0826641476a532582e0bd0c973b,0
seed_000273,seed_000273,a0403aa2fc6e1ebf60fd2d175489f00bcd554c84dc12c53857f357e91add71bd,a0403aa2fc6e1ebf60fd2d175489f00bcd554c84dc12c53857f357e91add71bd,0
aug_seed_000353_small_batch_subset_001,seed_000353,c938871771cf7db62688382bfa12da1b9d62b79ae3c91e80ee4c5bb827937f88,c938871771cf7db62688382bfa12da1b9d62b79ae3c91e80ee4c5bb827937f88,0
aug_seed_000307_small_batch_subset_001,seed_000307,734f28011a6edb297d8b0eb8ab0e6a71af85f1f0642fc7f4c6f9f8a3ef3c9363,734f28011a6edb297d8b0eb8ab0e6a71af85f1f0642fc7f4c6f9f8a3ef3c9363,0
aug_seed_000257_single_row_subset_001,seed_000257,bef0b4f7675f0713598533a99fe6cdd97ef16bf7f1fda33552fdc36416b236e1,bef0b4f7675f0713598533a99fe6cdd97ef16bf7f1fda33552fdc36416b236e1,0
seed_000206,seed_000206,d7a619dfc9809e4a35a66d2c022f69537dc8fe07fff5bb58ab823a1bfae639eb,d7a619dfc9809e4a35a66d2c022f69537dc8fe07fff5bb58ab823a1bfae639eb,0
seed_000254,seed_000254,cc4534759e431027849660e57e7822e744eaeea5e85470d4ac3a7689054daba2,cc4534759e431027849660e57e7822e744eaeea5e85470d4ac3a7689054daba2,0
aug_seed_000171_single_row_subset_001,seed_000171,3e90b1eb94b6e205cd66364c211e1da9b78dc12009094dc2e80ddaa76b62115a,3e90b1eb94b6e205cd66364c211e1da9b78dc12009094dc2e80ddaa76b62115a,0
aug_seed_000042_single_row_subset_001,seed_000042,312d905201134aadd89f00f5d4004d5ac0839abc60828541816d619dfb6b1bfd,312d905201134aadd89f00f5d4004d5ac0839abc60828541816d619dfb6b1bfd,0
aug_seed_000208_single_row_subset_001,seed_000208,9aaf7bd1cca35c7db638a487ca9d7d930dbe22f4ca5609e4c189b7aea4d0ce11,9aaf7bd1cca35c7db638a487ca9d7d930dbe22f4ca5609e4c189b7aea4d0ce11,0
seed_000154,seed_000154,55b7bfd874cb6e55703e18e8a2b57236203f7cd89d16db42c2d9f2f2e98c8157,55b7bfd874cb6e55703e18e8a2b57236203f7cd89d16db42c2d9f2f2e98c8157,0
aug_seed_000347_single_row_subset_001,seed_000347,1d352522a4efe024ec746219c49267fc0d9e4a24262c644b797b226f17e656fe,1d352522a4efe024ec746219c49267fc0d9e4a24262c644b797b226f17e656fe,0
aug_seed_000066_single_row_subset_002,seed_000066,0d0f92137ec595387b3a0d149db23a8a76d5ee484164ef8ad48448bf14d7c3d0,0d0f92137ec595387b3a0d149db23a8a76d5ee484164ef8ad48448bf14d7c3d0,0
seed_000187,seed_000187,e10d21bcfeede6cff6c4541f21f7e3bf5a1807afb5b26eb1dfbd7c8ad5871439,e10d21bcfeede6cff6c4541f21f7e3bf5a1807afb5b26eb1dfbd7c8ad5871439,0
aug_seed_000252_small_batch_subset_001,seed_000252,75c957b8ff581421a76295cc3d07126f07a10d63ce3ba25708a5cb8239e96896,75c957b8ff581421a76295cc3d07126f07a10d63ce3ba25708a5cb8239e96896,0
aug_seed_000022_single_row_subset_002,seed_000022,00a216d380bb17dccfb090d878bc67c13d667ae5c38ce841cb5e8a9296a7a64f,00a216d380bb17dccfb090d878bc67c13d667ae5c38ce841cb5e8a9296a7a64f,0
seed_000150,seed_000150,ceb2e501c7eec0622ca995ef7085463f8c8da3763706ff0b24bd0a05a5747ddd,ceb2e501c7eec0622ca995ef7085463f8c8da3763706ff0b24bd0a05a5747ddd,0
aug_seed_000181_single_row_subset_001,seed_000181,25cc71fd6088f45160af35b8a8d77729ee81b4ec6e72534743f55a9409d50957,25cc71fd6088f45160af35b8a8d77729ee81b4ec6e72534743f55a9409d50957,0
aug_seed_000004_relational_format_variant_001,seed_000004,6c413910c847ce93064798fe1aa4802c57f6feac189cc43a3577c46f989b0465,6c413910c847ce93064798fe1aa4802c57f6feac189cc43a3577c46f989b0465,0
aug_seed_000169_single_row_subset_001,seed_000169,151ccb0b9100447c0296bd981d1a3c90bad9ffa23652907cf2ac557b6d9950b4,151ccb0b9100447c0296bd981d1a3c90bad9ffa23652907cf2ac557b6d9950b4,0
seed_000299,seed_000299,fa68079c81c05a80cac4b67d8c0de69de55f28c167ef40aadd22dcb3ae559e52,fa68079c81c05a80cac4b67d8c0de69de55f28c167ef40aadd22dcb3ae559e52,0
aug_seed_000274_single_row_subset_001,seed_000274,c9f5f319cac94cdec9cada1257b86ffa40779022d8313bc6ccead1437a3f6036,c9f5f319cac94cdec9cada1257b86ffa40779022d8313bc6ccead1437a3f6036,0
aug_seed_000052_small_batch_subset_001,seed_000052,520f5a3b8d1d92702b375decb53012cf6f45a9799d5956970eed2be93a65eb86,520f5a3b8d1d92702b375decb53012cf6f45a9799d5956970eed2be93a65eb86,0
seed_000274,seed_000274,2ed09837e2565732b380f2084a8c1cf9b89f39ffe01fef45f14f4a28c6b3c55e,2ed09837e2565732b380f2084a8c1cf9b89f39ffe01fef45f14f4a28c6b3c55e,0
aug_seed_000135_single_row_subset_001,seed_000135,00f52eb0e2b842d07ed53b363f01330dd2d3c186b5e9c25ac3f126e5e9f8781a,00f52eb0e2b842d07ed53b363f01330dd2d3c186b5e9c25ac3f126e5e9f8781a,0
aug_seed_000013_small_batch_subset_002,seed_000013,44e1e831880ac86d50d123d0d05c5610a61686218a1388201c5fb342244e3029,44e1e831880ac86d50d123d0d05c5610a61686218a1388201c5fb342244e3029,0
aug_seed_000121_small_batch_subset_001,seed_000121,97830a958299c06509aad456e76167c6cfd2062ec95e2a611c7b51af4dc977d8,97830a958299c06509aad456e76167c6cfd2062ec95e2a611c7b51af4dc977d8,0
seed_000208,seed_000208,72a7638971a5e958830000b5fe50fc19fddb5992706af0219796a22bac381333,72a7638971a5e958830000b5fe50fc19fddb5992706af0219796a22bac381333,0
aug_seed_000190_single_row_subset_001,seed_000190,e073615b1263df4ad1e2afb54394785a4bbbd751119656cf2673cb99bcc345a3,e073615b1263df4ad1e2afb54394785a4bbbd751119656cf2673cb99bcc345a3,0
seed_000185,seed_000185,1cd62888e89baaed240315caefd72e24af4b759a0ea55c3b56113742f6ac0589,1cd62888e89baaed240315caefd72e24af4b759a0ea55c3b56113742f6ac0589,0
seed_000337,seed_000337,cb1fed36a428f0abbe83ec4bd04a9c72ab477dbd65b0c351520479180bce3651,cb1fed36a428f0abbe83ec4bd04a9c72ab477dbd65b0c351520479180bce3651,0
seed_000059,seed_000059,7b64be4062b14cac2de19ad3098561c47b4014056aa2f775cf154672596fb07e,7b64be4062b14cac2de19ad3098561c47b4014056aa2f775cf154672596fb07e,0
aug_seed_000203_single_row_subset_001,seed_000203,80f19cc3646d2bdea3b0e746c19ad1bfe9438899817fe4ec4ee84543d1fd29f1,80f19cc3646d2bdea3b0e746c19ad1bfe9438899817fe4ec4ee84543d1fd29f1,0
aug_seed_000121_single_row_subset_002,seed_000121,88821f417fe1a240cf5dbab2fedd6da6d58d22d3af4e1e972715141f7f162cc8,88821f417fe1a240cf5dbab2fedd6da6d58d22d3af4e1e972715141f7f162cc8,0
aug_seed_000005_single_row_subset_002,seed_000005,02436c1339a78df4ebbb3f6565d9a684a3510ae62f037cc4212008347cb69cba,02436c1339a78df4ebbb3f6565d9a684a3510ae62f037cc4212008347cb69cba,0
seed_000066,seed_000066,b740f02e47ee5df3de91bed0f67aa45312dc24e46417c902d9a4cd96dc33df4f,b740f02e47ee5df3de91bed0f67aa45312dc24e46417c902d9a4cd96dc33df4f,0
aug_seed_000094_small_batch_subset_001,seed_000094,f16c1793b3aee8609e451d5c7725f835c33833ba8cd0495c87e48f0284ce138d,f16c1793b3aee8609e451d5c7725f835c33833ba8cd0495c87e48f0284ce138d,0
aug_seed_000127_single_row_subset_001,seed_000127,a03c590bc029743b1564e6850bacb6ce603585a4f95edbe545e2f1ed06960cca,a03c590bc029743b1564e6850bacb6ce603585a4f95edbe545e2f1ed06960cca,0
seed_000145,seed_000145,6aa9a3f2c7cbe89ccf07e10b6adf2ef737b4da6f7678c7240fd2898c81a1a423,6aa9a3f2c7cbe89ccf07e10b6adf2ef737b4da6f7678c7240fd2898c81a1a423,0
seed_000226,seed_000226,877bc6a64ed01a7f13977aa3acf9ff2b341243cc6e56297a6cb26ee682cd0c7f,877bc6a64ed01a7f13977aa3acf9ff2b341243cc6e56297a6cb26ee682cd0c7f,0
aug_seed_000002_relational_format_variant_002,seed_000002,26a00dca5b8b93b0e9f102cf1d47bfefb0e02fe565c797d9d400e091e124019c,26a00dca5b8b93b0e9f102cf1d47bfefb0e02fe565c797d9d400e091e124019c,0
aug_seed_000287_single_row_subset_001,seed_000287,944973957fe2186c9e1e865fcc7581858db17fdbd26c5080e66a943fd61c35d6,944973957fe2186c9e1e865fcc7581858db17fdbd26c5080e66a943fd61c35d6,0
seed_000127,seed_000127,6bf11005e7f210dfdef50ae928d951b0e4559e1be81c626134f76a09a09cc022,6bf11005e7f210dfdef50ae928d951b0e4559e1be81c626134f76a09a09cc022,0
seed_000296,seed_000296,03ba26420b453af7fc718d841549eba1cb58e01aee521a439749fbaed49591e7,03ba26420b453af7fc718d841549eba1cb58e01aee521a439749fbaed49591e7,0
seed_000042,seed_000042,3b6953467f6e9d0748fd9ce7210b1575996e4898d646c8de4ffbe0c59ecbc78b,3b6953467f6e9d0748fd9ce7210b1575996e4898d646c8de4ffbe0c59ecbc78b,0
aug_seed_000116_single_row_subset_001,seed_000116,a40d079f444de42edc40a1e2ccef021a89ab6ca626cf7f55b38578500f79c488,a40d079f444de42edc40a1e2ccef021a89ab6ca626cf7f55b38578500f79c488,0
aug_seed_000260_single_row_subset_001,seed_000260,68626a1b4759ecd706806768650fd1c33928255ed8bf876cdcb711073923fa4a,68626a1b4759ecd706806768650fd1c33928255ed8bf876cdcb711073923fa4a,0
seed_000229,seed_000229,018194c7001f423403c21909d1d71556aac2cecf48c4d08c7b721a7b71118f28,018194c7001f423403c21909d1d71556aac2cecf48c4d08c7b721a7b71118f28,0
aug_seed_000189_small_batch_subset_001,seed_000189,19eb059f1daca38b5db7e32f81a13c1c8689a39702e91710b22bccf4a67f82f7,19eb059f1daca38b5db7e32f81a13c1c8689a39702e91710b22bccf4a67f82f7,0
aug_seed_000139_single_row_subset_001,seed_000139,c3f840a7a08fba16e66e8b9188b5e42fbc6e43db318c1a89a9ebcc110b8ce14e,c3f840a7a08fba16e66e8b9188b5e42fbc6e43db318c1a89a9ebcc110b8ce14e,0
seed_000094,seed_000094,e5cfb2c08486890847810d498e13a48a843ff18dfe4721806acdeb1702c84885,e5cfb2c08486890847810d498e13a48a843ff18dfe4721806acdeb1702c84885,0
seed_000101,seed_000101,d0d9f5c7a2cb272f844d087957138bc50b55ff129870ca260440a73f976568a9,d0d9f5c7a2cb272f844d087957138bc50b55ff129870ca260440a73f976568a9,0
seed_000106,seed_000106,36b20b8ac69761e5a30af165fd726af8e77bbba572e93694bcd7b75066b3174c,36b20b8ac69761e5a30af165fd726af8e77bbba572e93694bcd7b75066b3174c,0
seed_000212,seed_000212,09fb10e528b859ee83957085ca47f7be03f9405d53757ab1c8fdfc2e36c477de,09fb10e528b859ee83957085ca47f7be03f9405d53757ab1c8fdfc2e36c477de,0
aug_seed_000092_single_row_subset_002,seed_000092,35e84d54102063ed090b3d83b22f6738c7f3e545be3c50c5ddb459c3d0869bef,35e84d54102063ed090b3d83b22f6738c7f3e545be3c50c5ddb459c3d0869bef,0
aug_seed_000346_relational_format_variant_001,seed_000346,718c9706f53069156e572fd71bcd06de37ed775663375068cd3f452131026a8d,718c9706f53069156e572fd71bcd06de37ed775663375068cd3f452131026a8d,0
aug_seed_000248_single_row_subset_001,seed_000248,b06e9278f9b0ff1f813fa67d77dc18221616396cd3b9da8bb31b141e96bfcc8c,b06e9278f9b0ff1f813fa67d77dc18221616396cd3b9da8bb31b141e96bfcc8c,0
seed_000288,seed_000288,106f169c7a9178494077b763cab6f3d8a6d1f89d3d86c4bc94c17bbdd4061308,106f169c7a9178494077b763cab6f3d8a6d1f89d3d86c4bc94c17bbdd4061308,0
seed_000301,seed_000301,24d163facd8b45c33cfcca7464a7b5274ab7f7816d5c8ce0064c9ab6ead8f620,24d163facd8b45c33cfcca7464a7b5274ab7f7816d5c8ce0064c9ab6ead8f620,0
aug_seed_000222_small_batch_subset_001,seed_000222,746d78071c8e1fb9f5b26614f66832a0f311d258df8023a3e0ef56f2ebab7025,746d78071c8e1fb9f5b26614f66832a0f311d258df8023a3e0ef56f2ebab7025,0
seed_000182,seed_000182,8e109d467de5b08718e3b8880e01f4dc3527486ce3976391361711ff777ae6ff,8e109d467de5b08718e3b8880e01f4dc3527486ce3976391361711ff777ae6ff,0
seed_000085,seed_000085,d14bbe48d7234c8c46b71b1a2c04533ac9b7a5f85e30858890ba7c1155624591,d14bbe48d7234c8c46b71b1a2c04533ac9b7a5f85e30858890ba7c1155624591,0
seed_000343,seed_000343,8e2f9bfea6188722a0a17b7f993da4fde7e1c11ea9a17f98591de6c5b4b89c52,8e2f9bfea6188722a0a17b7f993da4fde7e1c11ea9a17f98591de6c5b4b89c52,0
aug_seed_000245_single_row_subset_001,seed_000245,7aed75faca75713b72bbbbcbd3757946da8b865043c556fff9fe0339af5a34f0,7aed75faca75713b72bbbbcbd3757946da8b865043c556fff9fe0339af5a34f0,0
seed_000020,seed_000020,83e64cc8851bdc7a7fd952d012bcce44f501394911167dc1525e3c1e1bc5929b,83e64cc8851bdc7a7fd952d012bcce44f501394911167dc1525e3c1e1bc5929b,0
aug_seed_000216_single_row_subset_001,seed_000216,0ebbbc19d173a155f5206ad7a0fdecc8aa02eb61453a79cb16fc61d346068e6a,0ebbbc19d173a155f5206ad7a0fdecc8aa02eb61453a79cb16fc61d346068e6a,0
aug_seed_000275_relational_format_variant_002,seed_000275,c389a642fdf8fa7937810591baaf92ceefb26b380dc7036756ed51ffb2e420e9,c389a642fdf8fa7937810591baaf92ceefb26b380dc7036756ed51ffb2e420e9,0
seed_000151,seed_000151,298be4569c5cabeea0fc59d41834a6ded1f58b60fdfb08a62583c85cd24ea98a,298be4569c5cabeea0fc59d41834a6ded1f58b60fdfb08a62583c85cd24ea98a,0
seed_000267,seed_000267,8e4460dfee4a5c8627835437b279ee4977016defd4f0cc89b5288abbeb20fc46,8e4460dfee4a5c8627835437b279ee4977016defd4f0cc89b5288abbeb20fc46,0
aug_seed_000241_small_batch_subset_001,seed_000241,07fbded5d217cb72a88a05fb55cd39ac2577697351dec391fe1bd875046706cd,07fbded5d217cb72a88a05fb55cd39ac2577697351dec391fe1bd875046706cd,0
aug_seed_000078_relational_format_variant_001,seed_000078,b826c7144a8616705bded73f8ce27ace5bc68e6cc17f0edb7be989a6dc9f52c5,b826c7144a8616705bded73f8ce27ace5bc68e6cc17f0edb7be989a6dc9f52c5,0
seed_000252,seed_000252,9b892d3110658d6a9c816bdaef7e25a41ed7508909f787c21fe116ef97b5568c,9b892d3110658d6a9c816bdaef7e25a41ed7508909f787c21fe116ef97b5568c,0
aug_seed_000234_relational_format_variant_001,seed_000234,1b6c22a532b0c95d75db09475b1e63687556e53b298f4dd41b3bd9467d999d28,1b6c22a532b0c95d75db09475b1e63687556e53b298f4dd41b3bd9467d999d28,0
seed_000218,seed_000218,399aa3805b8862589331bddb5e8c73568ff1370661a089789a917860e08b5296,399aa3805b8862589331bddb5e8c73568ff1370661a089789a917860e08b5296,0
aug_seed_000127_small_batch_subset_001,seed_000127,6992bdb2761c98081f754aef725ed2f8c81b17a347e53caa2bd435d505ed1e20,6992bdb2761c98081f754aef725ed2f8c81b17a347e53caa2bd435d505ed1e20,0
seed_000346,seed_000346,558570c9721b9ea8d9e33747e8fd0cd9792413098f7c38cbef7cd416739a4322,558570c9721b9ea8d9e33747e8fd0cd9792413098f7c38cbef7cd416739a4322,0
aug_seed_000222_single_row_subset_001,seed_000222,5330ef74730077e2014cffba77c6856b9b6a2d34d1f7ce0440ff38835365035e,5330ef74730077e2014cffba77c6856b9b6a2d34d1f7ce0440ff38835365035e,0
aug_seed_000191_single_row_subset_001,seed_000191,db9f789148e2d95aa859e95fbe49c6e74afd6678d25217651915e30e2f26527a,db9f789148e2d95aa859e95fbe49c6e74afd6678d25217651915e30e2f26527a,0
aug_seed_000051_small_batch_subset_002,seed_000051,aa0e8ad27a9ead25ecbfa53b4397e78bb10d19230848d51dafc31dcf48e22920,aa0e8ad27a9ead25ecbfa53b4397e78bb10d19230848d51dafc31dcf48e22920,0
aug_seed_000165_single_row_subset_001,seed_000165,30cd8c66ecc815ffde4849cfd087ccadbdbc2008b3586fbec1069527e8976206,30cd8c66ecc815ffde4849cfd087ccadbdbc2008b3586fbec1069527e8976206,0
aug_seed_000091_single_row_subset_002,seed_000091,afd1bf484ad6a209418d9196e78946474c55163cdde43c5ec12cfcd574a08650,afd1bf484ad6a209418d9196e78946474c55163cdde43c5ec12cfcd574a08650,0
seed_000334,seed_000334,cc6e05b5b4a923764ea6d0fbf60a9852f1ad8b2381e0b46c0b725ce183b5aa0e,cc6e05b5b4a923764ea6d0fbf60a9852f1ad8b2381e0b46c0b725ce183b5aa0e,0
seed_000003,seed_000003,74a14118c90d94dc8d266c77eac1104f01b65b729f56482cf70de79b0368f05c,74a14118c90d94dc8d266c77eac1104f01b65b729f56482cf70de79b0368f05c,0
seed_000211,seed_000211,46984a662416c78fbfbfaa50565595da6146e5215361c8037b98c8b3dfe78a76,46984a662416c78fbfbfaa50565595da6146e5215361c8037b98c8b3dfe78a76,0
aug_seed_000009_small_batch_subset_002,seed_000009,5fa5acf95941c8c69fe1b379a1c2a46de7012d52d43e4b0c1fd24d66f283de00,5fa5acf95941c8c69fe1b379a1c2a46de7012d52d43e4b0c1fd24d66f283de00,0
seed_000011,seed_000011,992a2f0e81584616712a194d62294235e39055ca364bd597ab379cc56e3fd0c7,363c8bc137313067340c7a4ae31388020df26e86389e108f4fc71d103fa6e4ba,1
aug_seed_000061_single_row_subset_001,seed_000061,671746ad0e83c9c256c8987d59eebae3610ad8092e9eae72cf3f171f0afdcbcf,671746ad0e83c9c256c8987d59eebae3610ad8092e9eae72cf3f171f0afdcbcf,0
seed_000176,seed_000176,84afa67ef17c7a3aa4292b4517d867c10021e0e8476494b663cc9f211bec2791,84afa67ef17c7a3aa4292b4517d867c10021e0e8476494b663cc9f211bec2791,0
seed_000303,seed_000303,b69ac92dd0366b2c1b31d9197aac65f3a6558d63bf901859afefe742150f1b45,b69ac92dd0366b2c1b31d9197aac65f3a6558d63bf901859afefe742150f1b45,0
seed_000203,seed_000203,c55d769fa0a27e998964853cf8c3366149c770d0aba1bfed020b2f4123446298,c55d769fa0a27e998964853cf8c3366149c770d0aba1bfed020b2f4123446298,0
seed_000134,seed_000134,eaa6a4124b15b0a18c7b6129ef5117e65d096cadc14d095ae684bea881dabc1e,eaa6a4124b15b0a18c7b6129ef5117e65d096cadc14d095ae684bea881dabc1e,0
