sample_id,db_id,input_type,operation_type,V0_correct,V0_strict_correct,V0_first_failure,V1_correct,V1_strict_correct,V1_first_failure,V2_correct,V2_strict_correct,V2_first_failure,V3_correct,V3_strict_correct,V3_first_failure,V4_correct,V4_strict_correct,V4_first_failure,V5_correct,V5_strict_correct,V5_first_failure,V6_correct,V6_strict_correct,V6_first_failure,V7_correct,V7_strict_correct,V7_first_failure,V8_correct,V8_strict_correct,V8_first_failure,A_activated,B_activated,C_activated,D_activated,E_activated,F_activated,G1_activated,G2_activated,F_repair_attempted,F_repair_applied,F_repair_succeeded,F_repair_rules,G1_repair_attempted,G1_repair_applied,G1_repair_succeeded,G1_repair_rules,G2_repair_attempted,G2_repair_applied,G2_repair_succeeded,G2_repair_rules,repair_attempted,repair_applied,repair_succeeded
final_archeology_001,archeology,free_text,plain_insert,0,0,verification,0,0,verification,0,0,verification,0,0,verification,0,0,verification,0,0,verification,0,0,verification,0,0,verification,0,0,verification,0,1,0,0,0,0,0,0,0,0,0,,0,0,0,,0,0,0,,0,0,0
final_archeology_002,archeology,free_text,insert_ignore,0,0,evidence_materialization,0,0,evidence_materialization,0,0,evidence_materialization,0,0,evidence_materialization,0,0,evidence_materialization,0,0,evidence_materialization,0,0,evidence_materialization,0,0,evidence_materialization,0,0,evidence_materialization,0,0,0,0,0,0,0,0,0,0,0,,0,0,0,,0,0,0,,0,0,0
final_archeology_003,archeology,free_text,upsert_update,0,0,semantic_gate,0,0,semantic_gate,0,0,semantic_gate,0,0,semantic_preservation,0,0,semantic_preservation,0,0,semantic_preservation,0,0,semantic_preservation,0,0,semantic_preservation,0,0,semantic_preservation,0,1,1,0,0,0,0,0,0,0,0,,0,0,0,,0,0,0,,0,0,0
final_archeology_004,archeology,semi_structured,plain_insert,1,1,none,1,1,none,1,1,none,1,1,none,1,1,none,1,1,none,1,1,none,1,1,none,1,1,none,1,0,0,0,0,0,0,0,0,0,0,,0,0,0,,0,0,0,,0,0,0
final_archeology_005,archeology,semi_structured,insert_ignore,0,0,materialization,0,0,materialization,0,0,materialization,0,0,materialization,0,0,materialization,0,0,materialization,0,0,materialization,0,0,materialization,0,0,materialization,0,0,0,0,0,0,0,0,0,0,0,,0,0,0,,0,0,0,,0,0,0
final_archeology_006,archeology,semi_structured,upsert_update,1,1,none,1,1,none,1,1,none,1,1,none,1,1,none,1,1,none,1,1,none,1,1,none,1,1,none,1,1,1,0,0,0,0,0,0,0,0,,0,0,0,,0,0,0,,0,0,0
final_archeology_007,archeology,semi_structured,plain_insert,1,1,none,1,1,none,1,1,none,1,1,none,1,1,none,1,1,none,1,1,none,1,1,none,1,1,none,0,0,0,0,0,0,0,0,0,0,0,,0,0,0,,0,0,0,,0,0,0
final_archeology_008,archeology,semi_structured,insert_ignore,1,1,none,1,1,none,1,1,none,1,1,none,1,1,none,1,1,none,1,1,none,1,1,none,1,1,none,0,0,0,0,0,0,0,0,0,0,0,,0,0,0,,0,0,0,,0,0,0
final_archeology_009,archeology,semi_structured,upsert_update,1,1,none,1,1,none,1,1,none,1,1,none,1,1,none,1,1,none,1,1,none,1,1,none,1,1,none,0,0,1,0,0,0,0,0,0,0,0,,0,0,0,,0,0,0,,0,0,0
final_archeology_010,archeology,semi_structured,plain_insert,0,0,reference_resolution,0,0,reference_resolution,0,0,state_mismatch,0,0,state_mismatch,0,0,state_mismatch,0,0,state_mismatch,0,0,state_mismatch,0,0,state_mismatch,0,0,state_mismatch,0,1,0,0,0,0,0,0,0,0,0,,0,0,0,,0,0,0,,0,0,0
final_archeology_011,archeology,semi_structured,insert_ignore,0,0,materialization,0,0,materialization,0,0,materialization,0,0,materialization,0,0,materialization,0,0,materialization,0,0,materialization,0,0,materialization,0,0,materialization,0,0,0,1,0,0,0,0,0,0,0,,0,0,0,,0,0,0,,0,0,0
final_archeology_012,archeology,semi_structured,upsert_update,0,0,verification,0,0,verification,0,0,verification,0,0,verification,1,1,none,1,1,none,1,1,none,1,1,none,1,1,none,1,0,0,1,0,0,0,0,0,0,0,,0,0,0,,0,0,0,,0,0,0
final_archeology_013,archeology,semi_structured,plain_insert,1,1,none,1,1,none,1,1,none,1,1,none,1,1,none,1,1,none,1,1,none,1,1,none,1,1,none,0,0,0,0,0,0,0,0,0,0,0,,0,0,0,,0,0,0,,0,0,0
final_archeology_014,archeology,semi_structured,insert_ignore,1,1,none,1,1,none,1,1,none,1,1,none,1,1,none,1,1,none,1,1,none,1,1,none,1,1,none,0,0,0,0,0,0,0,0,0,0,0,,0,0,0,,0,0,0,,0,0,0
final_archeology_015,archeology,semi_structured,upsert_update,1,1,none,1,1,none,1,1,none,1,1,none,1,1,none,1,1,none,1,1,none,1,1,none,1,1,none,0,0,1,0,0,0,0,0,0,0,0,,0,0,0,,0,0,0,,0,0,0
final_archeology_016,archeology,free_text,plain_insert,0,0,evidence_materialization,0,0,evidence_materialization,0,0,evidence_materialization,0,0,evidence_materialization,0,0,evidence_materialization,0,0,evidence_materialization,0,0,evidence_materialization,0,0,evidence_materialization,0,0,evidence_materialization,0,0,0,0,0,1,0,0,1,0,0,ambiguous_closed_set,0,0,0,,0,0,0,,1,0,0
final_archeology_017,archeology,free_text,insert_ignore,0,0,evidence_materialization,0,0,evidence_materialization,0,0,evidence_materialization,0,0,evidence_materialization,0,0,evidence_materialization,0,0,evidence_materialization,0,0,evidence_materialization,0,0,evidence_materialization,0,0,evidence_materialization,0,0,0,0,0,1,0,0,1,0,0,ambiguous_closed_set,0,0,0,,0,0,0,,1,0,0
final_archeology_018,archeology,free_text,upsert_update,1,1,none,1,1,none,1,1,none,0,0,semantic_preservation,0,0,semantic_preservation,0,0,semantic_preservation,0,0,semantic_preservation,0,0,semantic_preservation,0,0,semantic_preservation,0,1,1,0,0,0,0,0,0,0,0,,0,0,0,,0,0,0,,0,0,0
final_archeology_019,archeology,semi_structured,plain_insert,1,1,none,1,1,none,1,1,none,1,1,none,1,1,none,1,1,none,1,1,none,1,1,none,1,1,none,1,0,0,0,0,0,0,0,0,0,0,,0,0,0,,0,0,0,,0,0,0
final_archeology_020,archeology,semi_structured,insert_ignore,1,1,none,1,1,none,1,1,none,1,1,none,1,1,none,1,1,none,1,1,none,1,1,none,1,1,none,1,1,0,0,0,0,0,0,0,0,0,,0,0,0,,0,0,0,,0,0,0
final_archeology_021,archeology,semi_structured,upsert_update,0,0,reference_resolution,0,0,reference_resolution,0,0,reference_resolution,0,0,reference_resolution,0,0,reference_resolution,0,0,reference_resolution,0,0,reference_resolution,0,0,reference_resolution,0,0,reference_resolution,0,0,0,0,0,1,0,0,1,1,1,unique_exact_identifier_name,0,0,0,,0,0,0,,1,1,1
final_archeology_022,archeology,semi_structured,plain_insert,1,1,none,1,1,none,1,1,none,1,1,none,1,1,none,1,1,none,1,1,none,1,1,none,1,1,none,0,0,0,0,0,0,0,0,0,0,0,,0,0,0,,0,0,0,,0,0,0
final_archeology_023,archeology,semi_structured,insert_ignore,1,1,none,1,1,none,1,1,none,1,1,none,1,1,none,1,1,none,1,1,none,1,1,none,1,1,none,0,0,0,0,0,0,0,0,0,0,0,,0,0,0,,0,0,0,,0,0,0
final_archeology_024,archeology,semi_structured,upsert_update,1,1,none,1,1,none,1,1,none,1,1,none,1,1,none,1,1,none,1,1,none,1,1,none,1,1,none,0,1,1,0,0,0,0,0,0,0,0,,0,0,0,,0,0,0,,0,0,0
final_archeology_025,archeology,semi_structured,plain_insert,0,0,verification,0,0,verification,0,0,verification,0,0,verification,0,0,verification,0,0,verification,0,0,verification,0,0,verification,0,0,verification,1,1,0,1,0,0,0,0,0,0,0,,0,0,0,,0,0,0,,0,0,0
final_archeology_026,archeology,semi_structured,insert_ignore,0,0,verification,0,0,verification,0,0,reference_resolution,0,0,reference_resolution,0,0,reference_resolution,0,0,reference_resolution,0,0,reference_resolution,0,0,reference_resolution,0,0,reference_resolution,1,1,0,1,0,0,0,0,0,0,0,,0,0,0,,0,0,0,,0,0,0
final_archeology_027,archeology,semi_structured,upsert_update,0,0,reference_resolution,0,0,reference_resolution,0,0,reference_resolution,0,0,reference_resolution,1,1,none,1,1,none,1,1,none,1,1,none,1,1,none,0,1,1,1,0,0,0,0,0,0,0,,0,0,0,,0,0,0,,0,0,0
final_archeology_028,archeology,semi_structured,plain_insert,1,1,none,1,1,none,1,1,none,1,1,none,1,1,none,1,1,none,1,1,none,1,1,none,1,1,none,0,0,0,0,0,0,0,0,0,0,0,,0,0,0,,0,0,0,,0,0,0
final_archeology_029,archeology,semi_structured,insert_ignore,0,0,reference_resolution,0,0,reference_resolution,0,0,reference_resolution,0,0,reference_resolution,0,0,reference_resolution,0,0,reference_resolution,0,0,reference_resolution,0,0,reference_resolution,0,0,reference_resolution,0,1,0,0,0,0,0,0,0,0,0,protected_semantics_not_repairable,0,0,0,,0,0,0,,0,0,0
final_archeology_030,archeology,semi_structured,upsert_update,1,1,none,1,1,none,1,1,none,1,1,none,1,1,none,1,1,none,1,1,none,1,1,none,1,1,none,0,0,1,0,0,0,0,0,0,0,0,,0,0,0,,0,0,0,,0,0,0
final_archeology_031,archeology,free_text,plain_insert,0,0,evidence_materialization,0,0,evidence_materialization,0,0,evidence_materialization,0,0,evidence_materialization,0,0,evidence_materialization,0,0,evidence_materialization,0,0,evidence_materialization,0,0,evidence_materialization,0,0,evidence_materialization,0,0,0,0,0,1,0,0,1,0,0,ambiguous_closed_set,0,0,0,,0,0,0,,1,0,0
final_archeology_032,archeology,free_text,insert_ignore,0,0,state_mismatch,0,0,state_mismatch,0,0,state_mismatch,0,0,state_mismatch,0,0,state_mismatch,0,0,state_mismatch,0,0,state_mismatch,1,1,none,1,1,none,0,1,0,0,0,0,1,0,0,0,0,,1,1,1,unique_pre_enumerated_terminal_punctuation_trim,0,0,0,,1,1,1
final_archeology_033,archeology,free_text,upsert_update,0,0,evidence_materialization,0,0,evidence_materialization,0,0,evidence_materialization,0,0,semantic_preservation,0,0,semantic_preservation,0,0,semantic_preservation,0,0,semantic_preservation,0,0,semantic_preservation,0,0,semantic_preservation,0,0,1,0,0,0,0,0,0,0,0,,0,0,0,,0,0,0,,0,0,0
final_archeology_034,archeology,semi_structured,plain_insert,1,1,none,1,1,none,1,1,none,1,1,none,1,1,none,1,1,none,1,1,none,1,1,none,1,1,none,1,1,0,0,0,0,0,0,0,0,0,,0,0,0,,0,0,0,,0,0,0
final_archeology_035,archeology,semi_structured,insert_ignore,0,0,reference_resolution,0,0,reference_resolution,0,0,reference_resolution,0,0,reference_resolution,0,0,reference_resolution,0,0,reference_resolution,0,0,reference_resolution,0,0,reference_resolution,0,0,reference_resolution,0,0,0,0,0,1,0,0,1,1,1,unique_exact_identifier_name,0,0,0,,0,0,0,,1,1,1
final_archeology_036,archeology,semi_structured,upsert_update,0,0,reference_resolution,0,0,reference_resolution,0,0,reference_resolution,0,0,reference_resolution,0,0,reference_resolution,0,0,reference_resolution,0,0,verification,0,0,verification,0,0,verification,0,0,0,0,0,1,0,0,1,1,1,unique_exact_identifier_name,0,0,0,,0,0,0,,1,1,1
final_archeology_037,archeology,semi_structured,plain_insert,1,1,none,1,1,none,1,1,none,1,1,none,1,1,none,1,1,none,1,1,none,1,1,none,1,1,none,0,0,1,0,0,0,0,0,0,0,0,,0,0,0,,0,0,0,,0,0,0
final_archeology_038,archeology,semi_structured,insert_ignore,1,1,none,1,1,none,1,1,none,1,1,none,1,1,none,1,1,none,1,1,none,1,1,none,1,1,none,0,0,0,0,0,0,0,0,0,0,0,,0,0,0,,0,0,0,,0,0,0
final_archeology_039,archeology,semi_structured,upsert_update,1,1,none,1,1,none,1,1,none,1,1,none,1,1,none,1,1,none,1,1,none,1,1,none,1,1,none,0,0,1,0,0,0,0,0,0,0,0,,0,0,0,,0,0,0,,0,0,0
final_archeology_040,archeology,semi_structured,plain_insert,0,0,verification,0,0,verification,0,0,verification,0,0,verification,0,0,verification,0,0,verification,0,0,verification,0,0,verification,0,0,verification,1,1,0,1,0,0,0,0,0,0,0,,0,0,0,,0,0,0,,0,0,0
final_archeology_041,archeology,semi_structured,insert_ignore,0,0,reference_resolution,0,0,reference_resolution,0,0,reference_resolution,0,0,reference_resolution,0,0,reference_resolution,0,0,reference_resolution,0,0,verification,0,0,verification,0,0,verification,0,1,0,0,0,1,0,0,1,1,1,unique_exact_identifier_name,0,0,0,,0,0,0,,1,1,1
final_archeology_042,archeology,semi_structured,upsert_update,0,0,verification,0,0,verification,0,0,verification,0,0,verification,1,1,none,1,1,none,1,1,none,1,1,none,1,1,none,1,0,0,1,0,0,0,0,0,0,0,,0,0,0,,0,0,0,,0,0,0
final_archeology_043,archeology,semi_structured,plain_insert,1,1,none,1,1,none,1,1,none,1,1,none,1,1,none,1,1,none,1,1,none,1,1,none,1,1,none,0,0,0,0,0,0,0,0,0,0,0,,0,0,0,,0,0,0,,0,0,0
final_archeology_044,archeology,semi_structured,insert_ignore,1,1,none,1,1,none,1,1,none,1,1,none,1,1,none,1,1,none,1,1,none,1,1,none,1,1,none,0,0,0,0,0,0,0,0,0,0,0,,0,0,0,,0,0,0,,0,0,0
final_archeology_045,archeology,semi_structured,upsert_update,1,1,none,1,1,none,1,1,none,1,1,none,1,1,none,1,1,none,1,1,none,1,1,none,1,1,none,0,0,1,0,0,0,0,0,0,0,0,,0,0,0,,0,0,0,,0,0,0
final_archeology_046,archeology,free_text,plain_insert,0,0,state_mismatch,0,0,state_mismatch,0,0,state_mismatch,0,0,state_mismatch,0,0,state_mismatch,0,0,state_mismatch,0,0,state_mismatch,0,0,state_mismatch,0,0,state_mismatch,0,1,0,0,0,0,0,0,0,0,0,,0,0,0,,0,0,0,,0,0,0
final_archeology_047,archeology,free_text,insert_ignore,0,0,evidence_materialization,0,0,evidence_materialization,0,0,evidence_materialization,0,0,evidence_materialization,0,0,evidence_materialization,0,0,evidence_materialization,0,0,evidence_materialization,0,0,evidence_materialization,0,0,evidence_materialization,0,0,0,0,0,0,0,0,0,0,0,,0,0,0,,0,0,0,,0,0,0
final_archeology_048,archeology,free_text,upsert_update,0,0,verification,0,0,verification,0,0,verification,0,0,verification,0,0,verification,0,0,verification,0,0,verification,0,0,verification,0,0,verification,0,0,0,0,0,0,0,0,0,0,0,,0,0,0,,0,0,0,,0,0,0
final_archeology_049,archeology,semi_structured,plain_insert,0,0,reference_resolution,0,0,reference_resolution,0,0,reference_resolution,0,0,reference_resolution,0,0,reference_resolution,0,0,reference_resolution,0,0,verification,0,0,verification,0,0,verification,0,0,0,0,0,1,0,0,1,1,1,unique_exact_identifier_name,0,0,0,,0,0,0,,1,1,1
final_archeology_050,archeology,semi_structured,insert_ignore,0,0,reference_resolution,0,0,reference_resolution,0,0,reference_resolution,0,0,reference_resolution,0,0,reference_resolution,0,0,reference_resolution,0,0,verification,0,0,verification,0,0,verification,0,0,0,0,0,1,0,0,1,1,1,unique_exact_identifier_name,0,0,0,,0,0,0,,1,1,1
final_archeology_051,archeology,semi_structured,upsert_update,1,1,none,1,1,none,1,1,none,1,1,none,1,1,none,1,1,none,1,1,none,1,1,none,1,1,none,0,0,1,0,0,0,0,0,0,0,0,,0,0,0,,0,0,0,,0,0,0
final_archeology_052,archeology,semi_structured,plain_insert,1,1,none,1,1,none,1,1,none,1,1,none,1,1,none,1,1,none,1,1,none,1,1,none,1,1,none,0,0,0,0,0,0,0,0,0,0,0,,0,0,0,,0,0,0,,0,0,0
final_archeology_053,archeology,semi_structured,insert_ignore,1,1,none,1,1,none,1,1,none,1,1,none,1,1,none,1,1,none,1,1,none,1,1,none,1,1,none,0,0,1,0,0,0,0,0,0,0,0,,0,0,0,,0,0,0,,0,0,0
final_archeology_054,archeology,semi_structured,upsert_update,1,1,none,1,1,none,1,1,none,1,1,none,1,1,none,1,1,none,1,1,none,1,1,none,1,1,none,0,0,1,0,0,0,0,0,0,0,0,,0,0,0,,0,0,0,,0,0,0
final_archeology_055,archeology,semi_structured,plain_insert,0,0,reference_resolution,0,0,reference_resolution,0,0,reference_resolution,0,0,reference_resolution,1,1,none,1,1,none,1,1,none,1,1,none,1,1,none,0,1,0,1,0,0,0,0,0,0,0,,0,0,0,,0,0,0,,0,0,0
final_archeology_056,archeology,semi_structured,insert_ignore,0,0,verification,0,0,verification,0,0,verification,0,0,verification,0,0,verification,0,0,verification,0,0,verification,0,0,verification,0,0,verification,1,0,0,0,0,0,0,0,0,0,0,,0,0,0,,0,0,0,,0,0,0
final_archeology_057,archeology,semi_structured,upsert_update,0,0,verification,0,0,verification,0,0,verification,0,0,verification,0,0,verification,0,0,verification,0,0,verification,0,0,verification,0,0,verification,1,0,0,0,0,0,0,0,0,0,0,,0,0,0,,0,0,0,,0,0,0
final_archeology_058,archeology,semi_structured,plain_insert,1,1,none,1,1,none,1,1,none,1,1,none,1,1,none,1,1,none,1,1,none,1,1,none,1,1,none,0,0,0,0,0,0,0,0,0,0,0,,0,0,0,,0,0,0,,0,0,0
final_archeology_059,archeology,semi_structured,insert_ignore,1,1,none,1,1,none,1,1,none,1,1,none,1,1,none,1,1,none,1,1,none,1,1,none,1,1,none,0,0,0,0,0,0,0,0,0,0,0,,0,0,0,,0,0,0,,0,0,0
final_archeology_060,archeology,semi_structured,upsert_update,1,1,none,1,1,none,1,1,none,1,1,none,1,1,none,1,1,none,1,1,none,1,1,none,1,1,none,0,0,1,0,0,0,0,0,0,0,0,,0,0,0,,0,0,0,,0,0,0
final_polar_001,polar,free_text,plain_insert,0,0,evidence_materialization,0,0,evidence_materialization,0,0,evidence_materialization,0,0,evidence_materialization,0,0,evidence_materialization,0,0,evidence_materialization,0,0,evidence_materialization,0,0,evidence_materialization,0,0,evidence_materialization,0,0,0,0,0,0,0,0,0,0,0,,0,0,0,,0,0,0,,0,0,0
final_polar_002,polar,free_text,insert_ignore,0,0,evidence_materialization,0,0,evidence_materialization,0,0,evidence_materialization,0,0,evidence_materialization,0,0,evidence_materialization,0,0,evidence_materialization,0,0,evidence_materialization,0,0,evidence_materialization,0,0,evidence_materialization,0,0,0,0,1,0,0,0,0,0,0,,0,0,0,,0,0,0,,0,0,0
final_polar_003,polar,free_text,upsert_update,0,0,evidence_materialization,0,0,evidence_materialization,0,0,evidence_materialization,0,0,evidence_materialization,0,0,evidence_materialization,0,0,evidence_materialization,0,0,evidence_materialization,0,0,evidence_materialization,0,0,evidence_materialization,0,0,0,0,1,1,0,0,1,0,0,ambiguous_closed_set,0,0,0,,0,0,0,,1,0,0
final_polar_004,polar,semi_structured,plain_insert,1,1,none,1,1,none,1,1,none,1,1,none,1,1,none,1,1,none,1,1,none,1,1,none,1,1,none,0,0,0,0,0,0,0,0,0,0,0,,0,0,0,,0,0,0,,0,0,0
final_polar_005,polar,semi_structured,insert_ignore,1,1,none,1,1,none,1,1,none,1,1,none,1,1,none,1,1,none,1,1,none,1,1,none,1,1,none,0,0,0,0,0,0,0,0,0,0,0,,0,0,0,,0,0,0,,0,0,0
final_polar_006,polar,semi_structured,upsert_update,1,1,none,1,1,none,1,1,none,1,1,none,1,1,none,1,1,none,1,1,none,1,1,none,1,1,none,0,0,1,0,0,0,0,0,0,0,0,,0,0,0,,0,0,0,,0,0,0
final_polar_007,polar,semi_structured,plain_insert,1,1,none,1,1,none,1,1,none,1,1,none,1,1,none,1,1,none,1,1,none,1,1,none,1,1,none,0,0,0,0,0,0,0,0,0,0,0,,0,0,0,,0,0,0,,0,0,0
final_polar_008,polar,semi_structured,insert_ignore,1,1,none,1,1,none,1,1,none,1,1,none,1,1,none,1,1,none,1,1,none,1,1,none,1,1,none,0,0,0,0,0,0,0,0,0,0,0,,0,0,0,,0,0,0,,0,0,0
final_polar_009,polar,semi_structured,upsert_update,1,1,none,1,1,none,1,1,none,1,1,none,1,1,none,1,1,none,1,1,none,1,1,none,1,1,none,0,0,1,0,0,0,0,0,0,0,0,,0,0,0,,0,0,0,,0,0,0
final_polar_010,polar,semi_structured,plain_insert,1,1,none,1,1,none,1,1,none,1,1,none,1,1,none,1,1,none,1,1,none,1,1,none,1,1,none,1,1,0,1,0,0,0,0,0,0,0,,0,0,0,,0,0,0,,0,0,0
final_polar_011,polar,semi_structured,insert_ignore,1,1,none,1,1,none,1,1,none,1,1,none,1,1,none,1,1,none,1,1,none,1,1,none,1,1,none,0,0,0,0,0,0,0,0,0,0,0,,0,0,0,,0,0,0,,0,0,0
final_polar_012,polar,semi_structured,upsert_update,1,1,none,1,1,none,1,1,none,1,1,none,1,1,none,1,1,none,1,1,none,1,1,none,1,1,none,0,0,1,0,0,0,0,0,0,0,0,,0,0,0,,0,0,0,,0,0,0
final_polar_013,polar,semi_structured,plain_insert,1,1,none,1,1,none,1,1,none,1,1,none,1,1,none,1,1,none,1,1,none,1,1,none,1,1,none,0,0,1,0,0,0,0,0,0,0,0,,0,0,0,,0,0,0,,0,0,0
final_polar_014,polar,semi_structured,insert_ignore,0,0,state_mismatch,0,0,state_mismatch,0,0,state_mismatch,0,0,state_mismatch,1,1,none,1,1,none,1,1,none,1,1,none,1,1,none,0,0,0,1,0,0,0,0,0,0,0,,0,0,0,,0,0,0,,0,0,0
final_polar_015,polar,semi_structured,upsert_update,0,0,state_mismatch,0,0,state_mismatch,0,0,state_mismatch,0,0,state_mismatch,0,0,state_mismatch,0,0,state_mismatch,0,0,state_mismatch,0,0,state_mismatch,0,0,state_mismatch,0,0,1,0,0,0,0,0,0,0,0,,0,0,0,,0,0,0,,0,0,0
final_polar_016,polar,free_text,plain_insert,0,0,evidence_materialization,0,0,evidence_materialization,0,0,evidence_materialization,0,0,evidence_materialization,0,0,evidence_materialization,0,0,evidence_materialization,0,0,evidence_materialization,0,0,evidence_materialization,0,0,evidence_materialization,0,0,0,0,1,0,0,0,0,0,0,,0,0,0,,0,0,0,,0,0,0
final_polar_017,polar,free_text,insert_ignore,0,0,evidence_materialization,0,0,evidence_materialization,0,0,evidence_materialization,0,0,evidence_materialization,0,0,evidence_materialization,0,0,evidence_materialization,0,0,evidence_materialization,0,0,evidence_materialization,0,0,evidence_materialization,0,0,0,0,0,0,0,0,0,0,0,,0,0,0,,0,0,0,,0,0,0
final_polar_018,polar,free_text,upsert_update,1,1,none,1,1,none,1,1,none,0,0,semantic_preservation,0,0,semantic_preservation,0,0,semantic_preservation,0,0,semantic_preservation,0,0,semantic_preservation,0,0,semantic_preservation,0,1,1,0,0,0,0,0,0,0,0,,0,0,0,,0,0,0,,0,0,0
final_polar_019,polar,semi_structured,plain_insert,1,1,none,1,1,none,1,1,none,1,1,none,1,1,none,1,1,none,1,1,none,1,1,none,1,1,none,0,0,1,0,0,0,0,0,0,0,0,,0,0,0,,0,0,0,,0,0,0
final_polar_020,polar,semi_structured,insert_ignore,1,1,none,1,1,none,1,1,none,1,1,none,1,1,none,1,1,none,1,1,none,1,1,none,1,1,none,0,0,0,0,0,0,0,0,0,0,0,,0,0,0,,0,0,0,,0,0,0
final_polar_021,polar,semi_structured,upsert_update,1,1,none,1,1,none,1,1,none,1,1,none,1,1,none,1,1,none,1,1,none,1,1,none,1,1,none,0,0,1,0,0,0,0,0,0,0,0,,0,0,0,,0,0,0,,0,0,0
final_polar_022,polar,semi_structured,plain_insert,1,1,none,1,1,none,1,1,none,1,1,none,1,1,none,1,1,none,1,1,none,1,1,none,1,1,none,0,0,1,0,0,0,0,0,0,0,0,,0,0,0,,0,0,0,,0,0,0
final_polar_023,polar,semi_structured,insert_ignore,0,0,preflight,0,0,preflight,0,0,preflight,0,0,preflight,0,0,preflight,0,0,preflight,0,0,preflight,0,0,preflight,0,0,preflight,0,0,0,0,0,0,0,0,0,0,0,,0,0,0,,0,0,0,,0,0,0
final_polar_024,polar,semi_structured,upsert_update,1,1,none,1,1,none,1,1,none,1,1,none,1,1,none,1,1,none,1,1,none,1,1,none,1,1,none,0,0,1,0,0,0,0,0,0,0,0,,0,0,0,,0,0,0,,0,0,0
final_polar_025,polar,semi_structured,plain_insert,0,0,verification,0,0,verification,0,0,verification,0,0,verification,1,1,none,1,1,none,1,1,none,1,1,none,1,1,none,1,0,0,1,0,0,0,0,0,0,0,,0,0,0,,0,0,0,,0,0,0
final_polar_026,polar,semi_structured,insert_ignore,0,0,verification,0,0,verification,0,0,verification,0,0,verification,1,1,none,1,1,none,1,1,none,1,1,none,1,1,none,1,0,0,1,0,0,0,0,0,0,0,,0,0,0,,0,0,0,,0,0,0
final_polar_027,polar,semi_structured,upsert_update,0,0,reference_resolution,0,0,reference_resolution,0,0,reference_resolution,0,0,verification,1,1,none,1,1,none,1,1,none,1,1,none,1,1,none,0,1,1,1,0,0,0,0,0,0,0,,0,0,0,,0,0,0,,0,0,0
final_polar_028,polar,semi_structured,plain_insert,1,1,none,1,1,none,1,1,none,1,1,none,1,1,none,1,1,none,1,1,none,1,1,none,1,1,none,0,0,0,0,0,0,0,0,0,0,0,,0,0,0,,0,0,0,,0,0,0
final_polar_029,polar,semi_structured,insert_ignore,1,1,none,1,1,none,1,1,none,1,1,none,1,1,none,1,1,none,1,1,none,1,1,none,1,1,none,0,0,0,0,0,0,0,0,0,0,0,,0,0,0,,0,0,0,,0,0,0
final_polar_030,polar,semi_structured,upsert_update,1,1,none,1,1,none,1,1,none,1,1,none,1,1,none,1,1,none,1,1,none,1,1,none,1,1,none,0,0,1,0,0,0,0,0,0,0,0,,0,0,0,,0,0,0,,0,0,0
final_polar_031,polar,free_text,plain_insert,0,0,evidence_materialization,0,0,evidence_materialization,0,0,evidence_materialization,0,0,evidence_materialization,0,0,evidence_materialization,0,0,evidence_materialization,0,0,evidence_materialization,0,0,evidence_materialization,0,0,evidence_materialization,0,0,0,0,0,1,0,0,1,0,0,ambiguous_closed_set,0,0,0,,0,0,0,,1,0,0
final_polar_032,polar,free_text,insert_ignore,1,1,none,1,1,none,1,1,none,1,1,none,1,1,none,1,1,none,1,1,none,1,1,none,1,1,none,0,1,0,0,0,0,0,0,0,0,0,,0,0,0,,0,0,0,,0,0,0
final_polar_033,polar,free_text,upsert_update,0,0,evidence_materialization,0,0,evidence_materialization,0,0,evidence_materialization,0,0,evidence_materialization,0,0,evidence_materialization,0,0,evidence_materialization,0,0,evidence_materialization,0,0,evidence_materialization,0,0,evidence_materialization,0,0,0,0,0,0,0,0,0,0,0,,0,0,0,,0,0,0,,0,0,0
final_polar_034,polar,semi_structured,plain_insert,1,1,none,1,1,none,1,1,none,1,1,none,1,1,none,1,1,none,1,1,none,1,1,none,1,1,none,1,1,0,0,0,0,0,0,0,0,0,,0,0,0,,0,0,0,,0,0,0
final_polar_035,polar,semi_structured,insert_ignore,1,1,none,1,1,none,1,1,none,1,1,none,1,1,none,1,1,none,1,1,none,1,1,none,1,1,none,0,0,0,0,0,0,0,0,0,0,0,,0,0,0,,0,0,0,,0,0,0
final_polar_036,polar,semi_structured,upsert_update,1,1,none,1,1,none,1,1,none,1,1,none,1,1,none,1,1,none,1,1,none,1,1,none,1,1,none,0,0,1,0,0,0,0,0,0,0,0,,0,0,0,,0,0,0,,0,0,0
final_polar_037,polar,semi_structured,plain_insert,1,1,none,1,1,none,1,1,none,1,1,none,1,1,none,1,1,none,1,1,none,1,1,none,1,1,none,0,0,1,0,0,0,0,0,0,0,0,,0,0,0,,0,0,0,,0,0,0
final_polar_038,polar,semi_structured,insert_ignore,1,1,none,1,1,none,1,1,none,1,1,none,1,1,none,1,1,none,1,1,none,1,1,none,1,1,none,0,0,0,0,0,0,0,0,0,0,0,,0,0,0,,0,0,0,,0,0,0
final_polar_039,polar,semi_structured,upsert_update,1,1,none,1,1,none,1,1,none,1,1,none,1,1,none,1,1,none,1,1,none,1,1,none,1,1,none,0,0,1,0,0,0,0,0,0,0,0,,0,0,0,,0,0,0,,0,0,0
final_polar_040,polar,semi_structured,plain_insert,0,0,verification,0,0,verification,0,0,verification,0,0,verification,1,1,none,1,1,none,1,1,none,1,1,none,1,1,none,1,0,0,1,0,0,0,0,0,0,0,,0,0,0,,0,0,0,,0,0,0
final_polar_041,polar,semi_structured,insert_ignore,0,0,reference_resolution,0,0,reference_resolution,0,0,preflight,0,0,preflight,1,1,none,1,1,none,1,1,none,1,1,none,1,1,none,0,1,0,1,0,0,0,0,0,0,0,,0,0,0,,0,0,0,,0,0,0
final_polar_042,polar,semi_structured,upsert_update,0,0,verification,0,0,verification,0,0,verification,0,0,verification,0,0,state_mismatch,0,0,state_mismatch,0,0,state_mismatch,0,0,state_mismatch,0,0,state_mismatch,1,0,0,1,0,0,0,0,0,0,0,,0,0,0,,0,0,0,,0,0,0
final_polar_043,polar,semi_structured,plain_insert,1,1,none,1,1,none,1,1,none,1,1,none,1,1,none,1,1,none,1,1,none,1,1,none,1,1,none,0,1,0,0,0,0,0,0,0,0,0,,0,0,0,,0,0,0,,0,0,0
final_polar_044,polar,semi_structured,insert_ignore,0,0,preflight,0,0,preflight,0,0,preflight,0,0,preflight,0,0,preflight,0,0,preflight,0,0,preflight,0,0,preflight,0,0,preflight,0,0,0,0,0,0,0,0,0,0,0,,0,0,0,,0,0,0,,0,0,0
final_polar_045,polar,semi_structured,upsert_update,1,1,none,1,1,none,1,1,none,1,1,none,1,1,none,1,1,none,1,1,none,1,1,none,1,1,none,0,0,1,0,0,0,0,0,0,0,0,,0,0,0,,0,0,0,,0,0,0
final_polar_046,polar,free_text,plain_insert,1,1,none,1,1,none,1,1,none,1,1,none,1,1,none,1,1,none,1,1,none,1,1,none,1,1,none,0,1,0,0,0,0,0,0,0,0,0,,0,0,0,,0,0,0,,0,0,0
final_polar_047,polar,free_text,insert_ignore,0,0,evidence_materialization,0,0,evidence_materialization,0,0,evidence_materialization,0,0,evidence_materialization,0,0,evidence_materialization,0,0,semantic_gate,0,0,semantic_gate,0,0,semantic_gate,0,0,semantic_gate,0,0,0,0,1,0,0,0,0,0,0,,0,0,0,,0,0,0,,0,0,0
final_polar_048,polar,free_text,upsert_update,0,0,parse,0,0,parse,0,0,parse,0,0,parse,0,0,parse,0,0,parse,0,0,parse,0,0,parse,0,0,parse,0,0,0,0,0,0,0,0,0,0,0,,0,0,0,,0,0,0,,0,0,0
final_polar_049,polar,semi_structured,plain_insert,1,1,none,1,1,none,1,1,none,1,1,none,1,1,none,1,1,none,1,1,none,1,1,none,1,1,none,0,0,1,0,0,0,0,0,0,0,0,,0,0,0,,0,0,0,,0,0,0
final_polar_050,polar,semi_structured,insert_ignore,1,1,none,1,1,none,1,1,none,1,1,none,1,1,none,1,1,none,1,1,none,1,1,none,1,1,none,0,0,0,0,0,0,0,0,0,0,0,,0,0,0,,0,0,0,,0,0,0
final_polar_051,polar,semi_structured,upsert_update,1,1,none,1,1,none,1,1,none,1,1,none,1,1,none,1,1,none,1,1,none,1,1,none,1,1,none,0,0,1,0,0,0,0,0,0,0,0,,0,0,0,,0,0,0,,0,0,0
final_polar_052,polar,semi_structured,plain_insert,1,1,none,1,1,none,1,1,none,1,1,none,1,1,none,1,1,none,1,1,none,1,1,none,1,1,none,0,1,0,0,0,0,0,0,0,0,0,,0,0,0,,0,0,0,,0,0,0
final_polar_053,polar,semi_structured,insert_ignore,1,1,none,1,1,none,1,1,none,1,1,none,1,1,none,1,1,none,1,1,none,1,1,none,1,1,none,0,0,0,0,0,0,0,0,0,0,0,,0,0,0,,0,0,0,,0,0,0
final_polar_054,polar,semi_structured,upsert_update,1,1,none,1,1,none,1,1,none,1,1,none,1,1,none,1,1,none,1,1,none,1,1,none,1,1,none,0,0,1,0,0,0,0,0,0,0,0,,0,0,0,,0,0,0,,0,0,0
final_polar_055,polar,semi_structured,plain_insert,0,0,verification,0,0,verification,0,0,verification,0,0,verification,1,1,none,1,1,none,1,1,none,1,1,none,1,1,none,1,1,0,1,0,0,0,0,0,0,0,,0,0,0,,0,0,0,,0,0,0
final_polar_056,polar,semi_structured,insert_ignore,0,0,verification,0,0,verification,0,0,verification,0,0,verification,1,1,none,1,1,none,1,1,none,1,1,none,1,1,none,1,0,0,1,0,0,0,0,0,0,0,,0,0,0,,0,0,0,,0,0,0
final_polar_057,polar,semi_structured,upsert_update,0,0,verification,0,0,verification,0,0,verification,0,0,verification,1,1,none,1,1,none,1,1,none,1,1,none,1,1,none,1,0,0,1,0,0,0,0,0,0,0,,0,0,0,,0,0,0,,0,0,0
final_polar_058,polar,semi_structured,plain_insert,0,0,state_mismatch,0,0,state_mismatch,0,0,state_mismatch,0,0,state_mismatch,1,1,none,1,1,none,1,1,none,1,1,none,1,1,none,0,1,0,1,0,0,0,0,0,0,0,,0,0,0,,0,0,0,,0,0,0
final_polar_059,polar,semi_structured,insert_ignore,1,1,none,1,1,none,1,1,none,1,1,none,1,1,none,1,1,none,1,1,none,1,1,none,1,1,none,0,0,0,0,0,0,0,0,0,0,0,,0,0,0,,0,0,0,,0,0,0
final_polar_060,polar,semi_structured,upsert_update,1,1,none,1,1,none,1,1,none,1,1,none,1,1,none,1,1,none,1,1,none,1,1,none,1,1,none,0,0,1,0,0,0,0,0,0,0,0,,0,0,0,,0,0,0,,0,0,0
final_robot_001,robot,free_text,plain_insert,0,0,parse,0,0,parse,0,0,parse,0,0,parse,0,0,parse,0,0,parse,0,0,parse,0,0,parse,0,0,parse,0,0,0,0,0,0,0,0,0,0,0,,0,0,0,,0,0,0,,0,0,0
final_robot_002,robot,free_text,insert_ignore,0,0,verification,0,0,verification,0,0,verification,0,0,verification,0,0,verification,0,0,verification,0,0,verification,0,0,verification,0,0,verification,0,1,0,0,0,0,0,0,0,0,0,,0,0,0,,0,0,0,,0,0,0
final_robot_003,robot,free_text,upsert_update,0,0,evidence_materialization,0,0,evidence_materialization,0,0,evidence_materialization,0,0,evidence_materialization,0,0,evidence_materialization,0,0,evidence_materialization,0,0,evidence_materialization,0,0,evidence_materialization,0,0,evidence_materialization,0,0,0,0,0,0,0,0,0,0,0,,0,0,0,,0,0,0,,0,0,0
final_robot_004,robot,semi_structured,plain_insert,1,1,none,1,1,none,1,1,none,1,1,none,1,1,none,1,1,none,1,1,none,1,1,none,1,1,none,0,0,1,0,0,0,0,0,0,0,0,,0,0,0,,0,0,0,,0,0,0
final_robot_005,robot,semi_structured,insert_ignore,0,0,reference_resolution,0,0,reference_resolution,0,0,reference_resolution,0,0,reference_resolution,0,0,reference_resolution,0,0,reference_resolution,0,0,reference_resolution,0,0,reference_resolution,0,0,reference_resolution,0,0,0,0,0,0,0,0,0,0,0,,0,0,0,,0,0,0,,0,0,0
final_robot_006,robot,semi_structured,upsert_update,1,1,none,1,1,none,1,1,none,1,1,none,1,1,none,1,1,none,1,1,none,1,1,none,1,1,none,1,1,1,0,0,0,0,0,0,0,0,,0,0,0,,0,0,0,,0,0,0
final_robot_007,robot,semi_structured,plain_insert,1,1,none,1,1,none,1,1,none,1,1,none,1,1,none,1,1,none,1,1,none,1,1,none,1,1,none,0,1,0,0,0,0,0,0,0,0,0,,0,0,0,,0,0,0,,0,0,0
final_robot_008,robot,semi_structured,insert_ignore,1,1,none,1,1,none,1,1,none,1,1,none,1,1,none,1,1,none,1,1,none,1,1,none,1,1,none,0,0,1,0,0,0,0,0,0,0,0,,0,0,0,,0,0,0,,0,0,0
final_robot_009,robot,semi_structured,upsert_update,1,1,none,1,1,none,1,1,none,1,1,none,1,1,none,1,1,none,1,1,none,1,1,none,1,1,none,0,0,1,0,0,0,0,0,0,0,0,,0,0,0,,0,0,0,,0,0,0
final_robot_010,robot,semi_structured,plain_insert,0,0,reference_resolution,0,0,reference_resolution,0,0,reference_resolution,0,0,reference_resolution,1,1,none,1,1,none,1,1,none,1,1,none,1,1,none,0,0,0,1,0,0,0,0,0,0,0,,0,0,0,,0,0,0,,0,0,0
final_robot_011,robot,semi_structured,insert_ignore,0,0,verification,0,0,verification,0,0,verification,0,0,verification,1,1,none,1,1,none,1,1,none,1,1,none,1,1,none,1,0,0,1,0,0,0,0,0,0,0,,0,0,0,,0,0,0,,0,0,0
final_robot_012,robot,semi_structured,upsert_update,0,0,verification,0,0,verification,0,0,verification,0,0,verification,1,1,none,1,1,none,1,1,none,1,1,none,1,1,none,1,0,0,1,0,0,0,0,0,0,0,,0,0,0,,0,0,0,,0,0,0
final_robot_013,robot,semi_structured,plain_insert,1,1,none,1,1,none,1,1,none,1,1,none,1,1,none,1,1,none,1,1,none,1,1,none,1,1,none,0,1,0,0,0,0,0,0,0,0,0,,0,0,0,,0,0,0,,0,0,0
final_robot_014,robot,semi_structured,insert_ignore,0,0,preflight,0,0,preflight,0,0,preflight,0,0,preflight,0,0,preflight,0,0,preflight,0,0,preflight,0,0,preflight,0,0,preflight,0,0,0,0,0,0,0,0,0,0,0,,0,0,0,,0,0,0,,0,0,0
final_robot_015,robot,semi_structured,upsert_update,1,1,none,1,1,none,1,1,none,1,1,none,1,1,none,1,1,none,1,1,none,1,1,none,1,1,none,0,0,1,0,0,0,0,0,0,0,0,,0,0,0,,0,0,0,,0,0,0
final_robot_016,robot,free_text,plain_insert,0,0,evidence_materialization,0,0,evidence_materialization,0,0,evidence_materialization,0,0,evidence_materialization,0,0,evidence_materialization,0,0,evidence_materialization,0,0,evidence_materialization,0,0,evidence_materialization,0,0,evidence_materialization,0,0,0,0,1,1,0,0,1,0,0,ambiguous_closed_set,0,0,0,,0,0,0,,1,0,0
final_robot_017,robot,free_text,insert_ignore,0,0,evidence_materialization,0,0,evidence_materialization,0,0,evidence_materialization,0,0,evidence_materialization,0,0,evidence_materialization,0,0,evidence_materialization,0,0,evidence_materialization,0,0,evidence_materialization,0,0,evidence_materialization,0,0,0,0,0,1,0,0,1,0,0,ambiguous_closed_set,0,0,0,,0,0,0,,1,0,0
final_robot_018,robot,free_text,upsert_update,0,0,evidence_materialization,0,0,evidence_materialization,0,0,evidence_materialization,0,0,semantic_preservation,0,0,semantic_preservation,0,0,semantic_preservation,0,0,semantic_preservation,0,0,semantic_preservation,0,0,semantic_preservation,0,0,1,0,0,0,0,0,0,0,0,,0,0,0,,0,0,0,,0,0,0
final_robot_019,robot,semi_structured,plain_insert,0,0,reference_resolution,0,0,reference_resolution,0,0,reference_resolution,0,0,reference_resolution,0,0,reference_resolution,0,0,reference_resolution,0,0,reference_resolution,0,0,reference_resolution,0,0,reference_resolution,0,0,0,0,0,0,0,0,0,0,0,,0,0,0,,0,0,0,,0,0,0
final_robot_020,robot,semi_structured,insert_ignore,0,0,reference_resolution,0,0,reference_resolution,0,0,reference_resolution,0,0,reference_resolution,0,0,reference_resolution,0,0,reference_resolution,0,0,reference_resolution,0,0,reference_resolution,0,0,reference_resolution,0,0,0,0,0,1,0,0,1,0,0,empty_closed_set,0,0,0,,0,0,0,,1,0,0
final_robot_021,robot,semi_structured,upsert_update,0,0,reference_resolution,0,0,reference_resolution,0,0,reference_resolution,0,0,reference_resolution,0,0,reference_resolution,0,0,reference_resolution,0,0,verification,0,0,verification,0,0,verification,0,0,0,0,0,1,0,0,1,1,1,unique_exact_identifier_name,0,0,0,,0,0,0,,1,1,1
final_robot_022,robot,semi_structured,plain_insert,1,1,none,1,1,none,1,1,none,1,1,none,1,1,none,1,1,none,1,1,none,1,1,none,1,1,none,0,1,0,0,0,0,0,0,0,0,0,,0,0,0,,0,0,0,,0,0,0
final_robot_023,robot,semi_structured,insert_ignore,1,1,none,1,1,none,1,1,none,1,1,none,1,1,none,1,1,none,1,1,none,1,1,none,1,1,none,0,0,1,0,0,0,0,0,0,0,0,,0,0,0,,0,0,0,,0,0,0
final_robot_024,robot,semi_structured,upsert_update,1,1,none,1,1,none,1,1,none,1,1,none,1,1,none,1,1,none,1,1,none,1,1,none,1,1,none,0,0,1,0,0,0,0,0,0,0,0,,0,0,0,,0,0,0,,0,0,0
final_robot_025,robot,semi_structured,plain_insert,0,0,verification,0,0,verification,0,0,verification,0,0,verification,1,1,none,1,1,none,1,1,none,1,1,none,1,1,none,1,0,0,1,0,0,0,0,0,0,0,,0,0,0,,0,0,0,,0,0,0
final_robot_026,robot,semi_structured,insert_ignore,0,0,state_mismatch,0,0,state_mismatch,0,0,state_mismatch,0,0,state_mismatch,1,1,none,1,1,none,1,1,none,1,1,none,1,1,none,0,1,0,1,0,0,0,0,0,0,0,,0,0,0,,0,0,0,,0,0,0
final_robot_027,robot,semi_structured,upsert_update,0,0,reference_resolution,0,0,reference_resolution,0,0,reference_resolution,0,0,reference_resolution,1,1,none,1,1,none,1,1,none,1,1,none,1,1,none,0,1,1,1,0,0,0,0,0,0,0,,0,0,0,,0,0,0,,0,0,0
final_robot_028,robot,semi_structured,plain_insert,1,1,none,1,1,none,1,1,none,1,1,none,1,1,none,1,1,none,1,1,none,1,1,none,1,1,none,0,1,0,0,0,0,0,0,0,0,0,,0,0,0,,0,0,0,,0,0,0
final_robot_029,robot,semi_structured,insert_ignore,1,1,none,1,1,none,1,1,none,1,1,none,1,1,none,1,1,none,1,1,none,1,1,none,1,1,none,0,0,1,0,0,0,0,0,0,0,0,,0,0,0,,0,0,0,,0,0,0
final_robot_030,robot,semi_structured,upsert_update,1,1,none,1,1,none,1,1,none,1,1,none,1,1,none,1,1,none,1,1,none,1,1,none,1,1,none,0,0,1,0,0,0,0,0,0,0,0,,0,0,0,,0,0,0,,0,0,0
final_robot_031,robot,free_text,plain_insert,0,0,evidence_materialization,0,0,evidence_materialization,0,0,evidence_materialization,0,0,evidence_materialization,0,0,evidence_materialization,0,0,evidence_materialization,0,0,evidence_materialization,0,0,evidence_materialization,0,0,evidence_materialization,0,0,0,0,1,1,0,0,1,0,0,ambiguous_closed_set,0,0,0,,0,0,0,,1,0,0
final_robot_032,robot,free_text,insert_ignore,1,1,none,1,1,none,1,1,none,1,1,none,1,1,none,1,1,none,1,1,none,1,1,none,1,1,none,0,1,0,0,0,0,0,0,0,0,0,,0,0,0,,0,0,0,,0,0,0
final_robot_033,robot,free_text,upsert_update,0,0,evidence_materialization,0,0,evidence_materialization,0,0,evidence_materialization,0,0,semantic_preservation,0,0,semantic_preservation,0,0,semantic_preservation,0,0,semantic_preservation,0,0,semantic_preservation,0,0,semantic_preservation,0,0,1,0,0,0,0,0,0,0,0,,0,0,0,,0,0,0,,0,0,0
final_robot_034,robot,semi_structured,plain_insert,0,0,reference_resolution,0,0,reference_resolution,0,0,reference_resolution,0,0,reference_resolution,0,0,reference_resolution,0,0,reference_resolution,0,0,reference_resolution,0,0,reference_resolution,0,0,reference_resolution,0,0,0,0,0,1,0,0,1,0,0,empty_closed_set,0,0,0,,0,0,0,,1,0,0
final_robot_035,robot,semi_structured,insert_ignore,0,0,verification,0,0,verification,0,0,verification,0,0,verification,0,0,verification,0,0,verification,0,0,verification,0,0,verification,0,0,verification,1,0,0,0,0,0,0,0,0,0,0,,0,0,0,,0,0,0,,0,0,0
final_robot_036,robot,semi_structured,upsert_update,0,0,verification,0,0,verification,0,0,verification,0,0,verification,0,0,verification,0,0,verification,0,0,verification,0,0,verification,0,0,verification,1,0,0,0,0,0,0,0,0,0,0,,0,0,0,,0,0,0,,0,0,0
final_robot_037,robot,semi_structured,plain_insert,1,1,none,1,1,none,1,1,none,1,1,none,1,1,none,1,1,none,1,1,none,1,1,none,1,1,none,0,1,0,0,0,0,0,0,0,0,0,,0,0,0,,0,0,0,,0,0,0
final_robot_038,robot,semi_structured,insert_ignore,1,1,none,1,1,none,1,1,none,1,1,none,1,1,none,1,1,none,1,1,none,1,1,none,1,1,none,0,0,1,0,0,0,0,0,0,0,0,,0,0,0,,0,0,0,,0,0,0
final_robot_039,robot,semi_structured,upsert_update,1,1,none,1,1,none,1,1,none,1,1,none,1,1,none,1,1,none,1,1,none,1,1,none,1,1,none,0,0,1,0,0,0,0,0,0,0,0,,0,0,0,,0,0,0,,0,0,0
final_robot_040,robot,semi_structured,plain_insert,0,0,verification,0,0,verification,0,0,verification,0,0,verification,1,1,none,1,1,none,1,1,none,1,1,none,1,1,none,1,0,0,1,0,0,0,0,0,0,0,,0,0,0,,0,0,0,,0,0,0
final_robot_041,robot,semi_structured,insert_ignore,0,0,reference_resolution,0,0,reference_resolution,0,0,reference_resolution,0,0,reference_resolution,1,1,none,1,1,none,1,1,none,1,1,none,1,1,none,0,1,0,1,0,0,0,0,0,0,0,,0,0,0,,0,0,0,,0,0,0
final_robot_042,robot,semi_structured,upsert_update,0,0,reference_resolution,0,0,reference_resolution,0,0,reference_resolution,0,0,reference_resolution,0,0,reference_resolution,0,0,reference_resolution,0,0,reference_resolution,0,0,reference_resolution,0,0,reference_resolution,0,0,0,1,0,0,0,0,0,0,0,,0,0,0,,0,0,0,,0,0,0
final_robot_043,robot,semi_structured,plain_insert,1,1,none,1,1,none,1,1,none,1,1,none,1,1,none,1,1,none,1,1,none,1,1,none,1,1,none,0,0,0,0,0,0,0,0,0,0,0,,0,0,0,,0,0,0,,0,0,0
final_robot_044,robot,semi_structured,insert_ignore,1,1,none,1,1,none,1,1,none,1,1,none,1,1,none,1,1,none,1,1,none,1,1,none,1,1,none,0,0,1,0,0,0,0,0,0,0,0,,0,0,0,,0,0,0,,0,0,0
final_robot_045,robot,semi_structured,upsert_update,1,1,none,1,1,none,1,1,none,1,1,none,1,1,none,1,1,none,1,1,none,1,1,none,1,1,none,0,0,1,0,0,0,0,0,0,0,0,,0,0,0,,0,0,0,,0,0,0
final_robot_046,robot,free_text,plain_insert,0,0,evidence_materialization,0,0,evidence_materialization,0,0,evidence_materialization,0,0,evidence_materialization,0,0,evidence_materialization,0,0,evidence_materialization,0,0,evidence_materialization,0,0,evidence_materialization,0,0,evidence_materialization,0,0,0,0,0,0,0,0,0,0,0,,0,0,0,,0,0,0,,0,0,0
final_robot_047,robot,free_text,insert_ignore,0,0,state_mismatch,0,0,state_mismatch,0,0,state_mismatch,0,0,state_mismatch,0,0,state_mismatch,0,0,state_mismatch,0,0,state_mismatch,0,0,state_mismatch,0,0,state_mismatch,0,1,0,0,0,0,0,0,0,0,0,,0,0,0,,0,0,0,,0,0,0
final_robot_048,robot,free_text,upsert_update,0,0,evidence_materialization,0,0,evidence_materialization,0,0,evidence_materialization,0,0,evidence_materialization,0,0,evidence_materialization,0,0,evidence_materialization,0,0,evidence_materialization,0,0,evidence_materialization,0,0,evidence_materialization,0,0,0,0,1,0,0,0,0,0,0,,0,0,0,,0,0,0,,0,0,0
final_robot_049,robot,semi_structured,plain_insert,0,0,reference_resolution,0,0,reference_resolution,0,0,reference_resolution,0,0,reference_resolution,0,0,reference_resolution,0,0,reference_resolution,0,0,verification,0,0,verification,0,0,verification,0,0,0,0,0,1,0,0,1,1,1,unique_exact_identifier_name,0,0,0,,0,0,0,,1,1,1
final_robot_050,robot,semi_structured,insert_ignore,0,0,verification,0,0,verification,0,0,verification,0,0,verification,0,0,verification,0,0,verification,0,0,verification,0,0,verification,0,0,verification,1,0,0,0,0,0,0,0,0,0,0,,0,0,0,,0,0,0,,0,0,0
final_robot_051,robot,semi_structured,upsert_update,1,1,none,1,1,none,1,1,none,1,1,none,1,1,none,1,1,none,1,1,none,1,1,none,1,1,none,1,1,1,0,0,0,0,0,0,0,0,,0,0,0,,0,0,0,,0,0,0
final_robot_052,robot,semi_structured,plain_insert,1,1,none,1,1,none,1,1,none,1,1,none,1,1,none,1,1,none,1,1,none,1,1,none,1,1,none,0,0,0,0,0,0,0,0,0,0,0,,0,0,0,,0,0,0,,0,0,0
final_robot_053,robot,semi_structured,insert_ignore,1,1,none,1,1,none,1,1,none,1,1,none,1,1,none,1,1,none,1,1,none,1,1,none,1,1,none,0,0,1,0,0,0,0,0,0,0,0,,0,0,0,,0,0,0,,0,0,0
final_robot_054,robot,semi_structured,upsert_update,1,1,none,1,1,none,1,1,none,1,1,none,1,1,none,1,1,none,1,1,none,1,1,none,1,1,none,0,0,1,0,0,0,0,0,0,0,0,,0,0,0,,0,0,0,,0,0,0
final_robot_055,robot,semi_structured,plain_insert,0,0,reference_resolution,0,0,reference_resolution,0,0,reference_resolution,0,0,reference_resolution,1,1,none,1,1,none,1,1,none,1,1,none,1,1,none,0,0,0,1,0,0,0,0,0,0,0,,0,0,0,,0,0,0,,0,0,0
final_robot_056,robot,semi_structured,insert_ignore,0,0,verification,0,0,verification,0,0,verification,0,0,verification,1,1,none,1,1,none,1,1,none,1,1,none,1,1,none,1,0,0,1,0,0,0,0,0,0,0,,0,0,0,,0,0,0,,0,0,0
final_robot_057,robot,semi_structured,upsert_update,0,0,verification,0,0,verification,0,0,verification,0,0,verification,1,1,none,1,1,none,1,1,none,1,1,none,1,1,none,1,0,0,1,0,0,0,0,0,0,0,,0,0,0,,0,0,0,,0,0,0
final_robot_058,robot,semi_structured,plain_insert,1,1,none,1,1,none,1,1,none,1,1,none,1,1,none,1,1,none,1,1,none,1,1,none,1,1,none,0,1,0,0,0,0,0,0,0,0,0,,0,0,0,,0,0,0,,0,0,0
final_robot_059,robot,semi_structured,insert_ignore,1,1,none,1,1,none,1,1,none,1,1,none,1,1,none,1,1,none,1,1,none,1,1,none,1,1,none,0,0,1,0,0,0,0,0,0,0,0,,0,0,0,,0,0,0,,0,0,0
final_robot_060,robot,semi_structured,upsert_update,1,1,none,1,1,none,1,1,none,1,1,none,1,1,none,1,1,none,1,1,none,1,1,none,1,1,none,0,0,1,0,0,0,0,0,0,0,0,,0,0,0,,0,0,0,,0,0,0
final_vaccine_001,vaccine,free_text,plain_insert,0,0,evidence_materialization,0,0,evidence_materialization,0,0,evidence_materialization,0,0,evidence_materialization,0,0,evidence_materialization,0,0,state_mismatch,0,0,state_mismatch,0,0,state_mismatch,0,0,state_mismatch,0,0,0,0,1,0,0,0,0,0,0,,0,0,0,,0,0,0,,0,0,0
final_vaccine_002,vaccine,free_text,insert_ignore,0,0,evidence_materialization,0,0,evidence_materialization,0,0,evidence_materialization,0,0,evidence_materialization,0,0,evidence_materialization,0,0,evidence_materialization,0,0,evidence_materialization,0,0,evidence_materialization,0,0,diagnostic_targeted_revalidation,0,0,0,0,1,0,0,1,0,0,0,,0,0,0,,1,1,0,unique_primary_temporal_candidate_in_forward_same_sentence,1,1,0
final_vaccine_003,vaccine,free_text,upsert_update,0,0,verification,0,0,verification,0,0,verification,0,0,verification,0,0,verification,0,0,verification,0,0,verification,0,0,verification,0,0,verification,0,1,0,0,0,0,0,0,0,0,0,,0,0,0,,0,0,0,,0,0,0
final_vaccine_004,vaccine,semi_structured,plain_insert,0,0,verification,0,0,verification,0,0,verification,0,0,verification,0,0,verification,0,0,verification,0,0,verification,0,0,verification,0,0,verification,1,0,0,0,0,0,0,0,0,0,0,,0,0,0,,0,0,0,,0,0,0
final_vaccine_005,vaccine,semi_structured,insert_ignore,0,0,reference_resolution,0,0,reference_resolution,0,0,reference_resolution,0,0,reference_resolution,0,0,reference_resolution,0,0,reference_resolution,0,0,reference_resolution,0,0,reference_resolution,0,0,reference_resolution,0,0,0,0,0,0,0,0,0,0,0,,0,0,0,,0,0,0,,0,0,0
final_vaccine_006,vaccine,semi_structured,upsert_update,0,0,reference_resolution,0,0,reference_resolution,0,0,reference_resolution,0,0,reference_resolution,0,0,reference_resolution,0,0,reference_resolution,0,0,reference_resolution,0,0,reference_resolution,0,0,reference_resolution,0,0,0,0,0,1,0,0,1,0,0,empty_closed_set,0,0,0,,0,0,0,,1,0,0
final_vaccine_007,vaccine,semi_structured,plain_insert,1,1,none,1,1,none,1,1,none,1,1,none,1,1,none,1,1,none,1,1,none,1,1,none,1,1,none,0,1,0,0,0,0,0,0,0,0,0,,0,0,0,,0,0,0,,0,0,0
final_vaccine_008,vaccine,semi_structured,insert_ignore,1,1,none,1,1,none,1,1,none,1,1,none,1,1,none,1,1,none,1,1,none,1,1,none,1,1,none,0,0,1,0,0,0,0,0,0,0,0,,0,0,0,,0,0,0,,0,0,0
final_vaccine_009,vaccine,semi_structured,upsert_update,1,1,none,1,1,none,1,1,none,1,1,none,1,1,none,1,1,none,1,1,none,1,1,none,1,1,none,0,1,1,0,0,0,0,0,0,0,0,,0,0,0,,0,0,0,,0,0,0
final_vaccine_010,vaccine,semi_structured,plain_insert,0,0,reference_resolution,0,0,reference_resolution,0,0,reference_resolution,0,0,reference_resolution,0,0,reference_resolution,0,0,reference_resolution,0,0,verification,0,0,verification,0,0,verification,0,1,0,1,0,1,0,0,1,1,1,unique_exact_identifier_name,0,0,0,,0,0,0,,1,1,1
final_vaccine_011,vaccine,semi_structured,insert_ignore,0,0,verification,0,0,verification,0,0,verification,0,0,verification,1,1,none,1,1,none,1,1,none,1,1,none,1,1,none,1,0,0,1,0,0,0,0,0,0,0,,0,0,0,,0,0,0,,0,0,0
final_vaccine_012,vaccine,semi_structured,upsert_update,0,0,verification,0,0,verification,0,0,verification,0,0,verification,0,0,verification,0,0,verification,0,0,verification,0,0,verification,0,0,verification,1,0,0,0,0,0,0,0,0,0,0,,0,0,0,,0,0,0,,0,0,0
final_vaccine_013,vaccine,semi_structured,plain_insert,1,1,none,1,1,none,1,1,none,1,1,none,1,1,none,1,1,none,1,1,none,1,1,none,1,1,none,0,1,0,0,0,0,0,0,0,0,0,,0,0,0,,0,0,0,,0,0,0
final_vaccine_014,vaccine,semi_structured,insert_ignore,1,1,none,1,1,none,1,1,none,1,1,none,1,1,none,1,1,none,1,1,none,1,1,none,1,1,none,0,0,0,0,0,0,0,0,0,0,0,,0,0,0,,0,0,0,,0,0,0
final_vaccine_015,vaccine,semi_structured,upsert_update,1,1,none,1,1,none,1,1,none,1,1,none,1,1,none,1,1,none,1,1,none,1,1,none,1,1,none,0,0,1,0,0,0,0,0,0,0,0,,0,0,0,,0,0,0,,0,0,0
final_vaccine_016,vaccine,free_text,plain_insert,0,0,evidence_materialization,0,0,evidence_materialization,0,0,evidence_materialization,0,0,evidence_materialization,0,0,evidence_materialization,0,0,evidence_materialization,0,0,evidence_materialization,0,0,evidence_materialization,0,0,evidence_materialization,0,0,0,0,1,1,0,0,1,0,0,ambiguous_closed_set|protected_semantics_not_repairable,0,0,0,,0,0,0,,1,0,0
final_vaccine_017,vaccine,free_text,insert_ignore,0,0,evidence_materialization,0,0,evidence_materialization,0,0,evidence_materialization,0,0,evidence_materialization,0,0,evidence_materialization,0,0,evidence_materialization,0,0,evidence_materialization,0,0,evidence_materialization,0,0,evidence_materialization,0,0,0,0,0,1,0,0,1,0,0,ambiguous_closed_set,0,0,0,,0,0,0,,1,0,0
final_vaccine_018,vaccine,free_text,upsert_update,0,0,evidence_materialization,0,0,evidence_materialization,0,0,evidence_materialization,0,0,semantic_preservation,0,0,semantic_preservation,0,0,semantic_preservation,0,0,semantic_preservation,0,0,semantic_preservation,0,0,semantic_preservation,0,0,1,0,0,0,0,0,0,0,0,,0,0,0,,0,0,0,,0,0,0
final_vaccine_019,vaccine,semi_structured,plain_insert,0,0,verification,0,0,verification,0,0,verification,0,0,verification,0,0,verification,0,0,verification,0,0,verification,0,0,verification,0,0,verification,1,0,0,0,0,0,0,0,0,0,0,,0,0,0,,0,0,0,,0,0,0
final_vaccine_020,vaccine,semi_structured,insert_ignore,1,1,none,1,1,none,1,1,none,1,1,none,1,1,none,1,1,none,1,1,none,1,1,none,1,1,none,0,0,0,0,0,0,0,0,0,0,0,,0,0,0,,0,0,0,,0,0,0
final_vaccine_021,vaccine,semi_structured,upsert_update,0,0,reference_resolution,0,0,reference_resolution,0,0,reference_resolution,0,0,reference_resolution,0,0,reference_resolution,0,0,reference_resolution,0,0,reference_resolution,0,0,reference_resolution,0,0,reference_resolution,0,0,0,0,0,0,0,0,0,0,0,,0,0,0,,0,0,0,,0,0,0
final_vaccine_022,vaccine,semi_structured,plain_insert,1,1,none,1,1,none,1,1,none,1,1,none,1,1,none,1,1,none,1,1,none,1,1,none,1,1,none,0,1,0,0,0,0,0,0,0,0,0,,0,0,0,,0,0,0,,0,0,0
final_vaccine_023,vaccine,semi_structured,insert_ignore,1,1,none,1,1,none,1,1,none,1,1,none,1,1,none,1,1,none,1,1,none,1,1,none,1,1,none,0,1,0,0,0,0,0,0,0,0,0,,0,0,0,,0,0,0,,0,0,0
final_vaccine_024,vaccine,semi_structured,upsert_update,1,1,none,1,1,none,1,1,none,1,1,none,1,1,none,1,1,none,1,1,none,1,1,none,1,1,none,0,1,1,0,0,0,0,0,0,0,0,,0,0,0,,0,0,0,,0,0,0
final_vaccine_025,vaccine,semi_structured,plain_insert,0,0,verification,0,0,verification,0,0,verification,0,0,verification,1,1,none,1,1,none,1,1,none,1,1,none,1,1,none,1,0,0,1,0,0,0,0,0,0,0,,0,0,0,,0,0,0,,0,0,0
final_vaccine_026,vaccine,semi_structured,insert_ignore,0,0,verification,0,0,verification,0,0,verification,0,0,verification,1,1,none,1,1,none,1,1,none,1,1,none,1,1,none,1,0,0,1,0,0,0,0,0,0,0,,0,0,0,,0,0,0,,0,0,0
final_vaccine_027,vaccine,semi_structured,upsert_update,0,0,verification,0,0,verification,0,0,reference_resolution,0,0,reference_resolution,0,0,verification,0,0,verification,0,0,verification,0,0,verification,0,0,verification,1,1,0,1,0,0,0,0,0,0,0,,0,0,0,,0,0,0,,0,0,0
final_vaccine_028,vaccine,semi_structured,plain_insert,1,1,none,1,1,none,1,1,none,1,1,none,1,1,none,1,1,none,1,1,none,1,1,none,1,1,none,0,1,0,0,0,0,0,0,0,0,0,,0,0,0,,0,0,0,,0,0,0
final_vaccine_029,vaccine,semi_structured,insert_ignore,1,1,none,1,1,none,1,1,none,1,1,none,1,1,none,1,1,none,1,1,none,1,1,none,1,1,none,0,0,0,0,0,0,0,0,0,0,0,,0,0,0,,0,0,0,,0,0,0
final_vaccine_030,vaccine,semi_structured,upsert_update,1,1,none,1,1,none,1,1,none,1,1,none,1,1,none,1,1,none,1,1,none,1,1,none,1,1,none,0,1,1,0,0,0,0,0,0,0,0,,0,0,0,,0,0,0,,0,0,0
final_vaccine_031,vaccine,free_text,plain_insert,0,0,evidence_materialization,0,0,evidence_materialization,0,0,evidence_materialization,0,0,evidence_materialization,0,0,evidence_materialization,0,0,evidence_materialization,0,0,evidence_materialization,0,0,evidence_materialization,0,0,evidence_materialization,0,0,0,0,1,1,0,0,1,0,0,ambiguous_closed_set,0,0,0,,0,0,0,,1,0,0
final_vaccine_032,vaccine,free_text,insert_ignore,0,0,verification,0,0,verification,0,0,verification,0,0,verification,0,0,verification,0,0,verification,0,0,verification,0,0,verification,0,0,verification,0,1,0,0,0,0,0,0,0,0,0,,0,0,0,,0,0,0,,0,0,0
final_vaccine_033,vaccine,free_text,upsert_update,0,0,evidence_materialization,0,0,evidence_materialization,0,0,evidence_materialization,0,0,evidence_materialization,0,0,evidence_materialization,0,0,evidence_materialization,0,0,evidence_materialization,0,0,evidence_materialization,0,0,evidence_materialization,0,0,0,0,0,1,0,0,1,0,0,replacement_slot_collision|unique_exact_identifier_name,0,0,0,,0,0,0,,1,0,0
final_vaccine_034,vaccine,semi_structured,plain_insert,0,0,verification,0,0,verification,0,0,verification,0,0,verification,0,0,verification,0,0,verification,0,0,verification,0,0,verification,0,0,verification,1,0,0,0,0,0,0,0,0,0,0,,0,0,0,,0,0,0,,0,0,0
final_vaccine_035,vaccine,semi_structured,insert_ignore,0,0,reference_resolution,0,0,reference_resolution,0,0,reference_resolution,0,0,reference_resolution,0,0,reference_resolution,0,0,reference_resolution,0,0,reference_resolution,0,0,reference_resolution,0,0,reference_resolution,0,0,0,0,0,0,0,0,0,0,0,,0,0,0,,0,0,0,,0,0,0
final_vaccine_036,vaccine,semi_structured,upsert_update,0,0,verification,0,0,verification,0,0,verification,0,0,verification,0,0,verification,0,0,verification,0,0,verification,0,0,verification,0,0,verification,1,0,0,0,0,0,0,0,0,0,0,,0,0,0,,0,0,0,,0,0,0
final_vaccine_037,vaccine,semi_structured,plain_insert,1,1,none,1,1,none,1,1,none,1,1,none,1,1,none,1,1,none,1,1,none,1,1,none,1,1,none,0,1,0,0,0,0,0,0,0,0,0,,0,0,0,,0,0,0,,0,0,0
final_vaccine_038,vaccine,semi_structured,insert_ignore,1,1,none,1,1,none,1,1,none,1,1,none,1,1,none,1,1,none,1,1,none,1,1,none,1,1,none,0,0,0,0,0,0,0,0,0,0,0,,0,0,0,,0,0,0,,0,0,0
final_vaccine_039,vaccine,semi_structured,upsert_update,1,1,none,1,1,none,1,1,none,1,1,none,1,1,none,1,1,none,1,1,none,1,1,none,1,1,none,0,1,1,0,0,0,0,0,0,0,0,,0,0,0,,0,0,0,,0,0,0
final_vaccine_040,vaccine,semi_structured,plain_insert,0,0,state_mismatch,0,0,state_mismatch,0,0,state_mismatch,0,0,state_mismatch,1,1,none,1,1,none,1,1,none,1,1,none,1,1,none,0,1,0,1,0,0,0,0,0,0,0,,0,0,0,,0,0,0,,0,0,0
final_vaccine_041,vaccine,semi_structured,insert_ignore,0,0,reference_resolution,0,0,reference_resolution,0,0,reference_resolution,0,0,reference_resolution,0,0,reference_resolution,0,0,reference_resolution,0,0,reference_resolution,0,0,reference_resolution,0,0,reference_resolution,0,0,0,0,0,0,0,0,0,0,0,,0,0,0,,0,0,0,,0,0,0
final_vaccine_042,vaccine,semi_structured,upsert_update,0,0,verification,0,0,verification,0,0,verification,0,0,verification,0,0,verification,0,0,verification,0,0,verification,0,0,verification,0,0,verification,1,0,0,0,0,0,0,0,0,0,0,,0,0,0,,0,0,0,,0,0,0
final_vaccine_043,vaccine,semi_structured,plain_insert,1,1,none,1,1,none,1,1,none,1,1,none,1,1,none,1,1,none,1,1,none,1,1,none,1,1,none,0,0,0,0,0,0,0,0,0,0,0,,0,0,0,,0,0,0,,0,0,0
final_vaccine_044,vaccine,semi_structured,insert_ignore,1,1,none,1,1,none,1,1,none,1,1,none,1,1,none,1,1,none,1,1,none,1,1,none,1,1,none,0,0,0,0,0,0,0,0,0,0,0,,0,0,0,,0,0,0,,0,0,0
final_vaccine_045,vaccine,semi_structured,upsert_update,0,0,state_mismatch,0,0,state_mismatch,0,0,state_mismatch,0,0,state_mismatch,0,0,state_mismatch,0,0,state_mismatch,0,0,state_mismatch,0,0,state_mismatch,0,0,state_mismatch,0,1,1,0,0,0,0,0,0,0,0,,0,0,0,,0,0,0,,0,0,0
final_vaccine_046,vaccine,free_text,plain_insert,0,0,verification,0,0,verification,0,0,verification,0,0,verification,0,0,verification,0,0,verification,0,0,verification,0,0,verification,0,0,verification,0,1,0,0,0,0,0,0,0,0,0,,0,0,0,,0,0,0,,0,0,0
final_vaccine_047,vaccine,free_text,insert_ignore,0,0,parse,0,0,parse,0,0,parse,0,0,parse,0,0,parse,0,0,parse,0,0,parse,0,0,parse,0,0,parse,0,0,0,0,0,0,0,0,0,0,0,,0,0,0,,0,0,0,,0,0,0
final_vaccine_048,vaccine,free_text,upsert_update,0,0,evidence_materialization,0,0,evidence_materialization,0,0,evidence_materialization,0,0,semantic_preservation,0,0,semantic_preservation,0,0,semantic_preservation,0,0,semantic_preservation,0,0,semantic_preservation,0,0,semantic_preservation,0,0,1,0,0,0,0,0,0,0,0,,0,0,0,,0,0,0,,0,0,0
final_vaccine_049,vaccine,semi_structured,plain_insert,1,1,none,1,1,none,1,1,none,1,1,none,1,1,none,1,1,none,1,1,none,1,1,none,1,1,none,0,0,0,0,0,0,0,0,0,0,0,,0,0,0,,0,0,0,,0,0,0
final_vaccine_050,vaccine,semi_structured,insert_ignore,0,0,preflight,0,0,preflight,0,0,preflight,0,0,preflight,0,0,preflight,0,0,preflight,0,0,preflight,0,0,preflight,0,0,preflight,0,0,0,0,0,0,0,0,0,0,0,,0,0,0,,0,0,0,,0,0,0
final_vaccine_051,vaccine,semi_structured,upsert_update,0,0,preflight,0,0,preflight,0,0,preflight,0,0,preflight,0,0,preflight,0,0,preflight,0,0,preflight,0,0,preflight,0,0,preflight,0,0,0,0,0,0,0,0,0,0,0,,0,0,0,,0,0,0,,0,0,0
final_vaccine_052,vaccine,semi_structured,plain_insert,1,1,none,1,1,none,1,1,none,1,1,none,1,1,none,1,1,none,1,1,none,1,1,none,1,1,none,0,0,0,0,0,0,0,0,0,0,0,,0,0,0,,0,0,0,,0,0,0
final_vaccine_053,vaccine,semi_structured,insert_ignore,1,1,none,1,1,none,1,1,none,1,1,none,1,1,none,1,1,none,1,1,none,1,1,none,1,1,none,0,0,0,0,0,0,0,0,0,0,0,,0,0,0,,0,0,0,,0,0,0
final_vaccine_054,vaccine,semi_structured,upsert_update,1,1,none,1,1,none,1,1,none,1,1,none,1,1,none,1,1,none,1,1,none,1,1,none,1,1,none,0,1,1,0,0,0,0,0,0,0,0,,0,0,0,,0,0,0,,0,0,0
final_vaccine_055,vaccine,semi_structured,plain_insert,1,1,none,1,1,none,1,1,none,1,1,none,1,1,none,1,1,none,1,1,none,1,1,none,1,1,none,1,1,0,0,0,0,0,0,0,0,0,,0,0,0,,0,0,0,,0,0,0
final_vaccine_056,vaccine,semi_structured,insert_ignore,0,0,reference_resolution,0,0,reference_resolution,0,0,reference_resolution,0,0,reference_resolution,0,0,reference_resolution,0,0,reference_resolution,0,0,reference_resolution,0,0,reference_resolution,0,0,reference_resolution,0,0,0,0,0,1,0,0,1,1,1,ambiguous_closed_set|unique_exact_identifier_name,0,0,0,,0,0,0,,1,1,1
final_vaccine_057,vaccine,semi_structured,upsert_update,0,0,reference_resolution,0,0,reference_resolution,0,0,reference_resolution,0,0,reference_resolution,0,0,reference_resolution,0,0,reference_resolution,0,0,reference_resolution,0,0,reference_resolution,0,0,reference_resolution,0,0,0,0,0,0,0,0,0,0,0,,0,0,0,,0,0,0,,0,0,0
final_vaccine_058,vaccine,semi_structured,plain_insert,1,1,none,1,1,none,1,1,none,1,1,none,1,1,none,1,1,none,1,1,none,1,1,none,1,1,none,0,0,0,0,0,0,0,0,0,0,0,,0,0,0,,0,0,0,,0,0,0
final_vaccine_059,vaccine,semi_structured,insert_ignore,1,1,none,1,1,none,1,1,none,1,1,none,1,1,none,1,1,none,1,1,none,1,1,none,1,1,none,0,0,0,0,0,0,0,0,0,0,0,,0,0,0,,0,0,0,,0,0,0
final_vaccine_060,vaccine,semi_structured,upsert_update,0,0,state_mismatch,0,0,state_mismatch,0,0,state_mismatch,0,0,state_mismatch,0,0,state_mismatch,0,0,state_mismatch,0,0,state_mismatch,0,0,state_mismatch,0,0,state_mismatch,0,1,1,0,0,0,0,0,0,0,0,,0,0,0,,0,0,0,,0,0,0
final_virtual_001,virtual,free_text,plain_insert,1,1,none,1,1,none,1,1,none,1,1,none,1,1,none,1,1,none,1,1,none,1,1,none,1,1,none,0,1,0,0,1,0,0,0,0,0,0,,0,0,0,,0,0,0,,0,0,0
final_virtual_002,virtual,free_text,insert_ignore,0,0,verification,0,0,verification,0,0,verification,0,0,verification,0,0,verification,0,0,verification,0,0,verification,0,0,verification,0,0,verification,0,1,0,0,0,0,0,0,0,0,0,,0,0,0,,0,0,0,,0,0,0
final_virtual_003,virtual,free_text,upsert_update,0,0,evidence_materialization,0,0,evidence_materialization,0,0,evidence_materialization,0,0,evidence_materialization,0,0,evidence_materialization,0,0,evidence_materialization,0,0,evidence_materialization,0,0,evidence_materialization,0,0,evidence_materialization,0,0,0,0,0,0,0,0,0,0,0,,0,0,0,,0,0,0,,0,0,0
final_virtual_004,virtual,semi_structured,plain_insert,0,0,reference_resolution,0,0,reference_resolution,0,0,reference_resolution,0,0,reference_resolution,0,0,reference_resolution,0,0,reference_resolution,0,0,verification,0,0,verification,0,0,verification,0,0,0,0,0,1,0,0,1,1,1,unique_exact_identifier_name,0,0,0,,0,0,0,,1,1,1
final_virtual_005,virtual,semi_structured,insert_ignore,0,0,reference_resolution,0,0,reference_resolution,0,0,reference_resolution,0,0,reference_resolution,0,0,reference_resolution,0,0,reference_resolution,0,0,verification,0,0,verification,0,0,verification,0,0,0,0,0,1,0,0,1,1,1,unique_exact_identifier_name,0,0,0,,0,0,0,,1,1,1
final_virtual_006,virtual,semi_structured,upsert_update,1,1,none,1,1,none,1,1,none,1,1,none,1,1,none,1,1,none,1,1,none,1,1,none,1,1,none,0,0,1,0,0,0,0,0,0,0,0,,0,0,0,,0,0,0,,0,0,0
final_virtual_007,virtual,semi_structured,plain_insert,1,1,none,1,1,none,1,1,none,1,1,none,1,1,none,1,1,none,1,1,none,1,1,none,1,1,none,0,0,0,0,0,0,0,0,0,0,0,,0,0,0,,0,0,0,,0,0,0
final_virtual_008,virtual,semi_structured,insert_ignore,1,1,none,1,1,none,1,1,none,1,1,none,1,1,none,1,1,none,1,1,none,1,1,none,1,1,none,0,0,0,0,0,0,0,0,0,0,0,,0,0,0,,0,0,0,,0,0,0
final_virtual_009,virtual,semi_structured,upsert_update,1,1,none,1,1,none,1,1,none,1,1,none,1,1,none,1,1,none,1,1,none,1,1,none,1,1,none,0,1,1,0,0,0,0,0,0,0,0,,0,0,0,,0,0,0,,0,0,0
final_virtual_010,virtual,semi_structured,plain_insert,0,0,state_mismatch,0,0,state_mismatch,0,0,state_mismatch,0,0,state_mismatch,1,1,none,1,1,none,1,1,none,1,1,none,1,1,none,0,1,0,1,0,0,0,0,0,0,0,,0,0,0,,0,0,0,,0,0,0
final_virtual_011,virtual,semi_structured,insert_ignore,0,0,verification,0,0,verification,0,0,verification,0,0,verification,0,0,verification,0,0,verification,0,0,verification,0,0,verification,0,0,verification,1,0,0,0,0,0,0,0,0,0,0,,0,0,0,,0,0,0,,0,0,0
final_virtual_012,virtual,semi_structured,upsert_update,0,0,verification,0,0,verification,0,0,verification,0,0,verification,1,1,none,1,1,none,1,1,none,1,1,none,1,1,none,1,0,0,1,0,0,0,0,0,0,0,,0,0,0,,0,0,0,,0,0,0
final_virtual_013,virtual,semi_structured,plain_insert,1,1,none,1,1,none,1,1,none,1,1,none,1,1,none,1,1,none,1,1,none,1,1,none,1,1,none,0,0,0,0,0,0,0,0,0,0,0,,0,0,0,,0,0,0,,0,0,0
final_virtual_014,virtual,semi_structured,insert_ignore,1,1,none,1,1,none,1,1,none,1,1,none,1,1,none,1,1,none,1,1,none,1,1,none,1,1,none,0,0,0,0,0,0,0,0,0,0,0,,0,0,0,,0,0,0,,0,0,0
final_virtual_015,virtual,semi_structured,upsert_update,0,0,verification,0,0,verification,0,0,verification,0,0,verification,0,0,verification,0,0,verification,0,0,verification,0,0,verification,0,0,verification,1,1,0,0,0,0,0,0,0,0,0,,0,0,0,,0,0,0,,0,0,0
final_virtual_016,virtual,free_text,plain_insert,0,0,preflight,0,0,preflight,0,0,preflight,0,0,preflight,0,0,preflight,0,0,preflight,0,0,preflight,0,0,preflight,0,0,preflight,0,0,0,0,0,0,0,0,0,0,0,,0,0,0,,0,0,0,,0,0,0
final_virtual_017,virtual,free_text,insert_ignore,0,0,parse,0,0,parse,0,0,parse,0,0,parse,0,0,parse,0,0,parse,0,0,parse,0,0,parse,0,0,parse,0,0,0,0,0,0,0,0,0,0,0,,0,0,0,,0,0,0,,0,0,0
final_virtual_018,virtual,free_text,upsert_update,1,1,none,1,1,none,1,1,none,0,0,semantic_preservation,0,0,semantic_preservation,0,0,semantic_preservation,0,0,semantic_preservation,0,0,semantic_preservation,0,0,semantic_preservation,0,1,1,0,0,0,0,0,0,0,0,,0,0,0,,0,0,0,,0,0,0
final_virtual_019,virtual,semi_structured,plain_insert,0,0,reference_resolution,0,0,reference_resolution,0,0,reference_resolution,0,0,reference_resolution,0,0,reference_resolution,0,0,reference_resolution,0,0,verification,0,0,verification,0,0,verification,0,0,0,0,0,1,0,0,1,1,1,unique_exact_identifier_name,0,0,0,,0,0,0,,1,1,1
final_virtual_020,virtual,semi_structured,insert_ignore,1,1,none,1,1,none,1,1,none,1,1,none,1,1,none,1,1,none,1,1,none,1,1,none,1,1,none,0,0,0,0,0,0,0,0,0,0,0,,0,0,0,,0,0,0,,0,0,0
final_virtual_021,virtual,semi_structured,upsert_update,0,0,reference_resolution,0,0,reference_resolution,0,0,reference_resolution,0,0,reference_resolution,0,0,reference_resolution,0,0,reference_resolution,0,0,verification,0,0,verification,0,0,verification,0,0,0,0,0,1,0,0,1,1,1,unique_exact_identifier_name,0,0,0,,0,0,0,,1,1,1
final_virtual_022,virtual,semi_structured,plain_insert,1,1,none,1,1,none,1,1,none,1,1,none,1,1,none,1,1,none,1,1,none,1,1,none,1,1,none,0,0,0,0,0,0,0,0,0,0,0,,0,0,0,,0,0,0,,0,0,0
final_virtual_023,virtual,semi_structured,insert_ignore,1,1,none,1,1,none,1,1,none,1,1,none,1,1,none,1,1,none,1,1,none,1,1,none,1,1,none,0,0,0,0,0,0,0,0,0,0,0,,0,0,0,,0,0,0,,0,0,0
final_virtual_024,virtual,semi_structured,upsert_update,1,1,none,1,1,none,1,1,none,1,1,none,1,1,none,1,1,none,1,1,none,1,1,none,1,1,none,0,0,1,0,0,0,0,0,0,0,0,,0,0,0,,0,0,0,,0,0,0
final_virtual_025,virtual,semi_structured,plain_insert,0,0,state_mismatch,0,0,state_mismatch,0,0,state_mismatch,0,0,state_mismatch,1,1,none,1,1,none,1,1,none,1,1,none,1,1,none,1,1,0,1,0,0,0,0,0,0,0,,0,0,0,,0,0,0,,0,0,0
final_virtual_026,virtual,semi_structured,insert_ignore,0,0,verification,0,0,verification,0,0,verification,0,0,verification,0,0,verification,0,0,verification,0,0,verification,0,0,verification,0,0,verification,1,1,0,1,0,0,0,0,0,0,0,,0,0,0,,0,0,0,,0,0,0
final_virtual_027,virtual,semi_structured,upsert_update,0,0,reference_resolution,0,0,reference_resolution,0,0,reference_resolution,0,0,reference_resolution,0,0,reference_resolution,0,0,reference_resolution,0,0,verification,0,0,verification,0,0,verification,0,1,1,0,0,1,0,0,1,1,1,unique_exact_identifier_name,0,0,0,,0,0,0,,1,1,1
final_virtual_028,virtual,semi_structured,plain_insert,1,1,none,1,1,none,1,1,none,1,1,none,1,1,none,1,1,none,1,1,none,1,1,none,1,1,none,0,0,0,0,0,0,0,0,0,0,0,,0,0,0,,0,0,0,,0,0,0
final_virtual_029,virtual,semi_structured,insert_ignore,1,1,none,1,1,none,1,1,none,1,1,none,1,1,none,1,1,none,1,1,none,1,1,none,1,1,none,0,0,0,0,0,0,0,0,0,0,0,,0,0,0,,0,0,0,,0,0,0
final_virtual_030,virtual,semi_structured,upsert_update,0,0,state_mismatch,0,0,state_mismatch,0,0,state_mismatch,0,0,state_mismatch,0,0,state_mismatch,0,0,state_mismatch,0,0,state_mismatch,0,0,state_mismatch,0,0,state_mismatch,0,0,1,0,0,0,0,0,0,0,0,,0,0,0,,0,0,0,,0,0,0
final_virtual_031,virtual,free_text,plain_insert,0,0,parse,0,0,parse,0,0,parse,0,0,parse,0,0,parse,0,0,parse,0,0,parse,0,0,parse,0,0,parse,0,0,0,0,0,0,0,0,0,0,0,,0,0,0,,0,0,0,,0,0,0
final_virtual_032,virtual,free_text,insert_ignore,1,1,none,1,1,none,1,1,none,1,1,none,1,1,none,1,1,none,1,1,none,1,1,none,1,1,none,0,1,0,0,1,0,0,0,0,0,0,,0,0,0,,0,0,0,,0,0,0
final_virtual_033,virtual,free_text,upsert_update,0,0,parse,0,0,parse,0,0,parse,0,0,parse,0,0,parse,0,0,parse,0,0,parse,0,0,parse,0,0,parse,0,0,0,0,0,0,0,0,0,0,0,,0,0,0,,0,0,0,,0,0,0
final_virtual_034,virtual,semi_structured,plain_insert,1,1,none,1,1,none,1,1,none,1,1,none,1,1,none,1,1,none,1,1,none,1,1,none,1,1,none,1,1,0,0,0,0,0,0,0,0,0,,0,0,0,,0,0,0,,0,0,0
final_virtual_035,virtual,semi_structured,insert_ignore,0,0,reference_resolution,0,0,reference_resolution,0,0,reference_resolution,0,0,reference_resolution,0,0,reference_resolution,0,0,reference_resolution,0,0,reference_resolution,0,0,reference_resolution,0,0,reference_resolution,0,0,0,0,0,1,0,0,1,1,1,unique_exact_identifier_name,0,0,0,,0,0,0,,1,1,1
final_virtual_036,virtual,semi_structured,upsert_update,0,0,verification,0,0,verification,0,0,verification,0,0,verification,0,0,verification,0,0,verification,0,0,verification,0,0,verification,0,0,verification,1,0,0,0,0,0,0,0,0,0,0,,0,0,0,,0,0,0,,0,0,0
final_virtual_037,virtual,semi_structured,plain_insert,1,1,none,1,1,none,1,1,none,1,1,none,1,1,none,1,1,none,1,1,none,1,1,none,1,1,none,0,0,0,0,0,0,0,0,0,0,0,,0,0,0,,0,0,0,,0,0,0
final_virtual_038,virtual,semi_structured,insert_ignore,1,1,none,1,1,none,1,1,none,1,1,none,1,1,none,1,1,none,1,1,none,1,1,none,1,1,none,0,0,0,0,0,0,0,0,0,0,0,,0,0,0,,0,0,0,,0,0,0
final_virtual_039,virtual,semi_structured,upsert_update,1,1,none,1,1,none,1,1,none,1,1,none,1,1,none,1,1,none,1,1,none,1,1,none,1,1,none,0,0,1,0,0,0,0,0,0,0,0,,0,0,0,,0,0,0,,0,0,0
final_virtual_040,virtual,semi_structured,plain_insert,0,0,state_mismatch,0,0,state_mismatch,0,0,state_mismatch,0,0,state_mismatch,1,1,none,1,1,none,1,1,none,1,1,none,1,1,none,1,1,0,1,0,0,0,0,0,0,0,,0,0,0,,0,0,0,,0,0,0
final_virtual_041,virtual,semi_structured,insert_ignore,0,0,reference_resolution,0,0,reference_resolution,0,0,verification,0,0,verification,0,0,verification,0,0,verification,0,0,verification,0,0,verification,0,0,verification,0,1,0,0,0,0,0,0,0,0,0,,0,0,0,,0,0,0,,0,0,0
final_virtual_042,virtual,semi_structured,upsert_update,0,0,reference_resolution,0,0,reference_resolution,0,0,reference_resolution,0,0,reference_resolution,0,0,reference_resolution,0,0,reference_resolution,0,0,verification,0,0,verification,0,0,verification,0,1,1,0,0,1,0,0,1,1,1,unique_exact_identifier_name,0,0,0,,0,0,0,,1,1,1
final_virtual_043,virtual,semi_structured,plain_insert,1,1,none,1,1,none,1,1,none,1,1,none,1,1,none,1,1,none,1,1,none,1,1,none,1,1,none,0,0,0,0,0,0,0,0,0,0,0,,0,0,0,,0,0,0,,0,0,0
final_virtual_044,virtual,semi_structured,insert_ignore,1,1,none,1,1,none,1,1,none,1,1,none,1,1,none,1,1,none,1,1,none,1,1,none,1,1,none,0,0,0,0,0,0,0,0,0,0,0,,0,0,0,,0,0,0,,0,0,0
final_virtual_045,virtual,semi_structured,upsert_update,1,1,none,1,1,none,1,1,none,1,1,none,1,1,none,1,1,none,1,1,none,1,1,none,1,1,none,0,1,1,0,0,0,0,0,0,0,0,,0,0,0,,0,0,0,,0,0,0
final_virtual_046,virtual,free_text,plain_insert,0,0,state_mismatch,0,0,state_mismatch,0,0,state_mismatch,0,0,state_mismatch,0,0,state_mismatch,0,0,state_mismatch,0,0,state_mismatch,0,0,state_mismatch,0,0,state_mismatch,0,1,0,0,0,0,0,0,0,0,0,,0,0,0,,0,0,0,,0,0,0
final_virtual_047,virtual,free_text,insert_ignore,0,0,state_mismatch,0,0,state_mismatch,0,0,state_mismatch,0,0,state_mismatch,0,0,state_mismatch,0,0,state_mismatch,0,0,state_mismatch,0,0,state_mismatch,0,0,state_mismatch,0,1,0,0,1,0,0,0,0,0,0,,0,0,0,,0,0,0,,0,0,0
final_virtual_048,virtual,free_text,upsert_update,0,0,verification,0,0,verification,0,0,verification,0,0,semantic_preservation,0,0,semantic_preservation,0,0,semantic_preservation,0,0,semantic_preservation,0,0,semantic_preservation,0,0,semantic_preservation,0,1,1,0,0,0,0,0,0,0,0,,0,0,0,,0,0,0,,0,0,0
final_virtual_049,virtual,semi_structured,plain_insert,0,0,reference_resolution,0,0,reference_resolution,0,0,reference_resolution,0,0,reference_resolution,0,0,reference_resolution,0,0,reference_resolution,0,0,verification,0,0,verification,0,0,verification,0,0,0,0,0,1,0,0,1,1,1,unique_exact_identifier_name,0,0,0,,0,0,0,,1,1,1
final_virtual_050,virtual,semi_structured,insert_ignore,0,0,reference_resolution,0,0,reference_resolution,0,0,reference_resolution,0,0,reference_resolution,0,0,reference_resolution,0,0,reference_resolution,0,0,verification,0,0,verification,0,0,verification,0,0,0,0,0,1,0,0,1,1,1,unique_exact_identifier_name,0,0,0,,0,0,0,,1,1,1
final_virtual_051,virtual,semi_structured,upsert_update,1,1,none,1,1,none,1,1,none,1,1,none,1,1,none,1,1,none,1,1,none,1,1,none,1,1,none,0,0,1,0,0,0,0,0,0,0,0,,0,0,0,,0,0,0,,0,0,0
final_virtual_052,virtual,semi_structured,plain_insert,1,1,none,1,1,none,1,1,none,1,1,none,1,1,none,1,1,none,1,1,none,1,1,none,1,1,none,0,0,0,0,0,0,0,0,0,0,0,,0,0,0,,0,0,0,,0,0,0
final_virtual_053,virtual,semi_structured,insert_ignore,1,1,none,1,1,none,1,1,none,1,1,none,1,1,none,1,1,none,1,1,none,1,1,none,1,1,none,0,0,0,0,0,0,0,0,0,0,0,,0,0,0,,0,0,0,,0,0,0
final_virtual_054,virtual,semi_structured,upsert_update,1,1,none,1,1,none,1,1,none,1,1,none,1,1,none,1,1,none,1,1,none,1,1,none,1,1,none,0,1,1,0,0,0,0,0,0,0,0,,0,0,0,,0,0,0,,0,0,0
final_virtual_055,virtual,semi_structured,plain_insert,0,0,reference_resolution,0,0,reference_resolution,0,0,verification,0,0,verification,0,0,verification,0,0,verification,0,0,verification,0,0,verification,0,0,verification,0,1,0,0,0,0,0,0,0,0,0,,0,0,0,,0,0,0,,0,0,0
final_virtual_056,virtual,semi_structured,insert_ignore,0,0,reference_resolution,0,0,reference_resolution,0,0,verification,0,0,verification,0,0,verification,0,0,verification,0,0,verification,0,0,verification,0,0,verification,0,1,0,0,0,0,0,0,0,0,0,,0,0,0,,0,0,0,,0,0,0
final_virtual_057,virtual,semi_structured,upsert_update,0,0,reference_resolution,0,0,reference_resolution,0,0,reference_resolution,0,0,verification,0,0,verification,0,0,verification,0,0,verification,0,0,verification,0,0,verification,0,1,1,0,0,0,0,0,0,0,0,,0,0,0,,0,0,0,,0,0,0
final_virtual_058,virtual,semi_structured,plain_insert,1,1,none,1,1,none,1,1,none,1,1,none,1,1,none,1,1,none,1,1,none,1,1,none,1,1,none,0,0,0,0,0,0,0,0,0,0,0,,0,0,0,,0,0,0,,0,0,0
final_virtual_059,virtual,semi_structured,insert_ignore,1,1,none,1,1,none,1,1,none,1,1,none,1,1,none,1,1,none,1,1,none,1,1,none,1,1,none,0,0,0,0,0,0,0,0,0,0,0,,0,0,0,,0,0,0,,0,0,0
final_virtual_060,virtual,semi_structured,upsert_update,1,1,none,1,1,none,1,1,none,1,1,none,1,1,none,1,1,none,1,1,none,1,1,none,1,1,none,0,1,1,0,0,0,0,0,0,0,0,,0,0,0,,0,0,0,,0,0,0
