sample_id,db_id,input_format,nearest_sample_id,nearest_db_id,nearest_input_format,relation,char_ngram_tfidf_similarity,similarity_bin
final_archeology_001,archeology,free_text,final_archeology_043,archeology,csv_or_mixed,same_db_different_format,0.2005430939452004,low
final_archeology_002,archeology,free_text,final_archeology_016,archeology,free_text,same_db_same_format,0.28786882509014833,low
final_archeology_003,archeology,free_text,final_archeology_033,archeology,free_text,same_db_same_format,0.4056724178932069,low
final_archeology_004,archeology,json,final_archeology_019,archeology,json,same_db_same_format,0.4820671241376864,low
final_archeology_005,archeology,json,final_archeology_049,archeology,json,same_db_same_format,0.44610406116238943,low
final_archeology_006,archeology,json,final_archeology_036,archeology,json,same_db_same_format,0.4453580468022423,low
final_archeology_007,archeology,markdown,final_archeology_038,archeology,markdown,same_db_same_format,0.6031821997890155,medium
final_archeology_008,archeology,markdown,final_archeology_029,archeology,csv_or_mixed,same_db_different_format,0.26415306245376674,low
final_archeology_009,archeology,markdown,final_archeology_007,archeology,markdown,same_db_same_format,0.4801289576563553,low
final_archeology_010,archeology,key_value,final_archeology_055,archeology,key_value,same_db_same_format,0.31969308374995953,low
final_archeology_011,archeology,key_value,final_archeology_042,archeology,key_value,same_db_same_format,0.41446372120883523,low
final_archeology_012,archeology,key_value,final_archeology_027,archeology,key_value,same_db_same_format,0.29067565019934327,low
final_archeology_013,archeology,csv_or_mixed,final_archeology_028,archeology,csv_or_mixed,same_db_same_format,0.48257530188773445,low
final_archeology_014,archeology,csv_or_mixed,final_archeology_059,archeology,csv_or_mixed,same_db_same_format,0.23302399457849485,low
final_archeology_015,archeology,csv_or_mixed,final_archeology_027,archeology,key_value,same_db_different_format,0.2986915078989955,low
final_archeology_016,archeology,free_text,final_archeology_002,archeology,free_text,same_db_same_format,0.28786882509014833,low
final_archeology_017,archeology,free_text,final_archeology_016,archeology,free_text,same_db_same_format,0.26283969280557296,low
final_archeology_018,archeology,free_text,final_archeology_003,archeology,free_text,same_db_same_format,0.2508547845125527,low
final_archeology_019,archeology,json,final_archeology_004,archeology,json,same_db_same_format,0.4820671241376864,low
final_archeology_020,archeology,json,final_vaccine_020,vaccine,json,different_db,0.3540207417842261,low
final_archeology_021,archeology,json,final_archeology_036,archeology,json,same_db_same_format,0.6037225592718567,medium
final_archeology_022,archeology,markdown,final_archeology_052,archeology,markdown,same_db_same_format,0.36205023806100384,low
final_archeology_023,archeology,markdown,final_archeology_039,archeology,markdown,same_db_same_format,0.25417491921142,low
final_archeology_024,archeology,markdown,final_archeology_009,archeology,markdown,same_db_same_format,0.4658530498561098,low
final_archeology_025,archeology,key_value,final_archeology_046,archeology,free_text,same_db_different_format,0.1630910808567065,low
final_archeology_026,archeology,key_value,final_archeology_011,archeology,key_value,same_db_same_format,0.22057769085157,low
final_archeology_027,archeology,key_value,final_archeology_015,archeology,csv_or_mixed,same_db_different_format,0.2986915078989955,low
final_archeology_028,archeology,csv_or_mixed,final_archeology_013,archeology,csv_or_mixed,same_db_same_format,0.48257530188773445,low
final_archeology_029,archeology,csv_or_mixed,final_archeology_008,archeology,markdown,same_db_different_format,0.26415306245376674,low
final_archeology_030,archeology,csv_or_mixed,final_archeology_042,archeology,key_value,same_db_different_format,0.311674659077824,low
final_archeology_031,archeology,free_text,final_archeology_016,archeology,free_text,same_db_same_format,0.2693241268458398,low
final_archeology_032,archeology,free_text,final_robot_032,robot,free_text,different_db,0.17438599458899312,low
final_archeology_033,archeology,free_text,final_archeology_003,archeology,free_text,same_db_same_format,0.4056724178932069,low
final_archeology_034,archeology,json,final_archeology_005,archeology,json,same_db_same_format,0.44364726929596376,low
final_archeology_035,archeology,json,final_archeology_021,archeology,json,same_db_same_format,0.49755355001683677,low
final_archeology_036,archeology,json,final_archeology_021,archeology,json,same_db_same_format,0.6037225592718567,medium
final_archeology_037,archeology,markdown,final_archeology_040,archeology,key_value,same_db_different_format,0.20078703571821158,low
final_archeology_038,archeology,markdown,final_archeology_007,archeology,markdown,same_db_same_format,0.6031821997890155,medium
final_archeology_039,archeology,markdown,final_archeology_023,archeology,markdown,same_db_same_format,0.25417491921142,low
final_archeology_040,archeology,key_value,final_archeology_037,archeology,markdown,same_db_different_format,0.20078703571821158,low
final_archeology_041,archeology,key_value,final_archeology_056,archeology,key_value,same_db_same_format,0.36339962358441014,low
final_archeology_042,archeology,key_value,final_archeology_011,archeology,key_value,same_db_same_format,0.41446372120883523,low
final_archeology_043,archeology,csv_or_mixed,final_archeology_013,archeology,csv_or_mixed,same_db_same_format,0.40348620331743923,low
final_archeology_044,archeology,csv_or_mixed,final_archeology_058,archeology,csv_or_mixed,same_db_same_format,0.3565767112185414,low
final_archeology_045,archeology,csv_or_mixed,final_archeology_060,archeology,csv_or_mixed,same_db_same_format,0.4118262731846254,low
final_archeology_046,archeology,free_text,final_archeology_025,archeology,key_value,same_db_different_format,0.1630910808567065,low
final_archeology_047,archeology,free_text,final_archeology_002,archeology,free_text,same_db_same_format,0.24859489932911066,low
final_archeology_048,archeology,free_text,final_archeology_003,archeology,free_text,same_db_same_format,0.40125895475417306,low
final_archeology_049,archeology,json,final_archeology_050,archeology,json,same_db_same_format,0.497512302273154,low
final_archeology_050,archeology,json,final_archeology_036,archeology,json,same_db_same_format,0.5608262752854484,medium
final_archeology_051,archeology,json,final_archeology_036,archeology,json,same_db_same_format,0.3866033345277317,low
final_archeology_052,archeology,markdown,final_archeology_022,archeology,markdown,same_db_same_format,0.36205023806100384,low
final_archeology_053,archeology,markdown,final_archeology_041,archeology,key_value,same_db_different_format,0.21970905398648527,low
final_archeology_054,archeology,markdown,final_archeology_008,archeology,markdown,same_db_same_format,0.2198687040252156,low
final_archeology_055,archeology,key_value,final_archeology_011,archeology,key_value,same_db_same_format,0.36051767708253624,low
final_archeology_056,archeology,key_value,final_archeology_042,archeology,key_value,same_db_same_format,0.37141172662178057,low
final_archeology_057,archeology,key_value,final_archeology_060,archeology,csv_or_mixed,same_db_different_format,0.3010511714439111,low
final_archeology_058,archeology,csv_or_mixed,final_archeology_044,archeology,csv_or_mixed,same_db_same_format,0.3565767112185414,low
final_archeology_059,archeology,csv_or_mixed,final_archeology_014,archeology,csv_or_mixed,same_db_same_format,0.23302399457849485,low
final_archeology_060,archeology,csv_or_mixed,final_archeology_045,archeology,csv_or_mixed,same_db_same_format,0.4118262731846254,low
final_polar_001,polar,free_text,final_polar_043,polar,csv_or_mixed,same_db_different_format,0.27499188127506025,low
final_polar_002,polar,free_text,final_polar_047,polar,free_text,same_db_same_format,0.27540233142510945,low
final_polar_003,polar,free_text,final_polar_033,polar,free_text,same_db_same_format,0.5055860345587577,medium
final_polar_004,polar,json,final_polar_006,polar,json,same_db_same_format,0.3896959832835,low
final_polar_005,polar,json,final_polar_050,polar,json,same_db_same_format,0.5631478603434544,medium
final_polar_006,polar,json,final_polar_011,polar,key_value,same_db_different_format,0.4077210179752219,low
final_polar_007,polar,markdown,final_polar_037,polar,markdown,same_db_same_format,0.4056928968958936,low
final_polar_008,polar,markdown,final_polar_023,polar,markdown,same_db_same_format,0.4345447810501391,low
final_polar_009,polar,markdown,final_archeology_009,archeology,markdown,different_db,0.21341370116452557,low
final_polar_010,polar,key_value,final_polar_040,polar,key_value,same_db_same_format,0.5093132168967014,medium
final_polar_011,polar,key_value,final_polar_006,polar,json,same_db_different_format,0.4077210179752219,low
final_polar_012,polar,key_value,final_polar_045,polar,csv_or_mixed,same_db_different_format,0.2362857903313758,low
final_polar_013,polar,csv_or_mixed,final_polar_052,polar,markdown,same_db_different_format,0.20504668207254548,low
final_polar_014,polar,csv_or_mixed,final_polar_058,polar,csv_or_mixed,same_db_same_format,0.3339011306495664,low
final_polar_015,polar,csv_or_mixed,final_polar_034,polar,json,same_db_different_format,0.2950768594884622,low
final_polar_016,polar,free_text,final_polar_002,polar,free_text,same_db_same_format,0.22203753436964707,low
final_polar_017,polar,free_text,final_polar_002,polar,free_text,same_db_same_format,0.19316740311236252,low
final_polar_018,polar,free_text,final_polar_025,polar,key_value,same_db_different_format,0.3761569015656013,low
final_polar_019,polar,json,final_polar_031,polar,free_text,same_db_different_format,0.42137170847412553,low
final_polar_020,polar,json,final_polar_005,polar,json,same_db_same_format,0.4239506902700714,low
final_polar_021,polar,json,final_polar_050,polar,json,same_db_same_format,0.458264454456541,low
final_polar_022,polar,markdown,final_polar_037,polar,markdown,same_db_same_format,0.5217141259679519,medium
final_polar_023,polar,markdown,final_polar_008,polar,markdown,same_db_same_format,0.4345447810501391,low
final_polar_024,polar,markdown,final_polar_007,polar,markdown,same_db_same_format,0.21053311451898932,low
final_polar_025,polar,key_value,final_polar_055,polar,key_value,same_db_same_format,0.6127033624306466,medium
final_polar_026,polar,key_value,final_polar_056,polar,key_value,same_db_same_format,0.5831522536944014,medium
final_polar_027,polar,key_value,final_polar_060,polar,csv_or_mixed,same_db_different_format,0.41499904299830365,low
final_polar_028,polar,csv_or_mixed,final_polar_011,polar,key_value,same_db_different_format,0.24504459145888022,low
final_polar_029,polar,csv_or_mixed,final_polar_003,polar,free_text,same_db_different_format,0.2732957976232457,low
final_polar_030,polar,csv_or_mixed,final_polar_014,polar,csv_or_mixed,same_db_same_format,0.29246215359376204,low
final_polar_031,polar,free_text,final_polar_019,polar,json,same_db_different_format,0.42137170847412553,low
final_polar_032,polar,free_text,final_polar_011,polar,key_value,same_db_different_format,0.3443185941757916,low
final_polar_033,polar,free_text,final_polar_003,polar,free_text,same_db_same_format,0.5055860345587577,medium
final_polar_034,polar,json,final_polar_015,polar,csv_or_mixed,same_db_different_format,0.2950768594884622,low
final_polar_035,polar,json,final_polar_005,polar,json,same_db_same_format,0.4977125011192517,low
final_polar_036,polar,json,final_polar_005,polar,json,same_db_same_format,0.41871348419273235,low
final_polar_037,polar,markdown,final_polar_022,polar,markdown,same_db_same_format,0.5217141259679519,medium
final_polar_038,polar,markdown,final_polar_025,polar,key_value,same_db_different_format,0.3141144665283771,low
final_polar_039,polar,markdown,final_polar_048,polar,free_text,same_db_different_format,0.20197962159969413,low
final_polar_040,polar,key_value,final_polar_010,polar,key_value,same_db_same_format,0.5093132168967014,medium
final_polar_041,polar,key_value,final_polar_006,polar,json,same_db_different_format,0.36447354917266084,low
final_polar_042,polar,key_value,final_polar_009,polar,markdown,same_db_different_format,0.1776637847482012,low
final_polar_043,polar,csv_or_mixed,final_polar_001,polar,free_text,same_db_different_format,0.27499188127506025,low
final_polar_044,polar,csv_or_mixed,final_polar_023,polar,markdown,same_db_different_format,0.2961100835843499,low
final_polar_045,polar,csv_or_mixed,final_polar_012,polar,key_value,same_db_different_format,0.2362857903313758,low
final_polar_046,polar,free_text,final_polar_022,polar,markdown,same_db_different_format,0.3830212146148388,low
final_polar_047,polar,free_text,final_polar_002,polar,free_text,same_db_same_format,0.27540233142510945,low
final_polar_048,polar,free_text,final_polar_031,polar,free_text,same_db_same_format,0.349815243294557,low
final_polar_049,polar,json,final_polar_021,polar,json,same_db_same_format,0.4523850535681155,low
final_polar_050,polar,json,final_polar_005,polar,json,same_db_same_format,0.5631478603434544,medium
final_polar_051,polar,json,final_polar_006,polar,json,same_db_same_format,0.14181789034258777,low
final_polar_052,polar,markdown,final_polar_054,polar,markdown,same_db_same_format,0.24588896761060652,low
final_polar_053,polar,markdown,final_polar_015,polar,csv_or_mixed,same_db_different_format,0.2828451232962549,low
final_polar_054,polar,markdown,final_polar_006,polar,json,same_db_different_format,0.2761316344524897,low
final_polar_055,polar,key_value,final_polar_025,polar,key_value,same_db_same_format,0.6127033624306466,medium
final_polar_056,polar,key_value,final_polar_026,polar,key_value,same_db_same_format,0.5831522536944014,medium
final_polar_057,polar,key_value,final_polar_040,polar,key_value,same_db_same_format,0.4704923998992883,low
final_polar_058,polar,csv_or_mixed,final_polar_014,polar,csv_or_mixed,same_db_same_format,0.3339011306495664,low
final_polar_059,polar,csv_or_mixed,final_polar_046,polar,free_text,same_db_different_format,0.20839026342364095,low
final_polar_060,polar,csv_or_mixed,final_polar_027,polar,key_value,same_db_different_format,0.41499904299830365,low
final_robot_001,robot,free_text,final_robot_007,robot,markdown,same_db_different_format,0.3563957267815738,low
final_robot_002,robot,free_text,final_robot_047,robot,free_text,same_db_same_format,0.3574753915665854,low
final_robot_003,robot,free_text,final_robot_033,robot,free_text,same_db_same_format,0.43263170492134406,low
final_robot_004,robot,json,final_robot_049,robot,json,same_db_same_format,0.5415076469132384,medium
final_robot_005,robot,json,final_robot_035,robot,json,same_db_same_format,0.47788730905114735,low
final_robot_006,robot,json,final_robot_051,robot,json,same_db_same_format,0.5629362421140519,medium
final_robot_007,robot,markdown,final_robot_001,robot,free_text,same_db_different_format,0.3563957267815738,low
final_robot_008,robot,markdown,final_robot_053,robot,markdown,same_db_same_format,0.3771573506240429,low
final_robot_009,robot,markdown,final_robot_024,robot,markdown,same_db_same_format,0.566949858044646,medium
final_robot_010,robot,key_value,final_robot_025,robot,key_value,same_db_same_format,0.4471765290248392,low
final_robot_011,robot,key_value,final_robot_025,robot,key_value,same_db_same_format,0.4905321805788912,low
final_robot_012,robot,key_value,final_robot_027,robot,key_value,same_db_same_format,0.45131392851283897,low
final_robot_013,robot,csv_or_mixed,final_robot_028,robot,csv_or_mixed,same_db_same_format,0.361503485071946,low
final_robot_014,robot,csv_or_mixed,final_robot_044,robot,csv_or_mixed,same_db_same_format,0.39074298394142887,low
final_robot_015,robot,csv_or_mixed,final_robot_030,robot,csv_or_mixed,same_db_same_format,0.5445409249305188,medium
final_robot_016,robot,free_text,final_robot_017,robot,free_text,same_db_same_format,0.35812975630678656,low
final_robot_017,robot,free_text,final_robot_016,robot,free_text,same_db_same_format,0.35812975630678656,low
final_robot_018,robot,free_text,final_robot_054,robot,markdown,same_db_different_format,0.32724961708775,low
final_robot_019,robot,json,final_robot_036,robot,json,same_db_same_format,0.44745012527685735,low
final_robot_020,robot,json,final_robot_021,robot,json,same_db_same_format,0.3030075074512949,low
final_robot_021,robot,json,final_robot_036,robot,json,same_db_same_format,0.5108252941566552,medium
final_robot_022,robot,markdown,final_robot_038,robot,markdown,same_db_same_format,0.3000052581702944,low
final_robot_023,robot,markdown,final_robot_037,robot,markdown,same_db_same_format,0.3439377892102396,low
final_robot_024,robot,markdown,final_robot_009,robot,markdown,same_db_same_format,0.566949858044646,medium
final_robot_025,robot,key_value,final_robot_011,robot,key_value,same_db_same_format,0.4905321805788912,low
final_robot_026,robot,key_value,final_robot_042,robot,key_value,same_db_same_format,0.20252369372294762,low
final_robot_027,robot,key_value,final_robot_012,robot,key_value,same_db_same_format,0.45131392851283897,low
final_robot_028,robot,csv_or_mixed,final_robot_058,robot,csv_or_mixed,same_db_same_format,0.38711095641571486,low
final_robot_029,robot,csv_or_mixed,final_robot_008,robot,markdown,same_db_different_format,0.3759970609510984,low
final_robot_030,robot,csv_or_mixed,final_robot_015,robot,csv_or_mixed,same_db_same_format,0.5445409249305188,medium
final_robot_031,robot,free_text,final_robot_016,robot,free_text,same_db_same_format,0.35729778698954745,low
final_robot_032,robot,free_text,final_robot_008,robot,markdown,same_db_different_format,0.19852927743272408,low
final_robot_033,robot,free_text,final_robot_003,robot,free_text,same_db_same_format,0.43263170492134406,low
final_robot_034,robot,json,final_robot_037,robot,markdown,same_db_different_format,0.2694392650566796,low
final_robot_035,robot,json,final_robot_005,robot,json,same_db_same_format,0.47788730905114735,low
final_robot_036,robot,json,final_robot_021,robot,json,same_db_same_format,0.5108252941566552,medium
final_robot_037,robot,markdown,final_robot_023,robot,markdown,same_db_same_format,0.3439377892102396,low
final_robot_038,robot,markdown,final_robot_052,robot,markdown,same_db_same_format,0.3688072915829867,low
final_robot_039,robot,markdown,final_robot_009,robot,markdown,same_db_same_format,0.5314521290578453,medium
final_robot_040,robot,key_value,final_robot_056,robot,key_value,same_db_same_format,0.41733262068874954,low
final_robot_041,robot,key_value,final_robot_029,robot,csv_or_mixed,same_db_different_format,0.28314040555,low
final_robot_042,robot,key_value,final_robot_026,robot,key_value,same_db_same_format,0.20252369372294762,low
final_robot_043,robot,csv_or_mixed,final_robot_044,robot,csv_or_mixed,same_db_same_format,0.293448174713791,low
final_robot_044,robot,csv_or_mixed,final_robot_059,robot,csv_or_mixed,same_db_same_format,0.41190901760822873,low
final_robot_045,robot,csv_or_mixed,final_robot_052,robot,markdown,same_db_different_format,0.2035606201032826,low
final_robot_046,robot,free_text,final_robot_001,robot,free_text,same_db_same_format,0.2220772154460235,low
final_robot_047,robot,free_text,final_robot_002,robot,free_text,same_db_same_format,0.3574753915665854,low
final_robot_048,robot,free_text,final_robot_033,robot,free_text,same_db_same_format,0.2987570137098024,low
final_robot_049,robot,json,final_robot_004,robot,json,same_db_same_format,0.5415076469132384,medium
final_robot_050,robot,json,final_robot_005,robot,json,same_db_same_format,0.459342543736625,low
final_robot_051,robot,json,final_robot_006,robot,json,same_db_same_format,0.5629362421140519,medium
final_robot_052,robot,markdown,final_robot_038,robot,markdown,same_db_same_format,0.3688072915829867,low
final_robot_053,robot,markdown,final_robot_008,robot,markdown,same_db_same_format,0.3771573506240429,low
final_robot_054,robot,markdown,final_robot_018,robot,free_text,same_db_different_format,0.32724961708775,low
final_robot_055,robot,key_value,final_robot_010,robot,key_value,same_db_same_format,0.43942130899851395,low
final_robot_056,robot,key_value,final_robot_040,robot,key_value,same_db_same_format,0.41733262068874954,low
final_robot_057,robot,key_value,final_robot_027,robot,key_value,same_db_same_format,0.3949898703238523,low
final_robot_058,robot,csv_or_mixed,final_robot_028,robot,csv_or_mixed,same_db_same_format,0.38711095641571486,low
final_robot_059,robot,csv_or_mixed,final_robot_044,robot,csv_or_mixed,same_db_same_format,0.41190901760822873,low
final_robot_060,robot,csv_or_mixed,final_robot_043,robot,csv_or_mixed,same_db_same_format,0.2890655382834695,low
final_vaccine_001,vaccine,free_text,final_vaccine_016,vaccine,free_text,same_db_same_format,0.2334720893763629,low
final_vaccine_002,vaccine,free_text,final_vaccine_016,vaccine,free_text,same_db_same_format,0.3935253469263802,low
final_vaccine_003,vaccine,free_text,final_vaccine_033,vaccine,free_text,same_db_same_format,0.37587243371134776,low
final_vaccine_004,vaccine,json,final_vaccine_049,vaccine,json,same_db_same_format,0.5121389573678282,medium
final_vaccine_005,vaccine,json,final_vaccine_019,vaccine,json,same_db_same_format,0.5803165804539424,medium
final_vaccine_006,vaccine,json,final_vaccine_035,vaccine,json,same_db_same_format,0.4212271816793053,low
final_vaccine_007,vaccine,markdown,final_vaccine_023,vaccine,markdown,same_db_same_format,0.44686424772783695,low
final_vaccine_008,vaccine,markdown,final_vaccine_023,vaccine,markdown,same_db_same_format,0.3450962678512173,low
final_vaccine_009,vaccine,markdown,final_vaccine_054,vaccine,markdown,same_db_same_format,0.552264235729546,medium
final_vaccine_010,vaccine,key_value,final_vaccine_037,vaccine,markdown,same_db_different_format,0.3284220646390475,low
final_vaccine_011,vaccine,key_value,final_vaccine_025,vaccine,key_value,same_db_same_format,0.6522606512364886,medium
final_vaccine_012,vaccine,key_value,final_vaccine_056,vaccine,key_value,same_db_same_format,0.3550330558059361,low
final_vaccine_013,vaccine,csv_or_mixed,final_vaccine_028,vaccine,csv_or_mixed,same_db_same_format,0.4431277624342815,low
final_vaccine_014,vaccine,csv_or_mixed,final_vaccine_043,vaccine,csv_or_mixed,same_db_same_format,0.24885057331405522,low
final_vaccine_015,vaccine,csv_or_mixed,final_vaccine_026,vaccine,key_value,same_db_different_format,0.37738114984874993,low
final_vaccine_016,vaccine,free_text,final_vaccine_031,vaccine,free_text,same_db_same_format,0.39898749051718274,low
final_vaccine_017,vaccine,free_text,final_vaccine_031,vaccine,free_text,same_db_same_format,0.40920404448892916,low
final_vaccine_018,vaccine,free_text,final_vaccine_039,vaccine,markdown,same_db_different_format,0.4162105517534931,low
final_vaccine_019,vaccine,json,final_vaccine_005,vaccine,json,same_db_same_format,0.5803165804539424,medium
final_vaccine_020,vaccine,json,final_archeology_020,archeology,json,different_db,0.3540207417842261,low
final_vaccine_021,vaccine,json,final_vaccine_036,vaccine,json,same_db_same_format,0.4910935453225608,low
final_vaccine_022,vaccine,markdown,final_vaccine_053,vaccine,markdown,same_db_same_format,0.4360369758182805,low
final_vaccine_023,vaccine,markdown,final_vaccine_007,vaccine,markdown,same_db_same_format,0.44686424772783695,low
final_vaccine_024,vaccine,markdown,final_vaccine_057,vaccine,key_value,same_db_different_format,0.4176671917532665,low
final_vaccine_025,vaccine,key_value,final_vaccine_011,vaccine,key_value,same_db_same_format,0.6522606512364886,medium
final_vaccine_026,vaccine,key_value,final_vaccine_015,vaccine,csv_or_mixed,same_db_different_format,0.37738114984874993,low
final_vaccine_027,vaccine,key_value,final_vaccine_009,vaccine,markdown,same_db_different_format,0.3904121533168453,low
final_vaccine_028,vaccine,csv_or_mixed,final_vaccine_013,vaccine,csv_or_mixed,same_db_same_format,0.4431277624342815,low
final_vaccine_029,vaccine,csv_or_mixed,final_vaccine_011,vaccine,key_value,same_db_different_format,0.33523546090164286,low
final_vaccine_030,vaccine,csv_or_mixed,final_vaccine_059,vaccine,csv_or_mixed,same_db_same_format,0.23605649685112784,low
final_vaccine_031,vaccine,free_text,final_vaccine_017,vaccine,free_text,same_db_same_format,0.40920404448892916,low
final_vaccine_032,vaccine,free_text,final_vaccine_047,vaccine,free_text,same_db_same_format,0.18468807469614498,low
final_vaccine_033,vaccine,free_text,final_vaccine_003,vaccine,free_text,same_db_same_format,0.37587243371134776,low
final_vaccine_034,vaccine,json,final_vaccine_006,vaccine,json,same_db_same_format,0.3668905114928906,low
final_vaccine_035,vaccine,json,final_vaccine_004,vaccine,json,same_db_same_format,0.4867336314281497,low
final_vaccine_036,vaccine,json,final_vaccine_005,vaccine,json,same_db_same_format,0.4911113375855048,low
final_vaccine_037,vaccine,markdown,final_vaccine_024,vaccine,markdown,same_db_same_format,0.36474044825366786,low
final_vaccine_038,vaccine,markdown,final_vaccine_022,vaccine,markdown,same_db_same_format,0.4227454148391547,low
final_vaccine_039,vaccine,markdown,final_vaccine_018,vaccine,free_text,same_db_different_format,0.4162105517534931,low
final_vaccine_040,vaccine,key_value,final_vaccine_034,vaccine,json,same_db_different_format,0.27187984019697137,low
final_vaccine_041,vaccine,key_value,final_vaccine_042,vaccine,key_value,same_db_same_format,0.43861269060682617,low
final_vaccine_042,vaccine,key_value,final_vaccine_041,vaccine,key_value,same_db_same_format,0.43861269060682617,low
final_vaccine_043,vaccine,csv_or_mixed,final_vaccine_014,vaccine,csv_or_mixed,same_db_same_format,0.24885057331405522,low
final_vaccine_044,vaccine,csv_or_mixed,final_vaccine_060,vaccine,csv_or_mixed,same_db_same_format,0.23427906876715962,low
final_vaccine_045,vaccine,csv_or_mixed,final_vaccine_058,vaccine,csv_or_mixed,same_db_same_format,0.34285156325067645,low
final_vaccine_046,vaccine,free_text,final_virtual_001,virtual,free_text,different_db,0.236171968411156,low
final_vaccine_047,vaccine,free_text,final_vaccine_002,vaccine,free_text,same_db_same_format,0.3443484691869675,low
final_vaccine_048,vaccine,free_text,final_vaccine_033,vaccine,free_text,same_db_same_format,0.2698726775632557,low
final_vaccine_049,vaccine,json,final_vaccine_004,vaccine,json,same_db_same_format,0.5121389573678282,medium
final_vaccine_050,vaccine,json,final_vaccine_005,vaccine,json,same_db_same_format,0.5305603150999445,medium
final_vaccine_051,vaccine,json,final_vaccine_036,vaccine,json,same_db_same_format,0.37568705382204814,low
final_vaccine_052,vaccine,markdown,final_vaccine_023,vaccine,markdown,same_db_same_format,0.4004716897012866,low
final_vaccine_053,vaccine,markdown,final_vaccine_022,vaccine,markdown,same_db_same_format,0.4360369758182805,low
final_vaccine_054,vaccine,markdown,final_vaccine_009,vaccine,markdown,same_db_same_format,0.552264235729546,medium
final_vaccine_055,vaccine,key_value,final_vaccine_013,vaccine,csv_or_mixed,same_db_different_format,0.1742534236901654,low
final_vaccine_056,vaccine,key_value,final_vaccine_012,vaccine,key_value,same_db_same_format,0.3550330558059361,low
final_vaccine_057,vaccine,key_value,final_vaccine_024,vaccine,markdown,same_db_different_format,0.4176671917532665,low
final_vaccine_058,vaccine,csv_or_mixed,final_vaccine_045,vaccine,csv_or_mixed,same_db_same_format,0.34285156325067645,low
final_vaccine_059,vaccine,csv_or_mixed,final_vaccine_052,vaccine,markdown,same_db_different_format,0.30318711019273376,low
final_vaccine_060,vaccine,csv_or_mixed,final_vaccine_027,vaccine,key_value,same_db_different_format,0.2761456850375081,low
final_virtual_001,virtual,free_text,final_vaccine_046,vaccine,free_text,different_db,0.236171968411156,low
final_virtual_002,virtual,free_text,final_virtual_047,virtual,free_text,same_db_same_format,0.4650306733148586,low
final_virtual_003,virtual,free_text,final_virtual_048,virtual,free_text,same_db_same_format,0.43384933698458933,low
final_virtual_004,virtual,json,final_virtual_021,virtual,json,same_db_same_format,0.6373179204340873,medium
final_virtual_005,virtual,json,final_virtual_035,virtual,json,same_db_same_format,0.6069517143567433,medium
final_virtual_006,virtual,json,final_virtual_005,virtual,json,same_db_same_format,0.322118554737575,low
final_virtual_007,virtual,markdown,final_virtual_023,virtual,markdown,same_db_same_format,0.38071358290740503,low
final_virtual_008,virtual,markdown,final_virtual_053,virtual,markdown,same_db_same_format,0.41971212483683273,low
final_virtual_009,virtual,markdown,final_virtual_024,virtual,markdown,same_db_same_format,0.5915293572917707,medium
final_virtual_010,virtual,key_value,final_virtual_056,virtual,key_value,same_db_same_format,0.407766257195329,low
final_virtual_011,virtual,key_value,final_virtual_057,virtual,key_value,same_db_same_format,0.45511270152602973,low
final_virtual_012,virtual,key_value,final_virtual_027,virtual,key_value,same_db_same_format,0.44352971758759235,low
final_virtual_013,virtual,csv_or_mixed,final_virtual_045,virtual,csv_or_mixed,same_db_same_format,0.15021548364694115,low
final_virtual_014,virtual,csv_or_mixed,final_virtual_059,virtual,csv_or_mixed,same_db_same_format,0.41701192784221486,low
final_virtual_015,virtual,csv_or_mixed,final_virtual_021,virtual,json,same_db_different_format,0.337050334474371,low
final_virtual_016,virtual,free_text,final_virtual_017,virtual,free_text,same_db_same_format,0.3756612284628892,low
final_virtual_017,virtual,free_text,final_virtual_002,virtual,free_text,same_db_same_format,0.38839326495478893,low
final_virtual_018,virtual,free_text,final_virtual_054,virtual,markdown,same_db_different_format,0.3499156582642202,low
final_virtual_019,virtual,json,final_virtual_036,virtual,json,same_db_same_format,0.5832391589273286,medium
final_virtual_020,virtual,json,final_virtual_050,virtual,json,same_db_same_format,0.24971486503296028,low
final_virtual_021,virtual,json,final_virtual_004,virtual,json,same_db_same_format,0.6373179204340873,medium
final_virtual_022,virtual,markdown,final_virtual_010,virtual,key_value,same_db_different_format,0.2561372572252631,low
final_virtual_023,virtual,markdown,final_virtual_007,virtual,markdown,same_db_same_format,0.38071358290740503,low
final_virtual_024,virtual,markdown,final_virtual_009,virtual,markdown,same_db_same_format,0.5915293572917707,medium
final_virtual_025,virtual,key_value,final_virtual_033,virtual,free_text,same_db_different_format,0.18762227265985787,low
final_virtual_026,virtual,key_value,final_virtual_042,virtual,key_value,same_db_same_format,0.24424593017012663,low
final_virtual_027,virtual,key_value,final_virtual_012,virtual,key_value,same_db_same_format,0.44352971758759235,low
final_virtual_028,virtual,csv_or_mixed,final_virtual_059,virtual,csv_or_mixed,same_db_same_format,0.37602330258420835,low
final_virtual_029,virtual,csv_or_mixed,final_virtual_041,virtual,key_value,same_db_different_format,0.4414971402139202,low
final_virtual_030,virtual,csv_or_mixed,final_virtual_003,virtual,free_text,same_db_different_format,0.2655061137204305,low
final_virtual_031,virtual,free_text,final_virtual_016,virtual,free_text,same_db_same_format,0.2848287039161663,low
final_virtual_032,virtual,free_text,final_virtual_053,virtual,markdown,same_db_different_format,0.42461956149913377,low
final_virtual_033,virtual,free_text,final_virtual_048,virtual,free_text,same_db_same_format,0.3549853090633152,low
final_virtual_034,virtual,json,final_virtual_058,virtual,csv_or_mixed,same_db_different_format,0.30781353440410575,low
final_virtual_035,virtual,json,final_virtual_005,virtual,json,same_db_same_format,0.6069517143567433,medium
final_virtual_036,virtual,json,final_virtual_019,virtual,json,same_db_same_format,0.5832391589273286,medium
final_virtual_037,virtual,markdown,final_virtual_051,virtual,json,same_db_different_format,0.23266891995078848,low
final_virtual_038,virtual,markdown,final_virtual_054,virtual,markdown,same_db_same_format,0.3675168094245585,low
final_virtual_039,virtual,markdown,final_virtual_060,virtual,csv_or_mixed,same_db_different_format,0.4290192132712443,low
final_virtual_040,virtual,key_value,final_virtual_056,virtual,key_value,same_db_same_format,0.33269591830772943,low
final_virtual_041,virtual,key_value,final_virtual_056,virtual,key_value,same_db_same_format,0.5871293048040158,medium
final_virtual_042,virtual,key_value,final_virtual_026,virtual,key_value,same_db_same_format,0.24424593017012663,low
final_virtual_043,virtual,csv_or_mixed,final_virtual_044,virtual,csv_or_mixed,same_db_same_format,0.2999153313985031,low
final_virtual_044,virtual,csv_or_mixed,final_virtual_059,virtual,csv_or_mixed,same_db_same_format,0.3388639462264106,low
final_virtual_045,virtual,csv_or_mixed,final_virtual_024,virtual,markdown,same_db_different_format,0.21816044938995532,low
final_virtual_046,virtual,free_text,final_virtual_022,virtual,markdown,same_db_different_format,0.22065599849610554,low
final_virtual_047,virtual,free_text,final_virtual_002,virtual,free_text,same_db_same_format,0.4650306733148586,low
final_virtual_048,virtual,free_text,final_virtual_003,virtual,free_text,same_db_same_format,0.43384933698458933,low
final_virtual_049,virtual,json,final_virtual_004,virtual,json,same_db_same_format,0.4493265948353851,low
final_virtual_050,virtual,json,final_virtual_036,virtual,json,same_db_same_format,0.43977808186680345,low
final_virtual_051,virtual,json,final_virtual_037,virtual,markdown,same_db_different_format,0.23266891995078848,low
final_virtual_052,virtual,markdown,final_virtual_022,virtual,markdown,same_db_same_format,0.23094871891873764,low
final_virtual_053,virtual,markdown,final_virtual_032,virtual,free_text,same_db_different_format,0.42461956149913377,low
final_virtual_054,virtual,markdown,final_virtual_038,virtual,markdown,same_db_same_format,0.3675168094245585,low
final_virtual_055,virtual,key_value,final_virtual_036,virtual,json,same_db_different_format,0.20038582646780906,low
final_virtual_056,virtual,key_value,final_virtual_041,virtual,key_value,same_db_same_format,0.5871293048040158,medium
final_virtual_057,virtual,key_value,final_virtual_011,virtual,key_value,same_db_same_format,0.45511270152602973,low
final_virtual_058,virtual,csv_or_mixed,final_virtual_034,virtual,json,same_db_different_format,0.30781353440410575,low
final_virtual_059,virtual,csv_or_mixed,final_virtual_014,virtual,csv_or_mixed,same_db_same_format,0.41701192784221486,low
final_virtual_060,virtual,csv_or_mixed,final_virtual_039,virtual,markdown,same_db_different_format,0.4290192132712443,low
